[2026-09-10T09:41:11.464+0000] {manager.py:483} INFO - Processing files using up to 2 processes at a time 
[2026-09-10T09:41:11.465+0000] {manager.py:484} INFO - Process each file at most once every 30 seconds
[2026-09-10T09:41:11.465+0000] {manager.py:485} INFO - Checking for new files in /opt/airflow/dags every 300 seconds
[2026-09-10T09:41:11.466+0000] {manager.py:821} INFO - Searching for files in /opt/airflow/dags
[2026-09-10T09:41:11.469+0000] {manager.py:824} INFO - There are 0 files in /opt/airflow/dags
[2026-09-10T09:46:11.963+0000] {manager.py:821} INFO - Searching for files in /opt/airflow/dags
[2026-09-10T09:46:11.972+0000] {manager.py:824} INFO - There are 0 files in /opt/airflow/dags
[2026-09-10T09:46:12.692+0000] {manager.py:465} INFO - Exiting gracefully upon receiving signal 15
[2026-09-10T09:54:20.993+0000] {manager.py:483} INFO - Processing files using up to 2 processes at a time 
[2026-09-10T09:54:20.994+0000] {manager.py:484} INFO - Process each file at most once every 30 seconds
[2026-09-10T09:54:20.995+0000] {manager.py:485} INFO - Checking for new files in /opt/airflow/dags every 300 seconds
[2026-09-10T09:54:20.996+0000] {manager.py:821} INFO - Searching for files in /opt/airflow/dags
[2026-09-10T09:54:20.999+0000] {manager.py:824} INFO - There are 0 files in /opt/airflow/dags
[2026-09-10T09:59:21.498+0000] {manager.py:821} INFO - Searching for files in /opt/airflow/dags
[2026-09-10T09:59:21.501+0000] {manager.py:824} INFO - There are 0 files in /opt/airflow/dags
[2026-09-10T10:04:21.968+0000] {manager.py:821} INFO - Searching for files in /opt/airflow/dags
[2026-09-10T10:04:21.978+0000] {manager.py:824} INFO - There are 0 files in /opt/airflow/dags
[2026-09-10T10:09:22.057+0000] {manager.py:821} INFO - Searching for files in /opt/airflow/dags
[2026-09-10T10:09:22.065+0000] {manager.py:824} INFO - There are 0 files in /opt/airflow/dags
[2026-09-10T10:14:22.731+0000] {manager.py:821} INFO - Searching for files in /opt/airflow/dags
[2026-09-10T10:14:22.751+0000] {manager.py:824} INFO - There are 0 files in /opt/airflow/dags
[2026-09-10T10:19:23.406+0000] {manager.py:821} INFO - Searching for files in /opt/airflow/dags
[2026-09-10T10:19:23.416+0000] {manager.py:824} INFO - There are 0 files in /opt/airflow/dags
[2026-09-10T10:24:24.151+0000] {manager.py:821} INFO - Searching for files in /opt/airflow/dags
[2026-09-10T10:24:24.192+0000] {manager.py:824} INFO - There are 1 files in /opt/airflow/dags
[2026-09-10T10:24:34.190+0000] {manager.py:997} INFO - 
================================================================================
DAG File Processing Stats

File Path                      PID    Runtime      # DAGs    # Errors  Last Runtime    Last Run               Last # of DB Queries
-----------------------------  -----  ---------  --------  ----------  --------------  -------------------  ----------------------
/opt/airflow/dags/pipeline.py                           0           1  0.42s           2026-09-10T10:24:25                       3
================================================================================
[2026-09-10T10:25:04.593+0000] {manager.py:997} INFO - 
================================================================================
DAG File Processing Stats

File Path                      PID    Runtime      # DAGs    # Errors  Last Runtime    Last Run               Last # of DB Queries
-----------------------------  -----  ---------  --------  ----------  --------------  -------------------  ----------------------
/opt/airflow/dags/pipeline.py                           0           1  0.21s           2026-09-10T10:24:55                       5
================================================================================
[2026-09-10T10:25:35.102+0000] {manager.py:997} INFO - 
================================================================================
DAG File Processing Stats

File Path                      PID    Runtime      # DAGs    # Errors  Last Runtime    Last Run               Last # of DB Queries
-----------------------------  -----  ---------  --------  ----------  --------------  -------------------  ----------------------
/opt/airflow/dags/pipeline.py                           0           1  0.22s           2026-09-10T10:25:26                       5
================================================================================
[2026-09-10T10:26:05.480+0000] {manager.py:997} INFO - 
================================================================================
DAG File Processing Stats

File Path                      PID    Runtime      # DAGs    # Errors  Last Runtime    Last Run               Last # of DB Queries
-----------------------------  -----  ---------  --------  ----------  --------------  -------------------  ----------------------
/opt/airflow/dags/pipeline.py                           0           1  0.19s           2026-09-10T10:25:56                       5
================================================================================
[2026-09-10T10:26:35.993+0000] {manager.py:997} INFO - 
================================================================================
DAG File Processing Stats

File Path                      PID    Runtime      # DAGs    # Errors  Last Runtime    Last Run               Last # of DB Queries
-----------------------------  -----  ---------  --------  ----------  --------------  -------------------  ----------------------
/opt/airflow/dags/pipeline.py                           1           0  0.25s           2026-09-10T10:26:29                       9
================================================================================
[2026-09-10T10:27:06.579+0000] {manager.py:997} INFO - 
================================================================================
DAG File Processing Stats

File Path                      PID    Runtime      # DAGs    # Errors  Last Runtime    Last Run               Last # of DB Queries
-----------------------------  -----  ---------  --------  ----------  --------------  -------------------  ----------------------
/opt/airflow/dags/pipeline.py                           1           0  0.30s           2026-09-10T10:26:59                      10
================================================================================
[2026-09-10T10:27:37.025+0000] {manager.py:997} INFO - 
================================================================================
DAG File Processing Stats

File Path                      PID    Runtime      # DAGs    # Errors  Last Runtime    Last Run               Last # of DB Queries
-----------------------------  -----  ---------  --------  ----------  --------------  -------------------  ----------------------
/opt/airflow/dags/pipeline.py                           1           0  0.25s           2026-09-10T10:27:30                      10
================================================================================
[2026-09-10T10:28:07.111+0000] {manager.py:997} INFO - 
================================================================================
DAG File Processing Stats

File Path                      PID    Runtime      # DAGs    # Errors  Last Runtime    Last Run               Last # of DB Queries
-----------------------------  -----  ---------  --------  ----------  --------------  -------------------  ----------------------
/opt/airflow/dags/pipeline.py                           1           0  0.75s           2026-09-10T10:28:01                      10
================================================================================
[2026-09-10T10:28:37.458+0000] {manager.py:997} INFO - 
================================================================================
DAG File Processing Stats

File Path                      PID    Runtime      # DAGs    # Errors  Last Runtime    Last Run               Last # of DB Queries
-----------------------------  -----  ---------  --------  ----------  --------------  -------------------  ----------------------
/opt/airflow/dags/pipeline.py                           1           0  0.25s           2026-09-10T10:28:31                      10
================================================================================
[2026-09-10T10:29:08.017+0000] {manager.py:997} INFO - 
================================================================================
DAG File Processing Stats

File Path                      PID    Runtime      # DAGs    # Errors  Last Runtime    Last Run               Last # of DB Queries
-----------------------------  -----  ---------  --------  ----------  --------------  -------------------  ----------------------
/opt/airflow/dags/pipeline.py                           1           0  0.29s           2026-09-10T10:29:02                      10
================================================================================
[2026-09-10T10:29:24.192+0000] {manager.py:821} INFO - Searching for files in /opt/airflow/dags
[2026-09-10T10:29:24.252+0000] {manager.py:824} INFO - There are 1 files in /opt/airflow/dags
[2026-09-10T10:29:38.498+0000] {manager.py:997} INFO - 
================================================================================
DAG File Processing Stats

File Path                      PID    Runtime      # DAGs    # Errors  Last Runtime    Last Run               Last # of DB Queries
-----------------------------  -----  ---------  --------  ----------  --------------  -------------------  ----------------------
/opt/airflow/dags/pipeline.py                           1           0  0.34s           2026-09-10T10:29:32                      10
================================================================================
[2026-09-10T10:30:08.848+0000] {manager.py:997} INFO - 
================================================================================
DAG File Processing Stats

File Path                      PID    Runtime      # DAGs    # Errors  Last Runtime    Last Run               Last # of DB Queries
-----------------------------  -----  ---------  --------  ----------  --------------  -------------------  ----------------------
/opt/airflow/dags/pipeline.py                           1           0  0.29s           2026-09-10T10:30:03                      10
================================================================================
[2026-09-10T10:30:39.454+0000] {manager.py:997} INFO - 
================================================================================
DAG File Processing Stats

File Path                      PID    Runtime      # DAGs    # Errors  Last Runtime    Last Run               Last # of DB Queries
-----------------------------  -----  ---------  --------  ----------  --------------  -------------------  ----------------------
/opt/airflow/dags/pipeline.py                           1           0  0.26s           2026-09-10T10:30:33                      10
================================================================================
[2026-09-10T10:31:09.828+0000] {manager.py:997} INFO - 
================================================================================
DAG File Processing Stats

File Path                      PID    Runtime      # DAGs    # Errors  Last Runtime    Last Run               Last # of DB Queries
-----------------------------  -----  ---------  --------  ----------  --------------  -------------------  ----------------------
/opt/airflow/dags/pipeline.py                           1           0  0.64s           2026-09-10T10:31:04                      10
================================================================================
[2026-09-10T10:31:40.113+0000] {manager.py:997} INFO - 
================================================================================
DAG File Processing Stats

File Path                      PID    Runtime      # DAGs    # Errors  Last Runtime    Last Run               Last # of DB Queries
-----------------------------  -----  ---------  --------  ----------  --------------  -------------------  ----------------------
/opt/airflow/dags/pipeline.py                           1           0  0.30s           2026-09-10T10:31:35                      10
================================================================================
[2026-09-10T10:32:10.156+0000] {manager.py:997} INFO - 
================================================================================
DAG File Processing Stats

File Path                      PID    Runtime      # DAGs    # Errors  Last Runtime    Last Run               Last # of DB Queries
-----------------------------  -----  ---------  --------  ----------  --------------  -------------------  ----------------------
/opt/airflow/dags/pipeline.py                           1           0  0.25s           2026-09-10T10:32:05                      10
================================================================================
[2026-09-10T10:32:40.716+0000] {manager.py:997} INFO - 
================================================================================
DAG File Processing Stats

File Path                      PID    Runtime      # DAGs    # Errors  Last Runtime    Last Run               Last # of DB Queries
-----------------------------  -----  ---------  --------  ----------  --------------  -------------------  ----------------------
/opt/airflow/dags/pipeline.py                           1           0  0.28s           2026-09-10T10:32:35                      10
================================================================================
[2026-09-10T10:33:11.104+0000] {manager.py:997} INFO - 
================================================================================
DAG File Processing Stats

File Path                      PID    Runtime      # DAGs    # Errors  Last Runtime    Last Run               Last # of DB Queries
-----------------------------  -----  ---------  --------  ----------  --------------  -------------------  ----------------------
/opt/airflow/dags/pipeline.py                           1           0  0.28s           2026-09-10T10:33:06                      10
================================================================================
[2026-09-10T10:33:41.670+0000] {manager.py:997} INFO - 
================================================================================
DAG File Processing Stats

File Path                      PID    Runtime      # DAGs    # Errors  Last Runtime    Last Run               Last # of DB Queries
-----------------------------  -----  ---------  --------  ----------  --------------  -------------------  ----------------------
/opt/airflow/dags/pipeline.py                           1           0  0.27s           2026-09-10T10:33:36                      10
================================================================================
[2026-09-10T10:34:11.726+0000] {manager.py:997} INFO - 
================================================================================
DAG File Processing Stats

File Path                      PID    Runtime      # DAGs    # Errors  Last Runtime    Last Run               Last # of DB Queries
-----------------------------  -----  ---------  --------  ----------  --------------  -------------------  ----------------------
/opt/airflow/dags/pipeline.py                           1           0  0.72s           2026-09-10T10:34:07                      10
================================================================================
[2026-09-10T10:34:24.865+0000] {manager.py:821} INFO - Searching for files in /opt/airflow/dags
[2026-09-10T10:34:24.899+0000] {manager.py:824} INFO - There are 1 files in /opt/airflow/dags
[2026-09-10T10:34:42.137+0000] {manager.py:997} INFO - 
================================================================================
DAG File Processing Stats

File Path                      PID    Runtime      # DAGs    # Errors  Last Runtime    Last Run               Last # of DB Queries
-----------------------------  -----  ---------  --------  ----------  --------------  -------------------  ----------------------
/opt/airflow/dags/pipeline.py                           1           0  0.27s           2026-09-10T10:34:38                      10
================================================================================
[2026-09-10T10:35:12.312+0000] {manager.py:997} INFO - 
================================================================================
DAG File Processing Stats

File Path                      PID    Runtime      # DAGs    # Errors  Last Runtime    Last Run               Last # of DB Queries
-----------------------------  -----  ---------  --------  ----------  --------------  -------------------  ----------------------
/opt/airflow/dags/pipeline.py                           1           0  0.29s           2026-09-10T10:35:10                      10
================================================================================
[2026-09-10T10:35:42.636+0000] {manager.py:997} INFO - 
================================================================================
DAG File Processing Stats

File Path                      PID    Runtime      # DAGs    # Errors  Last Runtime    Last Run               Last # of DB Queries
-----------------------------  -----  ---------  --------  ----------  --------------  -------------------  ----------------------
/opt/airflow/dags/pipeline.py                           1           0  0.26s           2026-09-10T10:35:40                      10
================================================================================
[2026-09-10T10:36:13.050+0000] {manager.py:997} INFO - 
================================================================================
DAG File Processing Stats

File Path                      PID    Runtime      # DAGs    # Errors  Last Runtime    Last Run               Last # of DB Queries
-----------------------------  -----  ---------  --------  ----------  --------------  -------------------  ----------------------
/opt/airflow/dags/pipeline.py                           1           0  0.25s           2026-09-10T10:36:11                      10
================================================================================
[2026-09-10T10:36:43.591+0000] {manager.py:997} INFO - 
================================================================================
DAG File Processing Stats

File Path                      PID    Runtime      # DAGs    # Errors  Last Runtime    Last Run               Last # of DB Queries
-----------------------------  -----  ---------  --------  ----------  --------------  -------------------  ----------------------
/opt/airflow/dags/pipeline.py                           1           0  0.55s           2026-09-10T10:36:41                      10
================================================================================
[2026-09-10T10:37:13.816+0000] {manager.py:997} INFO - 
================================================================================
DAG File Processing Stats

File Path                      PID    Runtime      # DAGs    # Errors  Last Runtime    Last Run               Last # of DB Queries
-----------------------------  -----  ---------  --------  ----------  --------------  -------------------  ----------------------
/opt/airflow/dags/pipeline.py                           1           0  0.47s           2026-09-10T10:37:12                      10
================================================================================
[2026-09-10T10:37:44.173+0000] {manager.py:997} INFO - 
================================================================================
DAG File Processing Stats

File Path                      PID    Runtime      # DAGs    # Errors  Last Runtime    Last Run               Last # of DB Queries
-----------------------------  -----  ---------  --------  ----------  --------------  -------------------  ----------------------
/opt/airflow/dags/pipeline.py                           1           0  0.25s           2026-09-10T10:37:43                      10
================================================================================
[2026-09-10T10:38:14.719+0000] {manager.py:997} INFO - 
================================================================================
DAG File Processing Stats

File Path                      PID    Runtime      # DAGs    # Errors  Last Runtime    Last Run               Last # of DB Queries
-----------------------------  -----  ---------  --------  ----------  --------------  -------------------  ----------------------
/opt/airflow/dags/pipeline.py                           1           0  0.23s           2026-09-10T10:38:13                      10
================================================================================
[2026-09-10T10:38:45.090+0000] {manager.py:997} INFO - 
================================================================================
DAG File Processing Stats

File Path                      PID    Runtime      # DAGs    # Errors  Last Runtime    Last Run               Last # of DB Queries
-----------------------------  -----  ---------  --------  ----------  --------------  -------------------  ----------------------
/opt/airflow/dags/pipeline.py                           1           0  0.25s           2026-09-10T10:38:44                      10
================================================================================
[2026-09-10T10:39:15.641+0000] {manager.py:997} INFO - 
================================================================================
DAG File Processing Stats

File Path                      PID    Runtime      # DAGs    # Errors  Last Runtime    Last Run               Last # of DB Queries
-----------------------------  -----  ---------  --------  ----------  --------------  -------------------  ----------------------
/opt/airflow/dags/pipeline.py                           1           0  0.36s           2026-09-10T10:39:14                      10
================================================================================
[2026-09-10T10:39:24.893+0000] {manager.py:821} INFO - Searching for files in /opt/airflow/dags
[2026-09-10T10:39:24.934+0000] {manager.py:824} INFO - There are 1 files in /opt/airflow/dags
[2026-09-10T10:39:46.188+0000] {manager.py:997} INFO - 
================================================================================
DAG File Processing Stats

File Path                      PID    Runtime      # DAGs    # Errors  Last Runtime    Last Run               Last # of DB Queries
-----------------------------  -----  ---------  --------  ----------  --------------  -------------------  ----------------------
/opt/airflow/dags/pipeline.py                           1           0  0.49s           2026-09-10T10:39:45                      10
================================================================================
[2026-09-10T10:40:16.530+0000] {manager.py:997} INFO - 
================================================================================
DAG File Processing Stats

File Path                      PID    Runtime      # DAGs    # Errors  Last Runtime    Last Run               Last # of DB Queries
-----------------------------  -----  ---------  --------  ----------  --------------  -------------------  ----------------------
/opt/airflow/dags/pipeline.py                           1           0  0.25s           2026-09-10T10:40:15                      10
================================================================================
[2026-09-10T10:40:47.085+0000] {manager.py:997} INFO - 
================================================================================
DAG File Processing Stats

File Path                      PID    Runtime      # DAGs    # Errors  Last Runtime    Last Run               Last # of DB Queries
-----------------------------  -----  ---------  --------  ----------  --------------  -------------------  ----------------------
/opt/airflow/dags/pipeline.py                           1           0  0.38s           2026-09-10T10:40:46                      10
================================================================================
[2026-09-10T10:41:17.581+0000] {manager.py:997} INFO - 
================================================================================
DAG File Processing Stats

File Path                      PID    Runtime      # DAGs    # Errors  Last Runtime    Last Run               Last # of DB Queries
-----------------------------  -----  ---------  --------  ----------  --------------  -------------------  ----------------------
/opt/airflow/dags/pipeline.py                           1           0  0.29s           2026-09-10T10:41:16                      10
================================================================================
[2026-09-10T10:41:48.005+0000] {manager.py:997} INFO - 
================================================================================
DAG File Processing Stats

File Path                      PID    Runtime      # DAGs    # Errors  Last Runtime    Last Run               Last # of DB Queries
-----------------------------  -----  ---------  --------  ----------  --------------  -------------------  ----------------------
/opt/airflow/dags/pipeline.py                           1           0  0.21s           2026-09-10T10:41:47                      10
================================================================================
[2026-09-10T10:42:18.470+0000] {manager.py:997} INFO - 
================================================================================
DAG File Processing Stats

File Path                      PID    Runtime      # DAGs    # Errors  Last Runtime    Last Run               Last # of DB Queries
-----------------------------  -----  ---------  --------  ----------  --------------  -------------------  ----------------------
/opt/airflow/dags/pipeline.py                           1           0  0.57s           2026-09-10T10:42:17                      10
================================================================================
[2026-09-10T10:42:48.785+0000] {manager.py:997} INFO - 
================================================================================
DAG File Processing Stats

File Path                      PID    Runtime      # DAGs    # Errors  Last Runtime    Last Run               Last # of DB Queries
-----------------------------  -----  ---------  --------  ----------  --------------  -------------------  ----------------------
/opt/airflow/dags/pipeline.py                           1           0  0.46s           2026-09-10T10:42:48                      10
================================================================================
[2026-09-10T10:43:19.131+0000] {manager.py:997} INFO - 
================================================================================
DAG File Processing Stats

File Path                        PID  Runtime      # DAGs    # Errors  Last Runtime    Last Run               Last # of DB Queries
-----------------------------  -----  ---------  --------  ----------  --------------  -------------------  ----------------------
/opt/airflow/dags/pipeline.py    102  0.01s             1           0  0.46s           2026-09-10T10:42:48                      10
================================================================================
[2026-09-10T10:43:49.501+0000] {manager.py:997} INFO - 
================================================================================
DAG File Processing Stats

File Path                        PID  Runtime      # DAGs    # Errors  Last Runtime    Last Run               Last # of DB Queries
-----------------------------  -----  ---------  --------  ----------  --------------  -------------------  ----------------------
/opt/airflow/dags/pipeline.py    103  0.01s             1           0  0.25s           2026-09-10T10:43:19                      10
================================================================================
[2026-09-10T10:44:20.122+0000] {manager.py:997} INFO - 
================================================================================
DAG File Processing Stats

File Path                        PID  Runtime      # DAGs    # Errors  Last Runtime    Last Run               Last # of DB Queries
-----------------------------  -----  ---------  --------  ----------  --------------  -------------------  ----------------------
/opt/airflow/dags/pipeline.py    104  0.01s             1           0  0.26s           2026-09-10T10:43:49                      10
================================================================================
[2026-09-10T10:44:25.202+0000] {manager.py:821} INFO - Searching for files in /opt/airflow/dags
[2026-09-10T10:44:25.237+0000] {manager.py:824} INFO - There are 1 files in /opt/airflow/dags
[2026-09-10T10:44:50.572+0000] {manager.py:997} INFO - 
================================================================================
DAG File Processing Stats

File Path                        PID  Runtime      # DAGs    # Errors  Last Runtime    Last Run               Last # of DB Queries
-----------------------------  -----  ---------  --------  ----------  --------------  -------------------  ----------------------
/opt/airflow/dags/pipeline.py    105  0.02s             1           0  0.26s           2026-09-10T10:44:20                      10
================================================================================
[2026-09-10T10:45:21.080+0000] {manager.py:997} INFO - 
================================================================================
DAG File Processing Stats

File Path                        PID  Runtime      # DAGs    # Errors  Last Runtime    Last Run               Last # of DB Queries
-----------------------------  -----  ---------  --------  ----------  --------------  -------------------  ----------------------
/opt/airflow/dags/pipeline.py    106  0.01s             1           0  0.25s           2026-09-10T10:44:50                      10
================================================================================
[2026-09-10T10:45:51.312+0000] {manager.py:997} INFO - 
================================================================================
DAG File Processing Stats

File Path                      PID    Runtime      # DAGs    # Errors  Last Runtime    Last Run               Last # of DB Queries
-----------------------------  -----  ---------  --------  ----------  --------------  -------------------  ----------------------
/opt/airflow/dags/pipeline.py                           1           0  0.50s           2026-09-10T10:45:48                       9
================================================================================
[2026-09-10T10:46:21.650+0000] {manager.py:997} INFO - 
================================================================================
DAG File Processing Stats

File Path                      PID    Runtime      # DAGs    # Errors  Last Runtime    Last Run               Last # of DB Queries
-----------------------------  -----  ---------  --------  ----------  --------------  -------------------  ----------------------
/opt/airflow/dags/pipeline.py                           1           0  0.25s           2026-09-10T10:46:18                      10
================================================================================
[2026-09-10T10:46:52.230+0000] {manager.py:997} INFO - 
================================================================================
DAG File Processing Stats

File Path                      PID    Runtime      # DAGs    # Errors  Last Runtime    Last Run               Last # of DB Queries
-----------------------------  -----  ---------  --------  ----------  --------------  -------------------  ----------------------
/opt/airflow/dags/pipeline.py                           1           0  0.27s           2026-09-10T10:46:49                      10
================================================================================
[2026-09-10T10:47:22.619+0000] {manager.py:997} INFO - 
================================================================================
DAG File Processing Stats

File Path                      PID    Runtime      # DAGs    # Errors  Last Runtime    Last Run               Last # of DB Queries
-----------------------------  -----  ---------  --------  ----------  --------------  -------------------  ----------------------
/opt/airflow/dags/pipeline.py                           1           0  0.22s           2026-09-10T10:47:19                      10
================================================================================
[2026-09-10T10:47:52.980+0000] {manager.py:997} INFO - 
================================================================================
DAG File Processing Stats

File Path                      PID    Runtime      # DAGs    # Errors  Last Runtime    Last Run               Last # of DB Queries
-----------------------------  -----  ---------  --------  ----------  --------------  -------------------  ----------------------
/opt/airflow/dags/pipeline.py                           1           0  0.27s           2026-09-10T10:47:50                      10
================================================================================
[2026-09-10T10:48:23.564+0000] {manager.py:997} INFO - 
================================================================================
DAG File Processing Stats

File Path                      PID    Runtime      # DAGs    # Errors  Last Runtime    Last Run               Last # of DB Queries
-----------------------------  -----  ---------  --------  ----------  --------------  -------------------  ----------------------
/opt/airflow/dags/pipeline.py                           1           0  0.50s           2026-09-10T10:48:20                      10
================================================================================
[2026-09-10T10:48:53.661+0000] {manager.py:997} INFO - 
================================================================================
DAG File Processing Stats

File Path                      PID    Runtime      # DAGs    # Errors  Last Runtime    Last Run               Last # of DB Queries
-----------------------------  -----  ---------  --------  ----------  --------------  -------------------  ----------------------
/opt/airflow/dags/pipeline.py                           1           0  0.53s           2026-09-10T10:48:51                      10
================================================================================
[2026-09-10T10:49:24.023+0000] {manager.py:997} INFO - 
================================================================================
DAG File Processing Stats

File Path                      PID    Runtime      # DAGs    # Errors  Last Runtime    Last Run               Last # of DB Queries
-----------------------------  -----  ---------  --------  ----------  --------------  -------------------  ----------------------
/opt/airflow/dags/pipeline.py                           1           0  0.24s           2026-09-10T10:49:22                      10
================================================================================
[2026-09-10T10:49:25.273+0000] {manager.py:821} INFO - Searching for files in /opt/airflow/dags
[2026-09-10T10:49:25.412+0000] {manager.py:824} INFO - There are 1 files in /opt/airflow/dags
[2026-09-10T10:49:54.411+0000] {manager.py:997} INFO - 
================================================================================
DAG File Processing Stats

File Path                      PID    Runtime      # DAGs    # Errors  Last Runtime    Last Run               Last # of DB Queries
-----------------------------  -----  ---------  --------  ----------  --------------  -------------------  ----------------------
/opt/airflow/dags/pipeline.py                           1           0  0.25s           2026-09-10T10:49:52                      10
================================================================================
[2026-09-10T10:50:24.996+0000] {manager.py:997} INFO - 
================================================================================
DAG File Processing Stats

File Path                      PID    Runtime      # DAGs    # Errors  Last Runtime    Last Run               Last # of DB Queries
-----------------------------  -----  ---------  --------  ----------  --------------  -------------------  ----------------------
/opt/airflow/dags/pipeline.py                           1           0  0.27s           2026-09-10T10:50:23                      10
================================================================================
[2026-09-10T10:50:55.378+0000] {manager.py:997} INFO - 
================================================================================
DAG File Processing Stats

File Path                      PID    Runtime      # DAGs    # Errors  Last Runtime    Last Run               Last # of DB Queries
-----------------------------  -----  ---------  --------  ----------  --------------  -------------------  ----------------------
/opt/airflow/dags/pipeline.py                           1           0  0.51s           2026-09-10T10:50:53                      10
================================================================================
[2026-09-10T10:51:25.690+0000] {manager.py:997} INFO - 
================================================================================
DAG File Processing Stats

File Path                      PID    Runtime      # DAGs    # Errors  Last Runtime    Last Run               Last # of DB Queries
-----------------------------  -----  ---------  --------  ----------  --------------  -------------------  ----------------------
/opt/airflow/dags/pipeline.py                           1           0  0.54s           2026-09-10T10:51:24                      10
================================================================================
[2026-09-10T10:51:56.173+0000] {manager.py:997} INFO - 
================================================================================
DAG File Processing Stats

File Path                      PID    Runtime      # DAGs    # Errors  Last Runtime    Last Run               Last # of DB Queries
-----------------------------  -----  ---------  --------  ----------  --------------  -------------------  ----------------------
/opt/airflow/dags/pipeline.py                           1           0  0.56s           2026-09-10T10:51:55                      10
================================================================================
[2026-09-10T10:52:26.573+0000] {manager.py:997} INFO - 
================================================================================
DAG File Processing Stats

File Path                      PID    Runtime      # DAGs    # Errors  Last Runtime    Last Run               Last # of DB Queries
-----------------------------  -----  ---------  --------  ----------  --------------  -------------------  ----------------------
/opt/airflow/dags/pipeline.py                           1           0  0.23s           2026-09-10T10:52:10                      10
================================================================================
[2026-09-10T10:52:57.166+0000] {manager.py:997} INFO - 
================================================================================
DAG File Processing Stats

File Path                      PID    Runtime      # DAGs    # Errors  Last Runtime    Last Run               Last # of DB Queries
-----------------------------  -----  ---------  --------  ----------  --------------  -------------------  ----------------------
/opt/airflow/dags/pipeline.py                           1           0  0.28s           2026-09-10T10:52:41                      10
================================================================================
[2026-09-10T10:53:27.565+0000] {manager.py:997} INFO - 
================================================================================
DAG File Processing Stats

File Path                      PID    Runtime      # DAGs    # Errors  Last Runtime    Last Run               Last # of DB Queries
-----------------------------  -----  ---------  --------  ----------  --------------  -------------------  ----------------------
/opt/airflow/dags/pipeline.py                           1           0  0.25s           2026-09-10T10:53:11                      10
================================================================================
[2026-09-10T10:53:58.141+0000] {manager.py:997} INFO - 
================================================================================
DAG File Processing Stats

File Path                      PID    Runtime      # DAGs    # Errors  Last Runtime    Last Run               Last # of DB Queries
-----------------------------  -----  ---------  --------  ----------  --------------  -------------------  ----------------------
/opt/airflow/dags/pipeline.py                           1           0  0.24s           2026-09-10T10:53:41                      10
================================================================================
[2026-09-10T10:54:25.484+0000] {manager.py:821} INFO - Searching for files in /opt/airflow/dags
[2026-09-10T10:54:25.540+0000] {manager.py:824} INFO - There are 1 files in /opt/airflow/dags
[2026-09-10T10:54:28.599+0000] {manager.py:997} INFO - 
================================================================================
DAG File Processing Stats

File Path                      PID    Runtime      # DAGs    # Errors  Last Runtime    Last Run               Last # of DB Queries
-----------------------------  -----  ---------  --------  ----------  --------------  -------------------  ----------------------
/opt/airflow/dags/pipeline.py                           1           0  0.49s           2026-09-10T10:54:12                      10
================================================================================
[2026-09-10T10:54:58.781+0000] {manager.py:997} INFO - 
================================================================================
DAG File Processing Stats

File Path                      PID    Runtime      # DAGs    # Errors  Last Runtime    Last Run               Last # of DB Queries
-----------------------------  -----  ---------  --------  ----------  --------------  -------------------  ----------------------
/opt/airflow/dags/pipeline.py                           1           0  0.44s           2026-09-10T10:54:43                      10
================================================================================
[2026-09-10T10:55:29.123+0000] {manager.py:997} INFO - 
================================================================================
DAG File Processing Stats

File Path                      PID    Runtime      # DAGs    # Errors  Last Runtime    Last Run               Last # of DB Queries
-----------------------------  -----  ---------  --------  ----------  --------------  -------------------  ----------------------
/opt/airflow/dags/pipeline.py                           1           0  0.25s           2026-09-10T10:55:14                      10
================================================================================
[2026-09-10T10:55:59.711+0000] {manager.py:997} INFO - 
================================================================================
DAG File Processing Stats

File Path                      PID    Runtime      # DAGs    # Errors  Last Runtime    Last Run               Last # of DB Queries
-----------------------------  -----  ---------  --------  ----------  --------------  -------------------  ----------------------
/opt/airflow/dags/pipeline.py                           1           0  0.26s           2026-09-10T10:55:44                      10
================================================================================
[2026-09-10T10:56:30.078+0000] {manager.py:997} INFO - 
================================================================================
DAG File Processing Stats

File Path                      PID    Runtime      # DAGs    # Errors  Last Runtime    Last Run               Last # of DB Queries
-----------------------------  -----  ---------  --------  ----------  --------------  -------------------  ----------------------
/opt/airflow/dags/pipeline.py                           1           0  0.27s           2026-09-10T10:56:15                      10
================================================================================
[2026-09-10T10:57:00.729+0000] {manager.py:997} INFO - 
================================================================================
DAG File Processing Stats

File Path                      PID    Runtime      # DAGs    # Errors  Last Runtime    Last Run               Last # of DB Queries
-----------------------------  -----  ---------  --------  ----------  --------------  -------------------  ----------------------
/opt/airflow/dags/pipeline.py                           1           0  0.65s           2026-09-10T10:56:45                      10
================================================================================
[2026-09-10T10:57:31.049+0000] {manager.py:997} INFO - 
================================================================================
DAG File Processing Stats

File Path                      PID    Runtime      # DAGs    # Errors  Last Runtime    Last Run               Last # of DB Queries
-----------------------------  -----  ---------  --------  ----------  --------------  -------------------  ----------------------
/opt/airflow/dags/pipeline.py                           1           0  0.62s           2026-09-10T10:57:16                      10
================================================================================
[2026-09-10T10:58:01.393+0000] {manager.py:997} INFO - 
================================================================================
DAG File Processing Stats

File Path                      PID    Runtime      # DAGs    # Errors  Last Runtime    Last Run               Last # of DB Queries
-----------------------------  -----  ---------  --------  ----------  --------------  -------------------  ----------------------
/opt/airflow/dags/pipeline.py                           1           0  0.27s           2026-09-10T10:57:47                      10
================================================================================
[2026-09-10T10:58:31.752+0000] {manager.py:997} INFO - 
================================================================================
DAG File Processing Stats

File Path                      PID    Runtime      # DAGs    # Errors  Last Runtime    Last Run               Last # of DB Queries
-----------------------------  -----  ---------  --------  ----------  --------------  -------------------  ----------------------
/opt/airflow/dags/pipeline.py                           1           0  0.26s           2026-09-10T10:58:17                      10
================================================================================
[2026-09-10T10:59:02.327+0000] {manager.py:997} INFO - 
================================================================================
DAG File Processing Stats

File Path                      PID    Runtime      # DAGs    # Errors  Last Runtime    Last Run               Last # of DB Queries
-----------------------------  -----  ---------  --------  ----------  --------------  -------------------  ----------------------
/opt/airflow/dags/pipeline.py                           1           0  0.24s           2026-09-10T10:58:48                      10
================================================================================
[2026-09-10T10:59:25.622+0000] {manager.py:821} INFO - Searching for files in /opt/airflow/dags
[2026-09-10T10:59:25.659+0000] {manager.py:824} INFO - There are 1 files in /opt/airflow/dags
[2026-09-10T10:59:32.760+0000] {manager.py:997} INFO - 
================================================================================
DAG File Processing Stats

File Path                      PID    Runtime      # DAGs    # Errors  Last Runtime    Last Run               Last # of DB Queries
-----------------------------  -----  ---------  --------  ----------  --------------  -------------------  ----------------------
/opt/airflow/dags/pipeline.py                           1           0  0.26s           2026-09-10T10:59:18                      10
================================================================================
[2026-09-10T11:00:03.243+0000] {manager.py:997} INFO - 
================================================================================
DAG File Processing Stats

File Path                      PID    Runtime      # DAGs    # Errors  Last Runtime    Last Run               Last # of DB Queries
-----------------------------  -----  ---------  --------  ----------  --------------  -------------------  ----------------------
/opt/airflow/dags/pipeline.py                           1           0  0.46s           2026-09-10T10:59:49                      10
================================================================================
[2026-09-10T11:00:33.889+0000] {manager.py:997} INFO - 
================================================================================
DAG File Processing Stats

File Path                      PID    Runtime      # DAGs    # Errors  Last Runtime    Last Run               Last # of DB Queries
-----------------------------  -----  ---------  --------  ----------  --------------  -------------------  ----------------------
/opt/airflow/dags/pipeline.py                           1           0  0.56s           2026-09-10T11:00:19                      10
================================================================================
[2026-09-10T11:01:04.239+0000] {manager.py:997} INFO - 
================================================================================
DAG File Processing Stats

File Path                      PID    Runtime      # DAGs    # Errors  Last Runtime    Last Run               Last # of DB Queries
-----------------------------  -----  ---------  --------  ----------  --------------  -------------------  ----------------------
/opt/airflow/dags/pipeline.py                           1           0  0.23s           2026-09-10T11:00:50                      10
================================================================================
[2026-09-10T11:01:34.769+0000] {manager.py:997} INFO - 
================================================================================
DAG File Processing Stats

File Path                      PID    Runtime      # DAGs    # Errors  Last Runtime    Last Run               Last # of DB Queries
-----------------------------  -----  ---------  --------  ----------  --------------  -------------------  ----------------------
/opt/airflow/dags/pipeline.py                           1           0  0.28s           2026-09-10T11:01:20                      10
================================================================================
[2026-09-10T11:02:05.177+0000] {manager.py:997} INFO - 
================================================================================
DAG File Processing Stats

File Path                      PID    Runtime      # DAGs    # Errors  Last Runtime    Last Run               Last # of DB Queries
-----------------------------  -----  ---------  --------  ----------  --------------  -------------------  ----------------------
/opt/airflow/dags/pipeline.py                           1           0  0.25s           2026-09-10T11:01:51                      10
================================================================================
[2026-09-10T11:02:35.700+0000] {manager.py:997} INFO - 
================================================================================
DAG File Processing Stats

File Path                      PID    Runtime      # DAGs    # Errors  Last Runtime    Last Run               Last # of DB Queries
-----------------------------  -----  ---------  --------  ----------  --------------  -------------------  ----------------------
/opt/airflow/dags/pipeline.py                           1           0  0.28s           2026-09-10T11:02:21                      10
================================================================================
[2026-09-10T11:03:06.117+0000] {manager.py:997} INFO - 
================================================================================
DAG File Processing Stats

File Path                      PID    Runtime      # DAGs    # Errors  Last Runtime    Last Run               Last # of DB Queries
-----------------------------  -----  ---------  --------  ----------  --------------  -------------------  ----------------------
/opt/airflow/dags/pipeline.py                           1           0  0.59s           2026-09-10T11:02:52                      10
================================================================================
[2026-09-10T11:03:36.432+0000] {manager.py:997} INFO - 
================================================================================
DAG File Processing Stats

File Path                      PID    Runtime      # DAGs    # Errors  Last Runtime    Last Run               Last # of DB Queries
-----------------------------  -----  ---------  --------  ----------  --------------  -------------------  ----------------------
/opt/airflow/dags/pipeline.py                           1           0  0.47s           2026-09-10T11:03:23                      10
================================================================================
[2026-09-10T11:04:06.824+0000] {manager.py:997} INFO - 
================================================================================
DAG File Processing Stats

File Path                      PID    Runtime      # DAGs    # Errors  Last Runtime    Last Run               Last # of DB Queries
-----------------------------  -----  ---------  --------  ----------  --------------  -------------------  ----------------------
/opt/airflow/dags/pipeline.py                           1           0  0.22s           2026-09-10T11:03:53                      10
================================================================================
[2026-09-10T11:04:26.200+0000] {manager.py:821} INFO - Searching for files in /opt/airflow/dags
[2026-09-10T11:04:26.236+0000] {manager.py:824} INFO - There are 1 files in /opt/airflow/dags
[2026-09-10T11:04:37.387+0000] {manager.py:997} INFO - 
================================================================================
DAG File Processing Stats

File Path                      PID    Runtime      # DAGs    # Errors  Last Runtime    Last Run               Last # of DB Queries
-----------------------------  -----  ---------  --------  ----------  --------------  -------------------  ----------------------
/opt/airflow/dags/pipeline.py                           1           0  0.28s           2026-09-10T11:04:24                      10
================================================================================
[2026-09-10T11:05:07.769+0000] {manager.py:997} INFO - 
================================================================================
DAG File Processing Stats

File Path                      PID    Runtime      # DAGs    # Errors  Last Runtime    Last Run               Last # of DB Queries
-----------------------------  -----  ---------  --------  ----------  --------------  -------------------  ----------------------
/opt/airflow/dags/pipeline.py                           1           0  0.26s           2026-09-10T11:04:54                      10
================================================================================
[2026-09-10T11:05:38.310+0000] {manager.py:997} INFO - 
================================================================================
DAG File Processing Stats

File Path                      PID    Runtime      # DAGs    # Errors  Last Runtime    Last Run               Last # of DB Queries
-----------------------------  -----  ---------  --------  ----------  --------------  -------------------  ----------------------
/opt/airflow/dags/pipeline.py                           1           0  0.48s           2026-09-10T11:05:25                      10
================================================================================
[2026-09-10T11:06:08.997+0000] {manager.py:997} INFO - 
================================================================================
DAG File Processing Stats

File Path                      PID    Runtime      # DAGs    # Errors  Last Runtime    Last Run               Last # of DB Queries
-----------------------------  -----  ---------  --------  ----------  --------------  -------------------  ----------------------
/opt/airflow/dags/pipeline.py                           1           0  0.59s           2026-09-10T11:05:56                      10
================================================================================
[2026-09-10T11:06:39.569+0000] {manager.py:997} INFO - 
================================================================================
DAG File Processing Stats

File Path                      PID    Runtime      # DAGs    # Errors  Last Runtime    Last Run               Last # of DB Queries
-----------------------------  -----  ---------  --------  ----------  --------------  -------------------  ----------------------
/opt/airflow/dags/pipeline.py                           1           0  0.62s           2026-09-10T11:06:26                      10
================================================================================
[2026-09-10T11:07:09.900+0000] {manager.py:997} INFO - 
================================================================================
DAG File Processing Stats

File Path                      PID    Runtime      # DAGs    # Errors  Last Runtime    Last Run               Last # of DB Queries
-----------------------------  -----  ---------  --------  ----------  --------------  -------------------  ----------------------
/opt/airflow/dags/pipeline.py                           1           0  0.24s           2026-09-10T11:06:57                      10
================================================================================
[2026-09-10T11:07:40.371+0000] {manager.py:997} INFO - 
================================================================================
DAG File Processing Stats

File Path                      PID    Runtime      # DAGs    # Errors  Last Runtime    Last Run               Last # of DB Queries
-----------------------------  -----  ---------  --------  ----------  --------------  -------------------  ----------------------
/opt/airflow/dags/pipeline.py                           1           0  0.23s           2026-09-10T11:07:28                      10
================================================================================
[2026-09-10T11:08:10.812+0000] {manager.py:997} INFO - 
================================================================================
DAG File Processing Stats

File Path                      PID    Runtime      # DAGs    # Errors  Last Runtime    Last Run               Last # of DB Queries
-----------------------------  -----  ---------  --------  ----------  --------------  -------------------  ----------------------
/opt/airflow/dags/pipeline.py                           1           0  0.24s           2026-09-10T11:07:58                      10
================================================================================
[2026-09-10T11:08:41.289+0000] {manager.py:997} INFO - 
================================================================================
DAG File Processing Stats

File Path                      PID    Runtime      # DAGs    # Errors  Last Runtime    Last Run               Last # of DB Queries
-----------------------------  -----  ---------  --------  ----------  --------------  -------------------  ----------------------
/opt/airflow/dags/pipeline.py                           1           0  0.25s           2026-09-10T11:08:29                      10
================================================================================
[2026-09-10T11:09:11.748+0000] {manager.py:997} INFO - 
================================================================================
DAG File Processing Stats

File Path                      PID    Runtime      # DAGs    # Errors  Last Runtime    Last Run               Last # of DB Queries
-----------------------------  -----  ---------  --------  ----------  --------------  -------------------  ----------------------
/opt/airflow/dags/pipeline.py                           1           0  0.25s           2026-09-10T11:08:59                      10
================================================================================
[2026-09-10T11:09:26.915+0000] {manager.py:821} INFO - Searching for files in /opt/airflow/dags
[2026-09-10T11:09:26.951+0000] {manager.py:824} INFO - There are 1 files in /opt/airflow/dags
[2026-09-10T11:09:42.219+0000] {manager.py:997} INFO - 
================================================================================
DAG File Processing Stats

File Path                      PID    Runtime      # DAGs    # Errors  Last Runtime    Last Run               Last # of DB Queries
-----------------------------  -----  ---------  --------  ----------  --------------  -------------------  ----------------------
/opt/airflow/dags/pipeline.py                           1           0  0.31s           2026-09-10T11:09:30                      10
================================================================================
[2026-09-10T11:10:12.817+0000] {manager.py:997} INFO - 
================================================================================
DAG File Processing Stats

File Path                      PID    Runtime      # DAGs    # Errors  Last Runtime    Last Run               Last # of DB Queries
-----------------------------  -----  ---------  --------  ----------  --------------  -------------------  ----------------------
/opt/airflow/dags/pipeline.py                           1           0  0.27s           2026-09-10T11:10:00                      10
================================================================================
[2026-09-10T11:10:43.201+0000] {manager.py:997} INFO - 
================================================================================
DAG File Processing Stats

File Path                      PID    Runtime      # DAGs    # Errors  Last Runtime    Last Run               Last # of DB Queries
-----------------------------  -----  ---------  --------  ----------  --------------  -------------------  ----------------------
/opt/airflow/dags/pipeline.py                           1           0  0.27s           2026-09-10T11:10:31                      10
================================================================================
[2026-09-10T11:11:13.744+0000] {manager.py:997} INFO - 
================================================================================
DAG File Processing Stats

File Path                      PID    Runtime      # DAGs    # Errors  Last Runtime    Last Run               Last # of DB Queries
-----------------------------  -----  ---------  --------  ----------  --------------  -------------------  ----------------------
/opt/airflow/dags/pipeline.py                           1           0  0.29s           2026-09-10T11:11:01                      10
================================================================================
[2026-09-10T11:11:44.174+0000] {manager.py:997} INFO - 
================================================================================
DAG File Processing Stats

File Path                      PID    Runtime      # DAGs    # Errors  Last Runtime    Last Run               Last # of DB Queries
-----------------------------  -----  ---------  --------  ----------  --------------  -------------------  ----------------------
/opt/airflow/dags/pipeline.py                           1           0  0.25s           2026-09-10T11:11:32                      10
================================================================================
[2026-09-10T11:12:14.687+0000] {manager.py:997} INFO - 
================================================================================
DAG File Processing Stats

File Path                      PID    Runtime      # DAGs    # Errors  Last Runtime    Last Run               Last # of DB Queries
-----------------------------  -----  ---------  --------  ----------  --------------  -------------------  ----------------------
/opt/airflow/dags/pipeline.py                           1           0  0.26s           2026-09-10T11:12:02                      10
================================================================================
[2026-09-10T11:12:45.137+0000] {manager.py:997} INFO - 
================================================================================
DAG File Processing Stats

File Path                      PID    Runtime      # DAGs    # Errors  Last Runtime    Last Run               Last # of DB Queries
-----------------------------  -----  ---------  --------  ----------  --------------  -------------------  ----------------------
/opt/airflow/dags/pipeline.py                           1           0  0.24s           2026-09-10T11:12:33                      10
================================================================================
[2026-09-10T11:13:15.596+0000] {manager.py:997} INFO - 
================================================================================
DAG File Processing Stats

File Path                      PID    Runtime      # DAGs    # Errors  Last Runtime    Last Run               Last # of DB Queries
-----------------------------  -----  ---------  --------  ----------  --------------  -------------------  ----------------------
/opt/airflow/dags/pipeline.py                           1           0  0.23s           2026-09-10T11:13:03                      10
================================================================================
[2026-09-10T11:13:46.030+0000] {manager.py:997} INFO - 
================================================================================
DAG File Processing Stats

File Path                      PID    Runtime      # DAGs    # Errors  Last Runtime    Last Run               Last # of DB Queries
-----------------------------  -----  ---------  --------  ----------  --------------  -------------------  ----------------------
/opt/airflow/dags/pipeline.py                           1           0  0.23s           2026-09-10T11:13:34                      10
================================================================================
[2026-09-10T11:14:16.502+0000] {manager.py:997} INFO - 
================================================================================
DAG File Processing Stats

File Path                      PID    Runtime      # DAGs    # Errors  Last Runtime    Last Run               Last # of DB Queries
-----------------------------  -----  ---------  --------  ----------  --------------  -------------------  ----------------------
/opt/airflow/dags/pipeline.py                           1           0  0.25s           2026-09-10T11:14:04                      10
================================================================================
[2026-09-10T11:14:27.618+0000] {manager.py:821} INFO - Searching for files in /opt/airflow/dags
[2026-09-10T11:14:27.652+0000] {manager.py:824} INFO - There are 1 files in /opt/airflow/dags
[2026-09-10T11:14:46.953+0000] {manager.py:997} INFO - 
================================================================================
DAG File Processing Stats

File Path                      PID    Runtime      # DAGs    # Errors  Last Runtime    Last Run               Last # of DB Queries
-----------------------------  -----  ---------  --------  ----------  --------------  -------------------  ----------------------
/opt/airflow/dags/pipeline.py                           1           0  0.26s           2026-09-10T11:14:35                      10
================================================================================
[2026-09-10T11:15:17.555+0000] {manager.py:997} INFO - 
================================================================================
DAG File Processing Stats

File Path                      PID    Runtime      # DAGs    # Errors  Last Runtime    Last Run               Last # of DB Queries
-----------------------------  -----  ---------  --------  ----------  --------------  -------------------  ----------------------
/opt/airflow/dags/pipeline.py                           1           0  0.26s           2026-09-10T11:15:05                      10
================================================================================
[2026-09-10T11:15:47.928+0000] {manager.py:997} INFO - 
================================================================================
DAG File Processing Stats

File Path                      PID    Runtime      # DAGs    # Errors  Last Runtime    Last Run               Last # of DB Queries
-----------------------------  -----  ---------  --------  ----------  --------------  -------------------  ----------------------
/opt/airflow/dags/pipeline.py                           1           0  0.27s           2026-09-10T11:15:36                      10
================================================================================
[2026-09-10T11:16:18.511+0000] {manager.py:997} INFO - 
================================================================================
DAG File Processing Stats

File Path                      PID    Runtime      # DAGs    # Errors  Last Runtime    Last Run               Last # of DB Queries
-----------------------------  -----  ---------  --------  ----------  --------------  -------------------  ----------------------
/opt/airflow/dags/pipeline.py                           1           0  0.39s           2026-09-10T11:16:06                      10
================================================================================
[2026-09-10T11:16:49.049+0000] {manager.py:997} INFO - 
================================================================================
DAG File Processing Stats

File Path                      PID    Runtime      # DAGs    # Errors  Last Runtime    Last Run               Last # of DB Queries
-----------------------------  -----  ---------  --------  ----------  --------------  -------------------  ----------------------
/opt/airflow/dags/pipeline.py                           1           0  0.26s           2026-09-10T11:16:36                      10
================================================================================
[2026-09-10T11:17:19.424+0000] {manager.py:997} INFO - 
================================================================================
DAG File Processing Stats

File Path                      PID    Runtime      # DAGs    # Errors  Last Runtime    Last Run               Last # of DB Queries
-----------------------------  -----  ---------  --------  ----------  --------------  -------------------  ----------------------
/opt/airflow/dags/pipeline.py                           1           0  0.25s           2026-09-10T11:17:07                      10
================================================================================
[2026-09-10T11:17:49.972+0000] {manager.py:997} INFO - 
================================================================================
DAG File Processing Stats

File Path                      PID    Runtime      # DAGs    # Errors  Last Runtime    Last Run               Last # of DB Queries
-----------------------------  -----  ---------  --------  ----------  --------------  -------------------  ----------------------
/opt/airflow/dags/pipeline.py                           1           0  0.26s           2026-09-10T11:17:37                      10
================================================================================
[2026-09-10T11:18:20.405+0000] {manager.py:997} INFO - 
================================================================================
DAG File Processing Stats

File Path                      PID    Runtime      # DAGs    # Errors  Last Runtime    Last Run               Last # of DB Queries
-----------------------------  -----  ---------  --------  ----------  --------------  -------------------  ----------------------
/opt/airflow/dags/pipeline.py                           1           0  0.27s           2026-09-10T11:18:08                      10
================================================================================
[2026-09-10T11:18:50.972+0000] {manager.py:997} INFO - 
================================================================================
DAG File Processing Stats

File Path                      PID    Runtime      # DAGs    # Errors  Last Runtime    Last Run               Last # of DB Queries
-----------------------------  -----  ---------  --------  ----------  --------------  -------------------  ----------------------
/opt/airflow/dags/pipeline.py                           1           0  0.28s           2026-09-10T11:18:38                      10
================================================================================
[2026-09-10T11:19:21.436+0000] {manager.py:997} INFO - 
================================================================================
DAG File Processing Stats

File Path                      PID    Runtime      # DAGs    # Errors  Last Runtime    Last Run               Last # of DB Queries
-----------------------------  -----  ---------  --------  ----------  --------------  -------------------  ----------------------
/opt/airflow/dags/pipeline.py                           1           0  0.27s           2026-09-10T11:19:09                      10
================================================================================
[2026-09-10T11:19:27.725+0000] {manager.py:821} INFO - Searching for files in /opt/airflow/dags
[2026-09-10T11:19:27.767+0000] {manager.py:824} INFO - There are 1 files in /opt/airflow/dags
[2026-09-10T11:19:51.815+0000] {manager.py:997} INFO - 
================================================================================
DAG File Processing Stats

File Path                      PID    Runtime      # DAGs    # Errors  Last Runtime    Last Run               Last # of DB Queries
-----------------------------  -----  ---------  --------  ----------  --------------  -------------------  ----------------------
/opt/airflow/dags/pipeline.py                           1           0  0.26s           2026-09-10T11:19:39                      10
================================================================================
[2026-09-10T11:20:22.396+0000] {manager.py:997} INFO - 
================================================================================
DAG File Processing Stats

File Path                      PID    Runtime      # DAGs    # Errors  Last Runtime    Last Run               Last # of DB Queries
-----------------------------  -----  ---------  --------  ----------  --------------  -------------------  ----------------------
/opt/airflow/dags/pipeline.py                           1           0  0.33s           2026-09-10T11:20:10                      10
================================================================================
[2026-09-10T11:20:52.864+0000] {manager.py:997} INFO - 
================================================================================
DAG File Processing Stats

File Path                      PID    Runtime      # DAGs    # Errors  Last Runtime    Last Run               Last # of DB Queries
-----------------------------  -----  ---------  --------  ----------  --------------  -------------------  ----------------------
/opt/airflow/dags/pipeline.py                           1           0  0.33s           2026-09-10T11:20:40                      10
================================================================================
[2026-09-10T11:21:23.406+0000] {manager.py:997} INFO - 
================================================================================
DAG File Processing Stats

File Path                      PID    Runtime      # DAGs    # Errors  Last Runtime    Last Run               Last # of DB Queries
-----------------------------  -----  ---------  --------  ----------  --------------  -------------------  ----------------------
/opt/airflow/dags/pipeline.py                           1           0  0.27s           2026-09-10T11:21:11                      10
================================================================================
[2026-09-10T11:21:53.817+0000] {manager.py:997} INFO - 
================================================================================
DAG File Processing Stats

File Path                      PID    Runtime      # DAGs    # Errors  Last Runtime    Last Run               Last # of DB Queries
-----------------------------  -----  ---------  --------  ----------  --------------  -------------------  ----------------------
/opt/airflow/dags/pipeline.py                           1           0  0.27s           2026-09-10T11:21:41                      10
================================================================================
[2026-09-10T11:22:24.340+0000] {manager.py:997} INFO - 
================================================================================
DAG File Processing Stats

File Path                      PID    Runtime      # DAGs    # Errors  Last Runtime    Last Run               Last # of DB Queries
-----------------------------  -----  ---------  --------  ----------  --------------  -------------------  ----------------------
/opt/airflow/dags/pipeline.py                           1           0  0.26s           2026-09-10T11:22:12                      10
================================================================================
[2026-09-10T11:22:54.738+0000] {manager.py:997} INFO - 
================================================================================
DAG File Processing Stats

File Path                      PID    Runtime      # DAGs    # Errors  Last Runtime    Last Run               Last # of DB Queries
-----------------------------  -----  ---------  --------  ----------  --------------  -------------------  ----------------------
/opt/airflow/dags/pipeline.py                           1           0  0.27s           2026-09-10T11:22:42                      10
================================================================================
[2026-09-10T11:23:25.253+0000] {manager.py:997} INFO - 
================================================================================
DAG File Processing Stats

File Path                      PID    Runtime      # DAGs    # Errors  Last Runtime    Last Run               Last # of DB Queries
-----------------------------  -----  ---------  --------  ----------  --------------  -------------------  ----------------------
/opt/airflow/dags/pipeline.py                           1           0  0.26s           2026-09-10T11:23:13                      10
================================================================================
[2026-09-10T11:23:55.782+0000] {manager.py:997} INFO - 
================================================================================
DAG File Processing Stats

File Path                      PID    Runtime      # DAGs    # Errors  Last Runtime    Last Run               Last # of DB Queries
-----------------------------  -----  ---------  --------  ----------  --------------  -------------------  ----------------------
/opt/airflow/dags/pipeline.py                           1           0  0.27s           2026-09-10T11:23:43                      10
================================================================================
[2026-09-10T11:24:26.330+0000] {manager.py:997} INFO - 
================================================================================
DAG File Processing Stats

File Path                      PID    Runtime      # DAGs    # Errors  Last Runtime    Last Run               Last # of DB Queries
-----------------------------  -----  ---------  --------  ----------  --------------  -------------------  ----------------------
/opt/airflow/dags/pipeline.py                           1           0  0.25s           2026-09-10T11:24:14                      10
================================================================================
[2026-09-10T11:24:28.349+0000] {manager.py:821} INFO - Searching for files in /opt/airflow/dags
[2026-09-10T11:24:28.387+0000] {manager.py:824} INFO - There are 1 files in /opt/airflow/dags
[2026-09-10T11:24:56.752+0000] {manager.py:997} INFO - 
================================================================================
DAG File Processing Stats

File Path                      PID    Runtime      # DAGs    # Errors  Last Runtime    Last Run               Last # of DB Queries
-----------------------------  -----  ---------  --------  ----------  --------------  -------------------  ----------------------
/opt/airflow/dags/pipeline.py                           1           0  0.26s           2026-09-10T11:24:44                      10
================================================================================
[2026-09-10T11:25:27.304+0000] {manager.py:997} INFO - 
================================================================================
DAG File Processing Stats

File Path                      PID    Runtime      # DAGs    # Errors  Last Runtime    Last Run               Last # of DB Queries
-----------------------------  -----  ---------  --------  ----------  --------------  -------------------  ----------------------
/opt/airflow/dags/pipeline.py                           1           0  0.27s           2026-09-10T11:25:15                      10
================================================================================
[2026-09-10T11:25:57.693+0000] {manager.py:997} INFO - 
================================================================================
DAG File Processing Stats

File Path                      PID    Runtime      # DAGs    # Errors  Last Runtime    Last Run               Last # of DB Queries
-----------------------------  -----  ---------  --------  ----------  --------------  -------------------  ----------------------
/opt/airflow/dags/pipeline.py                           1           0  0.26s           2026-09-10T11:25:45                      10
================================================================================
[2026-09-10T11:26:28.242+0000] {manager.py:997} INFO - 
================================================================================
DAG File Processing Stats

File Path                      PID    Runtime      # DAGs    # Errors  Last Runtime    Last Run               Last # of DB Queries
-----------------------------  -----  ---------  --------  ----------  --------------  -------------------  ----------------------
/opt/airflow/dags/pipeline.py                           1           0  0.28s           2026-09-10T11:26:16                      10
================================================================================
[2026-09-10T11:26:58.638+0000] {manager.py:997} INFO - 
================================================================================
DAG File Processing Stats

File Path                      PID    Runtime      # DAGs    # Errors  Last Runtime    Last Run               Last # of DB Queries
-----------------------------  -----  ---------  --------  ----------  --------------  -------------------  ----------------------
/opt/airflow/dags/pipeline.py                           1           0  0.25s           2026-09-10T11:26:46                      10
================================================================================
[2026-09-10T11:27:29.166+0000] {manager.py:997} INFO - 
================================================================================
DAG File Processing Stats

File Path                      PID    Runtime      # DAGs    # Errors  Last Runtime    Last Run               Last # of DB Queries
-----------------------------  -----  ---------  --------  ----------  --------------  -------------------  ----------------------
/opt/airflow/dags/pipeline.py                           1           0  0.28s           2026-09-10T11:27:17                      10
================================================================================
[2026-09-10T11:27:59.619+0000] {manager.py:997} INFO - 
================================================================================
DAG File Processing Stats

File Path                      PID    Runtime      # DAGs    # Errors  Last Runtime    Last Run               Last # of DB Queries
-----------------------------  -----  ---------  --------  ----------  --------------  -------------------  ----------------------
/opt/airflow/dags/pipeline.py                           1           0  0.27s           2026-09-10T11:27:47                      10
================================================================================
[2026-09-10T11:28:30.131+0000] {manager.py:997} INFO - 
================================================================================
DAG File Processing Stats

File Path                      PID    Runtime      # DAGs    # Errors  Last Runtime    Last Run               Last # of DB Queries
-----------------------------  -----  ---------  --------  ----------  --------------  -------------------  ----------------------
/opt/airflow/dags/pipeline.py                           1           0  0.25s           2026-09-10T11:28:18                      10
================================================================================
[2026-09-10T11:29:00.522+0000] {manager.py:997} INFO - 
================================================================================
DAG File Processing Stats

File Path                      PID    Runtime      # DAGs    # Errors  Last Runtime    Last Run               Last # of DB Queries
-----------------------------  -----  ---------  --------  ----------  --------------  -------------------  ----------------------
/opt/airflow/dags/pipeline.py                           1           0  0.25s           2026-09-10T11:28:48                      10
================================================================================
[2026-09-10T11:29:29.127+0000] {manager.py:821} INFO - Searching for files in /opt/airflow/dags
[2026-09-10T11:29:29.182+0000] {manager.py:824} INFO - There are 1 files in /opt/airflow/dags
[2026-09-10T11:29:31.230+0000] {manager.py:997} INFO - 
================================================================================
DAG File Processing Stats

File Path                      PID    Runtime      # DAGs    # Errors  Last Runtime    Last Run               Last # of DB Queries
-----------------------------  -----  ---------  --------  ----------  --------------  -------------------  ----------------------
/opt/airflow/dags/pipeline.py                           1           0  0.28s           2026-09-10T11:29:19                      10
================================================================================
[2026-09-10T14:18:32.431+0000] {manager.py:483} INFO - Processing files using up to 2 processes at a time 
[2026-09-10T14:18:32.434+0000] {manager.py:484} INFO - Process each file at most once every 30 seconds
[2026-09-10T14:18:32.436+0000] {manager.py:485} INFO - Checking for new files in /opt/airflow/dags every 300 seconds
[2026-09-10T14:18:32.438+0000] {manager.py:821} INFO - Searching for files in /opt/airflow/dags
[2026-09-10T14:18:32.509+0000] {manager.py:824} INFO - There are 1 files in /opt/airflow/dags
[2026-09-10T14:18:32.732+0000] {manager.py:997} INFO - 
================================================================================
DAG File Processing Stats

File Path                        PID  Runtime      # DAGs    # Errors  Last Runtime    Last Run      Last # of DB Queries
-----------------------------  -----  ---------  --------  ----------  --------------  ----------  ----------------------
/opt/airflow/dags/pipeline.py     41  0.07s             0           0                                                   0
================================================================================
[2026-09-10T14:19:03.062+0000] {manager.py:997} INFO - 
================================================================================
DAG File Processing Stats

File Path                      PID    Runtime      # DAGs    # Errors  Last Runtime    Last Run               Last # of DB Queries
-----------------------------  -----  ---------  --------  ----------  --------------  -------------------  ----------------------
/opt/airflow/dags/pipeline.py                           1           0  0.50s           2026-09-10T14:18:33                      32
================================================================================
[2026-09-10T14:19:33.840+0000] {manager.py:997} INFO - 
================================================================================
DAG File Processing Stats

File Path                        PID  Runtime      # DAGs    # Errors  Last Runtime    Last Run               Last # of DB Queries
-----------------------------  -----  ---------  --------  ----------  --------------  -------------------  ----------------------
/opt/airflow/dags/pipeline.py     43  0.01s             1           0  0.27s           2026-09-10T14:19:03                      10
================================================================================
[2026-09-10T14:20:04.418+0000] {manager.py:997} INFO - 
================================================================================
DAG File Processing Stats

File Path                        PID  Runtime      # DAGs    # Errors  Last Runtime    Last Run               Last # of DB Queries
-----------------------------  -----  ---------  --------  ----------  --------------  -------------------  ----------------------
/opt/airflow/dags/pipeline.py     44  0.01s             1           0  0.22s           2026-09-10T14:19:34                      10
================================================================================
[2026-09-10T14:20:34.807+0000] {manager.py:997} INFO - 
================================================================================
DAG File Processing Stats

File Path                        PID  Runtime      # DAGs    # Errors  Last Runtime    Last Run               Last # of DB Queries
-----------------------------  -----  ---------  --------  ----------  --------------  -------------------  ----------------------
/opt/airflow/dags/pipeline.py     45  0.02s             1           0  0.32s           2026-09-10T14:20:04                      10
================================================================================
[2026-09-10T14:21:05.405+0000] {manager.py:997} INFO - 
================================================================================
DAG File Processing Stats

File Path                        PID  Runtime      # DAGs    # Errors  Last Runtime    Last Run               Last # of DB Queries
-----------------------------  -----  ---------  --------  ----------  --------------  -------------------  ----------------------
/opt/airflow/dags/pipeline.py     46  0.01s             1           0  0.30s           2026-09-10T14:20:35                      10
================================================================================
[2026-09-10T14:21:35.814+0000] {manager.py:997} INFO - 
================================================================================
DAG File Processing Stats

File Path                        PID  Runtime      # DAGs    # Errors  Last Runtime    Last Run               Last # of DB Queries
-----------------------------  -----  ---------  --------  ----------  --------------  -------------------  ----------------------
/opt/airflow/dags/pipeline.py     47  0.02s             1           0  0.24s           2026-09-10T14:21:05                      10
================================================================================
[2026-09-10T14:22:06.326+0000] {manager.py:997} INFO - 
================================================================================
DAG File Processing Stats

File Path                        PID  Runtime      # DAGs    # Errors  Last Runtime    Last Run               Last # of DB Queries
-----------------------------  -----  ---------  --------  ----------  --------------  -------------------  ----------------------
/opt/airflow/dags/pipeline.py     48  0.01s             1           0  0.34s           2026-09-10T14:21:36                      10
================================================================================
[2026-09-10T14:22:36.829+0000] {manager.py:997} INFO - 
================================================================================
DAG File Processing Stats

File Path                        PID  Runtime      # DAGs    # Errors  Last Runtime    Last Run               Last # of DB Queries
-----------------------------  -----  ---------  --------  ----------  --------------  -------------------  ----------------------
/opt/airflow/dags/pipeline.py     49  0.01s             1           0  0.25s           2026-09-10T14:22:06                      10
================================================================================
[2026-09-10T14:23:07.302+0000] {manager.py:997} INFO - 
================================================================================
DAG File Processing Stats

File Path                        PID  Runtime      # DAGs    # Errors  Last Runtime    Last Run               Last # of DB Queries
-----------------------------  -----  ---------  --------  ----------  --------------  -------------------  ----------------------
/opt/airflow/dags/pipeline.py     50  0.01s             1           0  0.32s           2026-09-10T14:22:37                      10
================================================================================
[2026-09-10T14:23:32.732+0000] {manager.py:821} INFO - Searching for files in /opt/airflow/dags
[2026-09-10T14:23:32.782+0000] {manager.py:824} INFO - There are 1 files in /opt/airflow/dags
[2026-09-10T14:23:37.908+0000] {manager.py:997} INFO - 
================================================================================
DAG File Processing Stats

File Path                        PID  Runtime      # DAGs    # Errors  Last Runtime    Last Run               Last # of DB Queries
-----------------------------  -----  ---------  --------  ----------  --------------  -------------------  ----------------------
/opt/airflow/dags/pipeline.py     51  0.01s             1           0  0.26s           2026-09-10T14:23:07                      10
================================================================================
[2026-09-10T14:24:08.303+0000] {manager.py:997} INFO - 
================================================================================
DAG File Processing Stats

File Path                        PID  Runtime      # DAGs    # Errors  Last Runtime    Last Run               Last # of DB Queries
-----------------------------  -----  ---------  --------  ----------  --------------  -------------------  ----------------------
/opt/airflow/dags/pipeline.py     52  0.02s             1           0  0.27s           2026-09-10T14:23:38                      10
================================================================================
[2026-09-10T14:24:38.874+0000] {manager.py:997} INFO - 
================================================================================
DAG File Processing Stats

File Path                        PID  Runtime      # DAGs    # Errors  Last Runtime    Last Run               Last # of DB Queries
-----------------------------  -----  ---------  --------  ----------  --------------  -------------------  ----------------------
/opt/airflow/dags/pipeline.py     53  0.01s             1           0  0.26s           2026-09-10T14:24:08                      10
================================================================================
[2026-09-10T14:25:09.258+0000] {manager.py:997} INFO - 
================================================================================
DAG File Processing Stats

File Path                        PID  Runtime      # DAGs    # Errors  Last Runtime    Last Run               Last # of DB Queries
-----------------------------  -----  ---------  --------  ----------  --------------  -------------------  ----------------------
/opt/airflow/dags/pipeline.py     54  0.01s             1           0  0.24s           2026-09-10T14:24:39                      10
================================================================================
[2026-09-10T14:25:39.809+0000] {manager.py:997} INFO - 
================================================================================
DAG File Processing Stats

File Path                        PID  Runtime      # DAGs    # Errors  Last Runtime    Last Run               Last # of DB Queries
-----------------------------  -----  ---------  --------  ----------  --------------  -------------------  ----------------------
/opt/airflow/dags/pipeline.py     55  0.01s             1           0  0.28s           2026-09-10T14:25:09                      10
================================================================================
[2026-09-10T14:26:10.227+0000] {manager.py:997} INFO - 
================================================================================
DAG File Processing Stats

File Path                        PID  Runtime      # DAGs    # Errors  Last Runtime    Last Run               Last # of DB Queries
-----------------------------  -----  ---------  --------  ----------  --------------  -------------------  ----------------------
/opt/airflow/dags/pipeline.py     56  0.01s             1           0  0.24s           2026-09-10T14:25:40                      10
================================================================================
[2026-09-10T14:26:40.716+0000] {manager.py:997} INFO - 
================================================================================
DAG File Processing Stats

File Path                        PID  Runtime      # DAGs    # Errors  Last Runtime    Last Run               Last # of DB Queries
-----------------------------  -----  ---------  --------  ----------  --------------  -------------------  ----------------------
/opt/airflow/dags/pipeline.py     57  0.01s             1           0  0.24s           2026-09-10T14:26:10                      10
================================================================================
[2026-09-10T14:27:11.165+0000] {manager.py:997} INFO - 
================================================================================
DAG File Processing Stats

File Path                        PID  Runtime      # DAGs    # Errors  Last Runtime    Last Run               Last # of DB Queries
-----------------------------  -----  ---------  --------  ----------  --------------  -------------------  ----------------------
/opt/airflow/dags/pipeline.py     58  0.01s             1           0  0.24s           2026-09-10T14:26:40                      10
================================================================================
[2026-09-10T14:27:41.606+0000] {manager.py:997} INFO - 
================================================================================
DAG File Processing Stats

File Path                        PID  Runtime      # DAGs    # Errors  Last Runtime    Last Run               Last # of DB Queries
-----------------------------  -----  ---------  --------  ----------  --------------  -------------------  ----------------------
/opt/airflow/dags/pipeline.py     59  0.01s             1           0  0.25s           2026-09-10T14:27:11                      10
================================================================================
[2026-09-10T14:28:12.054+0000] {manager.py:997} INFO - 
================================================================================
DAG File Processing Stats

File Path                        PID  Runtime      # DAGs    # Errors  Last Runtime    Last Run               Last # of DB Queries
-----------------------------  -----  ---------  --------  ----------  --------------  -------------------  ----------------------
/opt/airflow/dags/pipeline.py     60  0.01s             1           0  0.24s           2026-09-10T14:27:41                      10
================================================================================
[2026-09-10T14:28:33.385+0000] {manager.py:821} INFO - Searching for files in /opt/airflow/dags
[2026-09-10T14:28:33.417+0000] {manager.py:824} INFO - There are 1 files in /opt/airflow/dags
[2026-09-10T14:28:42.580+0000] {manager.py:997} INFO - 
================================================================================
DAG File Processing Stats

File Path                        PID  Runtime      # DAGs    # Errors  Last Runtime    Last Run               Last # of DB Queries
-----------------------------  -----  ---------  --------  ----------  --------------  -------------------  ----------------------
/opt/airflow/dags/pipeline.py     61  0.01s             1           0  0.23s           2026-09-10T14:28:12                      10
================================================================================
[2026-09-10T14:29:12.932+0000] {manager.py:997} INFO - 
================================================================================
DAG File Processing Stats

File Path                        PID  Runtime      # DAGs    # Errors  Last Runtime    Last Run               Last # of DB Queries
-----------------------------  -----  ---------  --------  ----------  --------------  -------------------  ----------------------
/opt/airflow/dags/pipeline.py     62  0.01s             1           0  0.22s           2026-09-10T14:28:42                      10
================================================================================
[2026-09-10T14:29:43.135+0000] {manager.py:997} INFO - 
================================================================================
DAG File Processing Stats

File Path                        PID  Runtime      # DAGs    # Errors  Last Runtime    Last Run               Last # of DB Queries
-----------------------------  -----  ---------  --------  ----------  --------------  -------------------  ----------------------
/opt/airflow/dags/pipeline.py     63  0.01s             1           0  0.14s           2026-09-10T14:29:13                      10
================================================================================
[2026-09-10T14:30:13.415+0000] {manager.py:997} INFO - 
================================================================================
DAG File Processing Stats

File Path                        PID  Runtime      # DAGs    # Errors  Last Runtime    Last Run               Last # of DB Queries
-----------------------------  -----  ---------  --------  ----------  --------------  -------------------  ----------------------
/opt/airflow/dags/pipeline.py     64  0.01s             1           0  0.10s           2026-09-10T14:29:43                      10
================================================================================
[2026-09-10T14:30:43.618+0000] {manager.py:997} INFO - 
================================================================================
DAG File Processing Stats

File Path                        PID  Runtime      # DAGs    # Errors  Last Runtime    Last Run               Last # of DB Queries
-----------------------------  -----  ---------  --------  ----------  --------------  -------------------  ----------------------
/opt/airflow/dags/pipeline.py     65  0.01s             1           0  0.10s           2026-09-10T14:30:13                      10
================================================================================
[2026-09-10T14:31:13.850+0000] {manager.py:997} INFO - 
================================================================================
DAG File Processing Stats

File Path                        PID  Runtime      # DAGs    # Errors  Last Runtime    Last Run               Last # of DB Queries
-----------------------------  -----  ---------  --------  ----------  --------------  -------------------  ----------------------
/opt/airflow/dags/pipeline.py     66  0.01s             1           0  0.10s           2026-09-10T14:30:43                      10
================================================================================
[2026-09-10T14:31:44.187+0000] {manager.py:997} INFO - 
================================================================================
DAG File Processing Stats

File Path                      PID    Runtime      # DAGs    # Errors  Last Runtime    Last Run               Last # of DB Queries
-----------------------------  -----  ---------  --------  ----------  --------------  -------------------  ----------------------
/opt/airflow/dags/pipeline.py                           1           0  0.09s           2026-09-10T14:31:19                       9
================================================================================
[2026-09-10T14:32:14.410+0000] {manager.py:997} INFO - 
================================================================================
DAG File Processing Stats

File Path                      PID    Runtime      # DAGs    # Errors  Last Runtime    Last Run               Last # of DB Queries
-----------------------------  -----  ---------  --------  ----------  --------------  -------------------  ----------------------
/opt/airflow/dags/pipeline.py                           1           0  0.11s           2026-09-10T14:31:49                      10
================================================================================
[2026-09-10T14:32:44.642+0000] {manager.py:997} INFO - 
================================================================================
DAG File Processing Stats

File Path                      PID    Runtime      # DAGs    # Errors  Last Runtime    Last Run               Last # of DB Queries
-----------------------------  -----  ---------  --------  ----------  --------------  -------------------  ----------------------
/opt/airflow/dags/pipeline.py                           1           0  0.12s           2026-09-10T14:32:19                      10
================================================================================
[2026-09-10T14:33:14.866+0000] {manager.py:997} INFO - 
================================================================================
DAG File Processing Stats

File Path                      PID    Runtime      # DAGs    # Errors  Last Runtime    Last Run               Last # of DB Queries
-----------------------------  -----  ---------  --------  ----------  --------------  -------------------  ----------------------
/opt/airflow/dags/pipeline.py                           1           0  0.11s           2026-09-10T14:32:49                      10
================================================================================
[2026-09-10T14:33:34.026+0000] {manager.py:821} INFO - Searching for files in /opt/airflow/dags
[2026-09-10T14:33:34.043+0000] {manager.py:824} INFO - There are 1 files in /opt/airflow/dags
[2026-09-10T14:33:45.115+0000] {manager.py:997} INFO - 
================================================================================
DAG File Processing Stats

File Path                      PID    Runtime      # DAGs    # Errors  Last Runtime    Last Run               Last # of DB Queries
-----------------------------  -----  ---------  --------  ----------  --------------  -------------------  ----------------------
/opt/airflow/dags/pipeline.py                           1           0  0.11s           2026-09-10T14:33:20                      10
================================================================================
[2026-09-10T14:34:15.313+0000] {manager.py:997} INFO - 
================================================================================
DAG File Processing Stats

File Path                      PID    Runtime      # DAGs    # Errors  Last Runtime    Last Run               Last # of DB Queries
-----------------------------  -----  ---------  --------  ----------  --------------  -------------------  ----------------------
/opt/airflow/dags/pipeline.py                           1           0  0.09s           2026-09-10T14:33:50                      10
================================================================================
[2026-09-10T14:34:45.549+0000] {manager.py:997} INFO - 
================================================================================
DAG File Processing Stats

File Path                      PID    Runtime      # DAGs    # Errors  Last Runtime    Last Run               Last # of DB Queries
-----------------------------  -----  ---------  --------  ----------  --------------  -------------------  ----------------------
/opt/airflow/dags/pipeline.py                           1           0  0.11s           2026-09-10T14:34:20                      10
================================================================================
[2026-09-10T14:35:15.752+0000] {manager.py:997} INFO - 
================================================================================
DAG File Processing Stats

File Path                      PID    Runtime      # DAGs    # Errors  Last Runtime    Last Run               Last # of DB Queries
-----------------------------  -----  ---------  --------  ----------  --------------  -------------------  ----------------------
/opt/airflow/dags/pipeline.py                           1           0  0.10s           2026-09-10T14:34:50                      10
================================================================================
[2026-09-10T14:35:45.980+0000] {manager.py:997} INFO - 
================================================================================
DAG File Processing Stats

File Path                      PID    Runtime      # DAGs    # Errors  Last Runtime    Last Run               Last # of DB Queries
-----------------------------  -----  ---------  --------  ----------  --------------  -------------------  ----------------------
/opt/airflow/dags/pipeline.py                           1           0  0.10s           2026-09-10T14:35:20                      10
================================================================================
[2026-09-10T14:36:16.178+0000] {manager.py:997} INFO - 
================================================================================
DAG File Processing Stats

File Path                      PID    Runtime      # DAGs    # Errors  Last Runtime    Last Run               Last # of DB Queries
-----------------------------  -----  ---------  --------  ----------  --------------  -------------------  ----------------------
/opt/airflow/dags/pipeline.py                           1           0  0.10s           2026-09-10T14:35:51                      10
================================================================================
[2026-09-10T14:36:46.412+0000] {manager.py:997} INFO - 
================================================================================
DAG File Processing Stats

File Path                      PID    Runtime      # DAGs    # Errors  Last Runtime    Last Run               Last # of DB Queries
-----------------------------  -----  ---------  --------  ----------  --------------  -------------------  ----------------------
/opt/airflow/dags/pipeline.py                           1           0  0.09s           2026-09-10T14:36:21                      10
================================================================================
[2026-09-10T14:37:16.612+0000] {manager.py:997} INFO - 
================================================================================
DAG File Processing Stats

File Path                      PID    Runtime      # DAGs    # Errors  Last Runtime    Last Run               Last # of DB Queries
-----------------------------  -----  ---------  --------  ----------  --------------  -------------------  ----------------------
/opt/airflow/dags/pipeline.py                           1           0  0.09s           2026-09-10T14:36:51                      10
================================================================================
[2026-09-10T14:37:46.849+0000] {manager.py:997} INFO - 
================================================================================
DAG File Processing Stats

File Path                      PID    Runtime      # DAGs    # Errors  Last Runtime    Last Run               Last # of DB Queries
-----------------------------  -----  ---------  --------  ----------  --------------  -------------------  ----------------------
/opt/airflow/dags/pipeline.py                           1           0  0.10s           2026-09-10T14:37:21                      10
================================================================================
[2026-09-10T14:38:17.044+0000] {manager.py:997} INFO - 
================================================================================
DAG File Processing Stats

File Path                      PID    Runtime      # DAGs    # Errors  Last Runtime    Last Run               Last # of DB Queries
-----------------------------  -----  ---------  --------  ----------  --------------  -------------------  ----------------------
/opt/airflow/dags/pipeline.py                           1           0  0.10s           2026-09-10T14:37:51                      10
================================================================================
[2026-09-10T14:38:34.212+0000] {manager.py:821} INFO - Searching for files in /opt/airflow/dags
[2026-09-10T14:38:34.228+0000] {manager.py:824} INFO - There are 1 files in /opt/airflow/dags
[2026-09-10T14:38:47.322+0000] {manager.py:997} INFO - 
================================================================================
DAG File Processing Stats

File Path                      PID    Runtime      # DAGs    # Errors  Last Runtime    Last Run               Last # of DB Queries
-----------------------------  -----  ---------  --------  ----------  --------------  -------------------  ----------------------
/opt/airflow/dags/pipeline.py                           1           0  0.10s           2026-09-10T14:38:22                      10
================================================================================
[2026-09-10T14:39:17.519+0000] {manager.py:997} INFO - 
================================================================================
DAG File Processing Stats

File Path                      PID    Runtime      # DAGs    # Errors  Last Runtime    Last Run               Last # of DB Queries
-----------------------------  -----  ---------  --------  ----------  --------------  -------------------  ----------------------
/opt/airflow/dags/pipeline.py                           1           0  0.09s           2026-09-10T14:38:52                      10
================================================================================
[2026-09-10T14:39:47.760+0000] {manager.py:997} INFO - 
================================================================================
DAG File Processing Stats

File Path                      PID    Runtime      # DAGs    # Errors  Last Runtime    Last Run               Last # of DB Queries
-----------------------------  -----  ---------  --------  ----------  --------------  -------------------  ----------------------
/opt/airflow/dags/pipeline.py                           1           0  0.11s           2026-09-10T14:39:22                      10
================================================================================
[2026-09-10T14:40:17.959+0000] {manager.py:997} INFO - 
================================================================================
DAG File Processing Stats

File Path                      PID    Runtime      # DAGs    # Errors  Last Runtime    Last Run               Last # of DB Queries
-----------------------------  -----  ---------  --------  ----------  --------------  -------------------  ----------------------
/opt/airflow/dags/pipeline.py                           1           0  0.10s           2026-09-10T14:39:52                      10
================================================================================
[2026-09-10T14:40:48.200+0000] {manager.py:997} INFO - 
================================================================================
DAG File Processing Stats

File Path                      PID    Runtime      # DAGs    # Errors  Last Runtime    Last Run               Last # of DB Queries
-----------------------------  -----  ---------  --------  ----------  --------------  -------------------  ----------------------
/opt/airflow/dags/pipeline.py                           1           0  0.09s           2026-09-10T14:40:23                      10
================================================================================
[2026-09-10T14:41:18.401+0000] {manager.py:997} INFO - 
================================================================================
DAG File Processing Stats

File Path                      PID    Runtime      # DAGs    # Errors  Last Runtime    Last Run               Last # of DB Queries
-----------------------------  -----  ---------  --------  ----------  --------------  -------------------  ----------------------
/opt/airflow/dags/pipeline.py                           1           0  0.16s           2026-09-10T14:40:53                      10
================================================================================
[2026-09-10T14:41:48.592+0000] {manager.py:997} INFO - 
================================================================================
DAG File Processing Stats

File Path                      PID    Runtime      # DAGs    # Errors  Last Runtime    Last Run               Last # of DB Queries
-----------------------------  -----  ---------  --------  ----------  --------------  -------------------  ----------------------
/opt/airflow/dags/pipeline.py                           1           0  0.12s           2026-09-10T14:41:23                      10
================================================================================
[2026-09-10T14:42:18.844+0000] {manager.py:997} INFO - 
================================================================================
DAG File Processing Stats

File Path                      PID    Runtime      # DAGs    # Errors  Last Runtime    Last Run               Last # of DB Queries
-----------------------------  -----  ---------  --------  ----------  --------------  -------------------  ----------------------
/opt/airflow/dags/pipeline.py                           1           0  0.14s           2026-09-10T14:41:53                      10
================================================================================
[2026-09-10T14:42:49.064+0000] {manager.py:997} INFO - 
================================================================================
DAG File Processing Stats

File Path                      PID    Runtime      # DAGs    # Errors  Last Runtime    Last Run               Last # of DB Queries
-----------------------------  -----  ---------  --------  ----------  --------------  -------------------  ----------------------
/opt/airflow/dags/pipeline.py                           1           0  0.14s           2026-09-10T14:42:24                      10
================================================================================
[2026-09-10T14:43:19.328+0000] {manager.py:997} INFO - 
================================================================================
DAG File Processing Stats

File Path                      PID    Runtime      # DAGs    # Errors  Last Runtime    Last Run               Last # of DB Queries
-----------------------------  -----  ---------  --------  ----------  --------------  -------------------  ----------------------
/opt/airflow/dags/pipeline.py                           1           0  0.14s           2026-09-10T14:42:54                      10
================================================================================
[2026-09-10T14:43:34.446+0000] {manager.py:821} INFO - Searching for files in /opt/airflow/dags
[2026-09-10T14:43:34.460+0000] {manager.py:824} INFO - There are 1 files in /opt/airflow/dags
[2026-09-10T14:43:49.561+0000] {manager.py:997} INFO - 
================================================================================
DAG File Processing Stats

File Path                      PID    Runtime      # DAGs    # Errors  Last Runtime    Last Run               Last # of DB Queries
-----------------------------  -----  ---------  --------  ----------  --------------  -------------------  ----------------------
/opt/airflow/dags/pipeline.py                           1           0  0.13s           2026-09-10T14:43:24                      10
================================================================================
[2026-09-10T14:44:19.784+0000] {manager.py:997} INFO - 
================================================================================
DAG File Processing Stats

File Path                      PID    Runtime      # DAGs    # Errors  Last Runtime    Last Run               Last # of DB Queries
-----------------------------  -----  ---------  --------  ----------  --------------  -------------------  ----------------------
/opt/airflow/dags/pipeline.py                           1           0  0.10s           2026-09-10T14:43:54                      10
================================================================================
[2026-09-10T14:44:49.985+0000] {manager.py:997} INFO - 
================================================================================
DAG File Processing Stats

File Path                      PID    Runtime      # DAGs    # Errors  Last Runtime    Last Run               Last # of DB Queries
-----------------------------  -----  ---------  --------  ----------  --------------  -------------------  ----------------------
/opt/airflow/dags/pipeline.py                           1           0  0.10s           2026-09-10T14:44:24                      10
================================================================================
[2026-09-10T14:45:20.219+0000] {manager.py:997} INFO - 
================================================================================
DAG File Processing Stats

File Path                      PID    Runtime      # DAGs    # Errors  Last Runtime    Last Run               Last # of DB Queries
-----------------------------  -----  ---------  --------  ----------  --------------  -------------------  ----------------------
/opt/airflow/dags/pipeline.py                           1           0  0.11s           2026-09-10T14:44:55                      10
================================================================================
[2026-09-10T14:45:50.430+0000] {manager.py:997} INFO - 
================================================================================
DAG File Processing Stats

File Path                      PID    Runtime      # DAGs    # Errors  Last Runtime    Last Run               Last # of DB Queries
-----------------------------  -----  ---------  --------  ----------  --------------  -------------------  ----------------------
/opt/airflow/dags/pipeline.py                           1           0  0.10s           2026-09-10T14:45:25                      10
================================================================================
[2026-09-10T14:46:20.648+0000] {manager.py:997} INFO - 
================================================================================
DAG File Processing Stats

File Path                      PID    Runtime      # DAGs    # Errors  Last Runtime    Last Run               Last # of DB Queries
-----------------------------  -----  ---------  --------  ----------  --------------  -------------------  ----------------------
/opt/airflow/dags/pipeline.py                           1           0  0.10s           2026-09-10T14:45:55                      10
================================================================================
[2026-09-10T14:46:50.858+0000] {manager.py:997} INFO - 
================================================================================
DAG File Processing Stats

File Path                      PID    Runtime      # DAGs    # Errors  Last Runtime    Last Run               Last # of DB Queries
-----------------------------  -----  ---------  --------  ----------  --------------  -------------------  ----------------------
/opt/airflow/dags/pipeline.py                           1           0  0.10s           2026-09-10T14:46:25                      10
================================================================================
[2026-09-10T14:47:21.075+0000] {manager.py:997} INFO - 
================================================================================
DAG File Processing Stats

File Path                      PID    Runtime      # DAGs    # Errors  Last Runtime    Last Run               Last # of DB Queries
-----------------------------  -----  ---------  --------  ----------  --------------  -------------------  ----------------------
/opt/airflow/dags/pipeline.py                           1           0  0.11s           2026-09-10T14:46:56                      10
================================================================================
[2026-09-10T14:47:51.312+0000] {manager.py:997} INFO - 
================================================================================
DAG File Processing Stats

File Path                      PID    Runtime      # DAGs    # Errors  Last Runtime    Last Run               Last # of DB Queries
-----------------------------  -----  ---------  --------  ----------  --------------  -------------------  ----------------------
/opt/airflow/dags/pipeline.py                           1           0  0.10s           2026-09-10T14:47:26                      10
================================================================================
[2026-09-10T14:48:21.510+0000] {manager.py:997} INFO - 
================================================================================
DAG File Processing Stats

File Path                      PID    Runtime      # DAGs    # Errors  Last Runtime    Last Run               Last # of DB Queries
-----------------------------  -----  ---------  --------  ----------  --------------  -------------------  ----------------------
/opt/airflow/dags/pipeline.py                           1           0  0.10s           2026-09-10T14:47:56                      10
================================================================================
[2026-09-10T14:48:34.658+0000] {manager.py:821} INFO - Searching for files in /opt/airflow/dags
[2026-09-10T14:48:34.671+0000] {manager.py:824} INFO - There are 1 files in /opt/airflow/dags
[2026-09-10T14:48:51.781+0000] {manager.py:997} INFO - 
================================================================================
DAG File Processing Stats

File Path                      PID    Runtime      # DAGs    # Errors  Last Runtime    Last Run               Last # of DB Queries
-----------------------------  -----  ---------  --------  ----------  --------------  -------------------  ----------------------
/opt/airflow/dags/pipeline.py                           1           0  0.10s           2026-09-10T14:48:26                      10
================================================================================
[2026-09-10T14:49:21.972+0000] {manager.py:997} INFO - 
================================================================================
DAG File Processing Stats

File Path                      PID    Runtime      # DAGs    # Errors  Last Runtime    Last Run               Last # of DB Queries
-----------------------------  -----  ---------  --------  ----------  --------------  -------------------  ----------------------
/opt/airflow/dags/pipeline.py                           1           0  0.10s           2026-09-10T14:48:56                      10
================================================================================
[2026-09-10T14:49:52.219+0000] {manager.py:997} INFO - 
================================================================================
DAG File Processing Stats

File Path                      PID    Runtime      # DAGs    # Errors  Last Runtime    Last Run               Last # of DB Queries
-----------------------------  -----  ---------  --------  ----------  --------------  -------------------  ----------------------
/opt/airflow/dags/pipeline.py                           1           0  0.10s           2026-09-10T14:49:27                      10
================================================================================
[2026-09-10T14:50:22.413+0000] {manager.py:997} INFO - 
================================================================================
DAG File Processing Stats

File Path                      PID    Runtime      # DAGs    # Errors  Last Runtime    Last Run               Last # of DB Queries
-----------------------------  -----  ---------  --------  ----------  --------------  -------------------  ----------------------
/opt/airflow/dags/pipeline.py                           1           0  0.10s           2026-09-10T14:49:57                      10
================================================================================
[2026-09-10T14:50:52.656+0000] {manager.py:997} INFO - 
================================================================================
DAG File Processing Stats

File Path                      PID    Runtime      # DAGs    # Errors  Last Runtime    Last Run               Last # of DB Queries
-----------------------------  -----  ---------  --------  ----------  --------------  -------------------  ----------------------
/opt/airflow/dags/pipeline.py                           1           0  0.09s           2026-09-10T14:50:27                      10
================================================================================
[2026-09-10T14:51:22.853+0000] {manager.py:997} INFO - 
================================================================================
DAG File Processing Stats

File Path                      PID    Runtime      # DAGs    # Errors  Last Runtime    Last Run               Last # of DB Queries
-----------------------------  -----  ---------  --------  ----------  --------------  -------------------  ----------------------
/opt/airflow/dags/pipeline.py                           1           0  0.11s           2026-09-10T14:50:57                      10
================================================================================
[2026-09-10T14:51:53.103+0000] {manager.py:997} INFO - 
================================================================================
DAG File Processing Stats

File Path                      PID    Runtime      # DAGs    # Errors  Last Runtime    Last Run               Last # of DB Queries
-----------------------------  -----  ---------  --------  ----------  --------------  -------------------  ----------------------
/opt/airflow/dags/pipeline.py                           1           0  0.11s           2026-09-10T14:51:27                      10
================================================================================
[2026-09-10T14:52:23.308+0000] {manager.py:997} INFO - 
================================================================================
DAG File Processing Stats

File Path                      PID    Runtime      # DAGs    # Errors  Last Runtime    Last Run               Last # of DB Queries
-----------------------------  -----  ---------  --------  ----------  --------------  -------------------  ----------------------
/opt/airflow/dags/pipeline.py                           1           0  0.10s           2026-09-10T14:51:58                      10
================================================================================
[2026-09-10T14:52:53.544+0000] {manager.py:997} INFO - 
================================================================================
DAG File Processing Stats

File Path                      PID    Runtime      # DAGs    # Errors  Last Runtime    Last Run               Last # of DB Queries
-----------------------------  -----  ---------  --------  ----------  --------------  -------------------  ----------------------
/opt/airflow/dags/pipeline.py                           1           0  0.10s           2026-09-10T14:52:28                      10
================================================================================
[2026-09-10T14:53:23.740+0000] {manager.py:997} INFO - 
================================================================================
DAG File Processing Stats

File Path                      PID    Runtime      # DAGs    # Errors  Last Runtime    Last Run               Last # of DB Queries
-----------------------------  -----  ---------  --------  ----------  --------------  -------------------  ----------------------
/opt/airflow/dags/pipeline.py                           1           0  0.10s           2026-09-10T14:52:58                      10
================================================================================
[2026-09-10T14:53:34.872+0000] {manager.py:821} INFO - Searching for files in /opt/airflow/dags
[2026-09-10T14:53:34.885+0000] {manager.py:824} INFO - There are 1 files in /opt/airflow/dags
[2026-09-10T14:53:54.010+0000] {manager.py:997} INFO - 
================================================================================
DAG File Processing Stats

File Path                      PID    Runtime      # DAGs    # Errors  Last Runtime    Last Run               Last # of DB Queries
-----------------------------  -----  ---------  --------  ----------  --------------  -------------------  ----------------------
/opt/airflow/dags/pipeline.py                           1           0  0.09s           2026-09-10T14:53:28                      10
================================================================================
[2026-09-10T14:54:24.203+0000] {manager.py:997} INFO - 
================================================================================
DAG File Processing Stats

File Path                      PID    Runtime      # DAGs    # Errors  Last Runtime    Last Run               Last # of DB Queries
-----------------------------  -----  ---------  --------  ----------  --------------  -------------------  ----------------------
/opt/airflow/dags/pipeline.py                           1           0  0.09s           2026-09-10T14:53:59                      10
================================================================================
[2026-09-10T14:54:54.433+0000] {manager.py:997} INFO - 
================================================================================
DAG File Processing Stats

File Path                      PID    Runtime      # DAGs    # Errors  Last Runtime    Last Run               Last # of DB Queries
-----------------------------  -----  ---------  --------  ----------  --------------  -------------------  ----------------------
/opt/airflow/dags/pipeline.py                           1           0  0.10s           2026-09-10T14:54:29                      10
================================================================================
[2026-09-10T14:55:24.626+0000] {manager.py:997} INFO - 
================================================================================
DAG File Processing Stats

File Path                      PID    Runtime      # DAGs    # Errors  Last Runtime    Last Run               Last # of DB Queries
-----------------------------  -----  ---------  --------  ----------  --------------  -------------------  ----------------------
/opt/airflow/dags/pipeline.py                           1           0  0.09s           2026-09-10T14:54:59                      10
================================================================================
[2026-09-10T14:55:54.873+0000] {manager.py:997} INFO - 
================================================================================
DAG File Processing Stats

File Path                      PID    Runtime      # DAGs    # Errors  Last Runtime    Last Run               Last # of DB Queries
-----------------------------  -----  ---------  --------  ----------  --------------  -------------------  ----------------------
/opt/airflow/dags/pipeline.py                           1           0  0.09s           2026-09-10T14:55:29                      10
================================================================================
[2026-09-10T14:56:25.066+0000] {manager.py:997} INFO - 
================================================================================
DAG File Processing Stats

File Path                      PID    Runtime      # DAGs    # Errors  Last Runtime    Last Run               Last # of DB Queries
-----------------------------  -----  ---------  --------  ----------  --------------  -------------------  ----------------------
/opt/airflow/dags/pipeline.py                           1           0  0.10s           2026-09-10T14:56:00                      10
================================================================================
[2026-09-10T14:56:55.624+0000] {manager.py:997} INFO - 
================================================================================
DAG File Processing Stats

File Path                      PID    Runtime      # DAGs    # Errors  Last Runtime    Last Run               Last # of DB Queries
-----------------------------  -----  ---------  --------  ----------  --------------  -------------------  ----------------------
/opt/airflow/dags/pipeline.py                           1           0  0.09s           2026-09-10T14:56:54                       9
================================================================================
[2026-09-10T14:57:25.813+0000] {manager.py:997} INFO - 
================================================================================
DAG File Processing Stats

File Path                      PID    Runtime      # DAGs    # Errors  Last Runtime    Last Run               Last # of DB Queries
-----------------------------  -----  ---------  --------  ----------  --------------  -------------------  ----------------------
/opt/airflow/dags/pipeline.py                           1           0  0.10s           2026-09-10T14:57:24                      10
================================================================================
[2026-09-10T14:57:56.051+0000] {manager.py:997} INFO - 
================================================================================
DAG File Processing Stats

File Path                      PID    Runtime      # DAGs    # Errors  Last Runtime    Last Run               Last # of DB Queries
-----------------------------  -----  ---------  --------  ----------  --------------  -------------------  ----------------------
/opt/airflow/dags/pipeline.py                           1           0  0.14s           2026-09-10T14:57:55                      10
================================================================================
[2026-09-10T14:58:26.315+0000] {manager.py:997} INFO - 
================================================================================
DAG File Processing Stats

File Path                      PID    Runtime      # DAGs    # Errors  Last Runtime    Last Run               Last # of DB Queries
-----------------------------  -----  ---------  --------  ----------  --------------  -------------------  ----------------------
/opt/airflow/dags/pipeline.py                           1           0  0.10s           2026-09-10T14:58:25                      10
================================================================================
[2026-09-10T14:58:35.369+0000] {manager.py:821} INFO - Searching for files in /opt/airflow/dags
[2026-09-10T14:58:35.386+0000] {manager.py:824} INFO - There are 1 files in /opt/airflow/dags
[2026-09-10T14:58:56.548+0000] {manager.py:997} INFO - 
================================================================================
DAG File Processing Stats

File Path                      PID    Runtime      # DAGs    # Errors  Last Runtime    Last Run               Last # of DB Queries
-----------------------------  -----  ---------  --------  ----------  --------------  -------------------  ----------------------
/opt/airflow/dags/pipeline.py                           1           0  0.10s           2026-09-10T14:58:55                      10
================================================================================
[2026-09-10T14:59:26.778+0000] {manager.py:997} INFO - 
================================================================================
DAG File Processing Stats

File Path                      PID    Runtime      # DAGs    # Errors  Last Runtime    Last Run               Last # of DB Queries
-----------------------------  -----  ---------  --------  ----------  --------------  -------------------  ----------------------
/opt/airflow/dags/pipeline.py                           1           0  0.10s           2026-09-10T14:59:25                      10
================================================================================
[2026-09-10T14:59:56.974+0000] {manager.py:997} INFO - 
================================================================================
DAG File Processing Stats

File Path                      PID    Runtime      # DAGs    # Errors  Last Runtime    Last Run               Last # of DB Queries
-----------------------------  -----  ---------  --------  ----------  --------------  -------------------  ----------------------
/opt/airflow/dags/pipeline.py                           1           0  0.10s           2026-09-10T14:59:56                      10
================================================================================
[2026-09-10T15:00:27.211+0000] {manager.py:997} INFO - 
================================================================================
DAG File Processing Stats

File Path                      PID    Runtime      # DAGs    # Errors  Last Runtime    Last Run               Last # of DB Queries
-----------------------------  -----  ---------  --------  ----------  --------------  -------------------  ----------------------
/opt/airflow/dags/pipeline.py                           1           0  0.27s           2026-09-10T15:00:26                      10
================================================================================
[2026-09-10T15:00:57.592+0000] {manager.py:997} INFO - 
================================================================================
DAG File Processing Stats

File Path                      PID    Runtime      # DAGs    # Errors  Last Runtime    Last Run               Last # of DB Queries
-----------------------------  -----  ---------  --------  ----------  --------------  -------------------  ----------------------
/opt/airflow/dags/pipeline.py                           1           0  0.10s           2026-09-10T15:00:56                      10
================================================================================
[2026-09-10T15:01:27.843+0000] {manager.py:997} INFO - 
================================================================================
DAG File Processing Stats

File Path                      PID    Runtime      # DAGs    # Errors  Last Runtime    Last Run               Last # of DB Queries
-----------------------------  -----  ---------  --------  ----------  --------------  -------------------  ----------------------
/opt/airflow/dags/pipeline.py                           1           0  0.10s           2026-09-10T15:01:26                      10
================================================================================
[2026-09-10T15:01:58.046+0000] {manager.py:997} INFO - 
================================================================================
DAG File Processing Stats

File Path                      PID    Runtime      # DAGs    # Errors  Last Runtime    Last Run               Last # of DB Queries
-----------------------------  -----  ---------  --------  ----------  --------------  -------------------  ----------------------
/opt/airflow/dags/pipeline.py                           1           0  0.09s           2026-09-10T15:01:57                      10
================================================================================
[2026-09-10T15:02:28.275+0000] {manager.py:997} INFO - 
================================================================================
DAG File Processing Stats

File Path                      PID    Runtime      # DAGs    # Errors  Last Runtime    Last Run               Last # of DB Queries
-----------------------------  -----  ---------  --------  ----------  --------------  -------------------  ----------------------
/opt/airflow/dags/pipeline.py                           1           0  0.09s           2026-09-10T15:02:27                      10
================================================================================
[2026-09-10T15:02:58.477+0000] {manager.py:997} INFO - 
================================================================================
DAG File Processing Stats

File Path                      PID    Runtime      # DAGs    # Errors  Last Runtime    Last Run               Last # of DB Queries
-----------------------------  -----  ---------  --------  ----------  --------------  -------------------  ----------------------
/opt/airflow/dags/pipeline.py                           1           0  0.10s           2026-09-10T15:02:57                      10
================================================================================
[2026-09-10T15:03:28.708+0000] {manager.py:997} INFO - 
================================================================================
DAG File Processing Stats

File Path                      PID    Runtime      # DAGs    # Errors  Last Runtime    Last Run               Last # of DB Queries
-----------------------------  -----  ---------  --------  ----------  --------------  -------------------  ----------------------
/opt/airflow/dags/pipeline.py                           1           0  0.23s           2026-09-10T15:03:27                      10
================================================================================
[2026-09-10T15:03:35.745+0000] {manager.py:821} INFO - Searching for files in /opt/airflow/dags
[2026-09-10T15:03:35.758+0000] {manager.py:824} INFO - There are 1 files in /opt/airflow/dags
[2026-09-10T15:03:58.912+0000] {manager.py:997} INFO - 
================================================================================
DAG File Processing Stats

File Path                      PID    Runtime      # DAGs    # Errors  Last Runtime    Last Run               Last # of DB Queries
-----------------------------  -----  ---------  --------  ----------  --------------  -------------------  ----------------------
/opt/airflow/dags/pipeline.py                           1           0  0.10s           2026-09-10T15:03:58                      10
================================================================================
[2026-09-10T15:04:29.165+0000] {manager.py:997} INFO - 
================================================================================
DAG File Processing Stats

File Path                      PID    Runtime      # DAGs    # Errors  Last Runtime    Last Run               Last # of DB Queries
-----------------------------  -----  ---------  --------  ----------  --------------  -------------------  ----------------------
/opt/airflow/dags/pipeline.py                           1           0  0.10s           2026-09-10T15:04:28                      10
================================================================================
[2026-09-10T15:04:59.366+0000] {manager.py:997} INFO - 
================================================================================
DAG File Processing Stats

File Path                      PID    Runtime      # DAGs    # Errors  Last Runtime    Last Run               Last # of DB Queries
-----------------------------  -----  ---------  --------  ----------  --------------  -------------------  ----------------------
/opt/airflow/dags/pipeline.py                           1           0  0.10s           2026-09-10T15:04:58                      10
================================================================================
[2026-09-10T15:05:29.608+0000] {manager.py:997} INFO - 
================================================================================
DAG File Processing Stats

File Path                      PID    Runtime      # DAGs    # Errors  Last Runtime    Last Run               Last # of DB Queries
-----------------------------  -----  ---------  --------  ----------  --------------  -------------------  ----------------------
/opt/airflow/dags/pipeline.py                           1           0  0.10s           2026-09-10T15:05:28                      10
================================================================================
[2026-09-10T15:05:59.808+0000] {manager.py:997} INFO - 
================================================================================
DAG File Processing Stats

File Path                      PID    Runtime      # DAGs    # Errors  Last Runtime    Last Run               Last # of DB Queries
-----------------------------  -----  ---------  --------  ----------  --------------  -------------------  ----------------------
/opt/airflow/dags/pipeline.py                           1           0  0.10s           2026-09-10T15:05:58                      10
================================================================================
[2026-09-10T15:06:30.043+0000] {manager.py:997} INFO - 
================================================================================
DAG File Processing Stats

File Path                      PID    Runtime      # DAGs    # Errors  Last Runtime    Last Run               Last # of DB Queries
-----------------------------  -----  ---------  --------  ----------  --------------  -------------------  ----------------------
/opt/airflow/dags/pipeline.py                           1           0  0.10s           2026-09-10T15:06:29                      10
================================================================================
[2026-09-10T15:07:00.241+0000] {manager.py:997} INFO - 
================================================================================
DAG File Processing Stats

File Path                      PID    Runtime      # DAGs    # Errors  Last Runtime    Last Run               Last # of DB Queries
-----------------------------  -----  ---------  --------  ----------  --------------  -------------------  ----------------------
/opt/airflow/dags/pipeline.py                           1           0  0.10s           2026-09-10T15:06:59                      10
================================================================================
[2026-09-10T15:07:30.483+0000] {manager.py:997} INFO - 
================================================================================
DAG File Processing Stats

File Path                      PID    Runtime      # DAGs    # Errors  Last Runtime    Last Run               Last # of DB Queries
-----------------------------  -----  ---------  --------  ----------  --------------  -------------------  ----------------------
/opt/airflow/dags/pipeline.py                           1           0  0.10s           2026-09-10T15:07:29                      10
================================================================================
[2026-09-10T15:08:00.684+0000] {manager.py:997} INFO - 
================================================================================
DAG File Processing Stats

File Path                      PID    Runtime      # DAGs    # Errors  Last Runtime    Last Run               Last # of DB Queries
-----------------------------  -----  ---------  --------  ----------  --------------  -------------------  ----------------------
/opt/airflow/dags/pipeline.py                           1           0  0.12s           2026-09-10T15:07:59                      10
================================================================================
[2026-09-10T15:08:30.935+0000] {manager.py:997} INFO - 
================================================================================
DAG File Processing Stats

File Path                      PID    Runtime      # DAGs    # Errors  Last Runtime    Last Run               Last # of DB Queries
-----------------------------  -----  ---------  --------  ----------  --------------  -------------------  ----------------------
/opt/airflow/dags/pipeline.py                           1           0  0.09s           2026-09-10T15:08:29                      10
================================================================================
[2026-09-10T15:08:35.965+0000] {manager.py:821} INFO - Searching for files in /opt/airflow/dags
[2026-09-10T15:08:35.976+0000] {manager.py:824} INFO - There are 1 files in /opt/airflow/dags
[2026-09-10T15:09:01.155+0000] {manager.py:997} INFO - 
================================================================================
DAG File Processing Stats

File Path                      PID    Runtime      # DAGs    # Errors  Last Runtime    Last Run               Last # of DB Queries
-----------------------------  -----  ---------  --------  ----------  --------------  -------------------  ----------------------
/opt/airflow/dags/pipeline.py                           1           0  0.24s           2026-09-10T15:09:00                      10
================================================================================
[2026-09-10T15:09:31.555+0000] {manager.py:997} INFO - 
================================================================================
DAG File Processing Stats

File Path                      PID    Runtime      # DAGs    # Errors  Last Runtime    Last Run               Last # of DB Queries
-----------------------------  -----  ---------  --------  ----------  --------------  -------------------  ----------------------
/opt/airflow/dags/pipeline.py                           1           0  0.10s           2026-09-10T15:09:30                      10
================================================================================
[2026-09-10T15:10:01.802+0000] {manager.py:997} INFO - 
================================================================================
DAG File Processing Stats

File Path                      PID    Runtime      # DAGs    # Errors  Last Runtime    Last Run               Last # of DB Queries
-----------------------------  -----  ---------  --------  ----------  --------------  -------------------  ----------------------
/opt/airflow/dags/pipeline.py                           1           0  0.09s           2026-09-10T15:10:00                      10
================================================================================
[2026-09-10T15:10:32.004+0000] {manager.py:997} INFO - 
================================================================================
DAG File Processing Stats

File Path                      PID    Runtime      # DAGs    # Errors  Last Runtime    Last Run               Last # of DB Queries
-----------------------------  -----  ---------  --------  ----------  --------------  -------------------  ----------------------
/opt/airflow/dags/pipeline.py                           1           0  0.09s           2026-09-10T15:10:31                      10
================================================================================
[2026-09-10T15:11:02.229+0000] {manager.py:997} INFO - 
================================================================================
DAG File Processing Stats

File Path                      PID    Runtime      # DAGs    # Errors  Last Runtime    Last Run               Last # of DB Queries
-----------------------------  -----  ---------  --------  ----------  --------------  -------------------  ----------------------
/opt/airflow/dags/pipeline.py                           1           0  0.10s           2026-09-10T15:11:01                      10
================================================================================
[2026-09-10T15:11:32.431+0000] {manager.py:997} INFO - 
================================================================================
DAG File Processing Stats

File Path                      PID    Runtime      # DAGs    # Errors  Last Runtime    Last Run               Last # of DB Queries
-----------------------------  -----  ---------  --------  ----------  --------------  -------------------  ----------------------
/opt/airflow/dags/pipeline.py                           1           0  0.09s           2026-09-10T15:11:31                      10
================================================================================
[2026-09-10T15:12:02.663+0000] {manager.py:997} INFO - 
================================================================================
DAG File Processing Stats

File Path                      PID    Runtime      # DAGs    # Errors  Last Runtime    Last Run               Last # of DB Queries
-----------------------------  -----  ---------  --------  ----------  --------------  -------------------  ----------------------
/opt/airflow/dags/pipeline.py                           1           0  0.26s           2026-09-10T15:12:01                      10
================================================================================
[2026-09-10T15:12:33.049+0000] {manager.py:997} INFO - 
================================================================================
DAG File Processing Stats

File Path                      PID    Runtime      # DAGs    # Errors  Last Runtime    Last Run               Last # of DB Queries
-----------------------------  -----  ---------  --------  ----------  --------------  -------------------  ----------------------
/opt/airflow/dags/pipeline.py                           1           0  0.19s           2026-09-10T15:12:32                      10
================================================================================
[2026-09-10T15:13:03.400+0000] {manager.py:997} INFO - 
================================================================================
DAG File Processing Stats

File Path                      PID    Runtime      # DAGs    # Errors  Last Runtime    Last Run               Last # of DB Queries
-----------------------------  -----  ---------  --------  ----------  --------------  -------------------  ----------------------
/opt/airflow/dags/pipeline.py                           1           0  0.10s           2026-09-10T15:13:02                      10
================================================================================
[2026-09-10T15:13:33.645+0000] {manager.py:997} INFO - 
================================================================================
DAG File Processing Stats

File Path                      PID    Runtime      # DAGs    # Errors  Last Runtime    Last Run               Last # of DB Queries
-----------------------------  -----  ---------  --------  ----------  --------------  -------------------  ----------------------
/opt/airflow/dags/pipeline.py                           1           0  0.09s           2026-09-10T15:13:32                      10
================================================================================
[2026-09-10T15:13:36.663+0000] {manager.py:821} INFO - Searching for files in /opt/airflow/dags
[2026-09-10T15:13:36.677+0000] {manager.py:824} INFO - There are 1 files in /opt/airflow/dags
[2026-09-10T15:14:03.871+0000] {manager.py:997} INFO - 
================================================================================
DAG File Processing Stats

File Path                      PID    Runtime      # DAGs    # Errors  Last Runtime    Last Run               Last # of DB Queries
-----------------------------  -----  ---------  --------  ----------  --------------  -------------------  ----------------------
/opt/airflow/dags/pipeline.py                           1           0  0.10s           2026-09-10T15:14:02                      10
================================================================================
[2026-09-10T15:14:34.107+0000] {manager.py:997} INFO - 
================================================================================
DAG File Processing Stats

File Path                      PID    Runtime      # DAGs    # Errors  Last Runtime    Last Run               Last # of DB Queries
-----------------------------  -----  ---------  --------  ----------  --------------  -------------------  ----------------------
/opt/airflow/dags/pipeline.py                           1           0  0.10s           2026-09-10T15:14:33                      10
================================================================================
[2026-09-10T15:15:04.302+0000] {manager.py:997} INFO - 
================================================================================
DAG File Processing Stats

File Path                      PID    Runtime      # DAGs    # Errors  Last Runtime    Last Run               Last # of DB Queries
-----------------------------  -----  ---------  --------  ----------  --------------  -------------------  ----------------------
/opt/airflow/dags/pipeline.py                           1           0  0.09s           2026-09-10T15:15:03                      10
================================================================================
[2026-09-10T15:15:34.544+0000] {manager.py:997} INFO - 
================================================================================
DAG File Processing Stats

File Path                      PID    Runtime      # DAGs    # Errors  Last Runtime    Last Run               Last # of DB Queries
-----------------------------  -----  ---------  --------  ----------  --------------  -------------------  ----------------------
/opt/airflow/dags/pipeline.py                           1           0  0.12s           2026-09-10T15:15:33                      10
================================================================================
[2026-09-10T15:16:04.764+0000] {manager.py:997} INFO - 
================================================================================
DAG File Processing Stats

File Path                      PID    Runtime      # DAGs    # Errors  Last Runtime    Last Run               Last # of DB Queries
-----------------------------  -----  ---------  --------  ----------  --------------  -------------------  ----------------------
/opt/airflow/dags/pipeline.py                           1           0  0.09s           2026-09-10T15:16:03                      10
================================================================================
[2026-09-10T15:16:34.958+0000] {manager.py:997} INFO - 
================================================================================
DAG File Processing Stats

File Path                      PID    Runtime      # DAGs    # Errors  Last Runtime    Last Run               Last # of DB Queries
-----------------------------  -----  ---------  --------  ----------  --------------  -------------------  ----------------------
/opt/airflow/dags/pipeline.py                           1           0  0.10s           2026-09-10T15:16:34                      10
================================================================================
[2026-09-10T15:17:05.188+0000] {manager.py:997} INFO - 
================================================================================
DAG File Processing Stats

File Path                      PID    Runtime      # DAGs    # Errors  Last Runtime    Last Run               Last # of DB Queries
-----------------------------  -----  ---------  --------  ----------  --------------  -------------------  ----------------------
/opt/airflow/dags/pipeline.py                           1           0  0.10s           2026-09-10T15:17:04                      10
================================================================================
[2026-09-10T15:17:35.395+0000] {manager.py:997} INFO - 
================================================================================
DAG File Processing Stats

File Path                      PID    Runtime      # DAGs    # Errors  Last Runtime    Last Run               Last # of DB Queries
-----------------------------  -----  ---------  --------  ----------  --------------  -------------------  ----------------------
/opt/airflow/dags/pipeline.py                           1           0  0.27s           2026-09-10T15:17:34                      10
================================================================================
[2026-09-10T15:18:05.817+0000] {manager.py:997} INFO - 
================================================================================
DAG File Processing Stats

File Path                      PID    Runtime      # DAGs    # Errors  Last Runtime    Last Run               Last # of DB Queries
-----------------------------  -----  ---------  --------  ----------  --------------  -------------------  ----------------------
/opt/airflow/dags/pipeline.py                           1           0  0.10s           2026-09-10T15:18:04                      10
================================================================================
[2026-09-10T15:18:36.063+0000] {manager.py:997} INFO - 
================================================================================
DAG File Processing Stats

File Path                      PID    Runtime      # DAGs    # Errors  Last Runtime    Last Run               Last # of DB Queries
-----------------------------  -----  ---------  --------  ----------  --------------  -------------------  ----------------------
/opt/airflow/dags/pipeline.py                           1           0  0.11s           2026-09-10T15:18:35                      10
================================================================================
[2026-09-10T15:18:37.068+0000] {manager.py:821} INFO - Searching for files in /opt/airflow/dags
[2026-09-10T15:18:37.083+0000] {manager.py:824} INFO - There are 1 files in /opt/airflow/dags
[2026-09-10T15:19:06.289+0000] {manager.py:997} INFO - 
================================================================================
DAG File Processing Stats

File Path                      PID    Runtime      # DAGs    # Errors  Last Runtime    Last Run               Last # of DB Queries
-----------------------------  -----  ---------  --------  ----------  --------------  -------------------  ----------------------
/opt/airflow/dags/pipeline.py                           1           0  0.10s           2026-09-10T15:19:05                      10
================================================================================
[2026-09-10T15:19:36.515+0000] {manager.py:997} INFO - 
================================================================================
DAG File Processing Stats

File Path                      PID    Runtime      # DAGs    # Errors  Last Runtime    Last Run               Last # of DB Queries
-----------------------------  -----  ---------  --------  ----------  --------------  -------------------  ----------------------
/opt/airflow/dags/pipeline.py                           1           0  0.10s           2026-09-10T15:19:35                      10
================================================================================
[2026-09-10T15:20:06.715+0000] {manager.py:997} INFO - 
================================================================================
DAG File Processing Stats

File Path                      PID    Runtime      # DAGs    # Errors  Last Runtime    Last Run               Last # of DB Queries
-----------------------------  -----  ---------  --------  ----------  --------------  -------------------  ----------------------
/opt/airflow/dags/pipeline.py                           1           0  0.10s           2026-09-10T15:20:05                      10
================================================================================
[2026-09-10T15:20:36.946+0000] {manager.py:997} INFO - 
================================================================================
DAG File Processing Stats

File Path                      PID    Runtime      # DAGs    # Errors  Last Runtime    Last Run               Last # of DB Queries
-----------------------------  -----  ---------  --------  ----------  --------------  -------------------  ----------------------
/opt/airflow/dags/pipeline.py                           1           0  0.29s           2026-09-10T15:20:36                      10
================================================================================
[2026-09-10T15:21:07.357+0000] {manager.py:997} INFO - 
================================================================================
DAG File Processing Stats

File Path                      PID    Runtime      # DAGs    # Errors  Last Runtime    Last Run               Last # of DB Queries
-----------------------------  -----  ---------  --------  ----------  --------------  -------------------  ----------------------
/opt/airflow/dags/pipeline.py                           1           0  0.11s           2026-09-10T15:21:06                      10
================================================================================
[2026-09-10T15:21:37.619+0000] {manager.py:997} INFO - 
================================================================================
DAG File Processing Stats

File Path                      PID    Runtime      # DAGs    # Errors  Last Runtime    Last Run               Last # of DB Queries
-----------------------------  -----  ---------  --------  ----------  --------------  -------------------  ----------------------
/opt/airflow/dags/pipeline.py                           1           0  0.10s           2026-09-10T15:21:36                      10
================================================================================
[2026-09-10T15:22:07.831+0000] {manager.py:997} INFO - 
================================================================================
DAG File Processing Stats

File Path                      PID    Runtime      # DAGs    # Errors  Last Runtime    Last Run               Last # of DB Queries
-----------------------------  -----  ---------  --------  ----------  --------------  -------------------  ----------------------
/opt/airflow/dags/pipeline.py                           1           0  0.11s           2026-09-10T15:22:06                      10
================================================================================
[2026-09-10T15:22:38.085+0000] {manager.py:997} INFO - 
================================================================================
DAG File Processing Stats

File Path                      PID    Runtime      # DAGs    # Errors  Last Runtime    Last Run               Last # of DB Queries
-----------------------------  -----  ---------  --------  ----------  --------------  -------------------  ----------------------
/opt/airflow/dags/pipeline.py                           1           0  0.11s           2026-09-10T15:22:37                      10
================================================================================
[2026-09-10T15:23:08.280+0000] {manager.py:997} INFO - 
================================================================================
DAG File Processing Stats

File Path                      PID    Runtime      # DAGs    # Errors  Last Runtime    Last Run               Last # of DB Queries
-----------------------------  -----  ---------  --------  ----------  --------------  -------------------  ----------------------
/opt/airflow/dags/pipeline.py                           1           0  0.11s           2026-09-10T15:23:07                      10
================================================================================
[2026-09-10T15:23:37.449+0000] {manager.py:821} INFO - Searching for files in /opt/airflow/dags
[2026-09-10T15:23:37.465+0000] {manager.py:824} INFO - There are 1 files in /opt/airflow/dags
[2026-09-10T15:23:38.524+0000] {manager.py:997} INFO - 
================================================================================
DAG File Processing Stats

File Path                      PID    Runtime      # DAGs    # Errors  Last Runtime    Last Run               Last # of DB Queries
-----------------------------  -----  ---------  --------  ----------  --------------  -------------------  ----------------------
/opt/airflow/dags/pipeline.py                           1           0  0.29s           2026-09-10T15:23:37                      10
================================================================================
[2026-09-10T15:24:08.949+0000] {manager.py:997} INFO - 
================================================================================
DAG File Processing Stats

File Path                      PID    Runtime      # DAGs    # Errors  Last Runtime    Last Run               Last # of DB Queries
-----------------------------  -----  ---------  --------  ----------  --------------  -------------------  ----------------------
/opt/airflow/dags/pipeline.py                           1           0  0.10s           2026-09-10T15:24:08                      10
================================================================================
[2026-09-10T15:24:39.194+0000] {manager.py:997} INFO - 
================================================================================
DAG File Processing Stats

File Path                      PID    Runtime      # DAGs    # Errors  Last Runtime    Last Run               Last # of DB Queries
-----------------------------  -----  ---------  --------  ----------  --------------  -------------------  ----------------------
/opt/airflow/dags/pipeline.py                           1           0  0.10s           2026-09-10T15:24:38                      10
================================================================================
[2026-09-10T15:25:09.394+0000] {manager.py:997} INFO - 
================================================================================
DAG File Processing Stats

File Path                      PID    Runtime      # DAGs    # Errors  Last Runtime    Last Run               Last # of DB Queries
-----------------------------  -----  ---------  --------  ----------  --------------  -------------------  ----------------------
/opt/airflow/dags/pipeline.py                           1           0  0.11s           2026-09-10T15:25:08                      10
================================================================================
[2026-09-10T15:25:39.636+0000] {manager.py:997} INFO - 
================================================================================
DAG File Processing Stats

File Path                      PID    Runtime      # DAGs    # Errors  Last Runtime    Last Run               Last # of DB Queries
-----------------------------  -----  ---------  --------  ----------  --------------  -------------------  ----------------------
/opt/airflow/dags/pipeline.py                           1           0  0.09s           2026-09-10T15:25:38                      10
================================================================================
[2026-09-10T15:26:09.837+0000] {manager.py:997} INFO - 
================================================================================
DAG File Processing Stats

File Path                      PID    Runtime      # DAGs    # Errors  Last Runtime    Last Run               Last # of DB Queries
-----------------------------  -----  ---------  --------  ----------  --------------  -------------------  ----------------------
/opt/airflow/dags/pipeline.py                           1           0  0.25s           2026-09-10T15:26:09                      10
================================================================================
[2026-09-10T15:26:40.293+0000] {manager.py:997} INFO - 
================================================================================
DAG File Processing Stats

File Path                      PID    Runtime      # DAGs    # Errors  Last Runtime    Last Run               Last # of DB Queries
-----------------------------  -----  ---------  --------  ----------  --------------  -------------------  ----------------------
/opt/airflow/dags/pipeline.py                           1           0  0.23s           2026-09-10T15:26:20                       9
================================================================================
[2026-09-10T15:27:10.634+0000] {manager.py:997} INFO - 
================================================================================
DAG File Processing Stats

File Path                      PID    Runtime      # DAGs    # Errors  Last Runtime    Last Run               Last # of DB Queries
-----------------------------  -----  ---------  --------  ----------  --------------  -------------------  ----------------------
/opt/airflow/dags/pipeline.py                           1           0  0.09s           2026-09-10T15:26:50                      10
================================================================================
[2026-09-10T15:27:40.884+0000] {manager.py:997} INFO - 
================================================================================
DAG File Processing Stats

File Path                      PID    Runtime      # DAGs    # Errors  Last Runtime    Last Run               Last # of DB Queries
-----------------------------  -----  ---------  --------  ----------  --------------  -------------------  ----------------------
/opt/airflow/dags/pipeline.py                           1           0  0.10s           2026-09-10T15:27:20                      10
================================================================================
[2026-09-10T15:28:11.173+0000] {manager.py:997} INFO - 
================================================================================
DAG File Processing Stats

File Path                      PID    Runtime      # DAGs    # Errors  Last Runtime    Last Run               Last # of DB Queries
-----------------------------  -----  ---------  --------  ----------  --------------  -------------------  ----------------------
/opt/airflow/dags/pipeline.py                           1           0  0.10s           2026-09-10T15:28:02                       9
================================================================================
[2026-09-10T15:28:38.403+0000] {manager.py:821} INFO - Searching for files in /opt/airflow/dags
[2026-09-10T15:28:38.417+0000] {manager.py:824} INFO - There are 1 files in /opt/airflow/dags
[2026-09-10T15:28:41.446+0000] {manager.py:997} INFO - 
================================================================================
DAG File Processing Stats

File Path                      PID    Runtime      # DAGs    # Errors  Last Runtime    Last Run               Last # of DB Queries
-----------------------------  -----  ---------  --------  ----------  --------------  -------------------  ----------------------
/opt/airflow/dags/pipeline.py                           1           0  0.09s           2026-09-10T15:28:32                      10
================================================================================
[2026-09-10T15:29:11.650+0000] {manager.py:997} INFO - 
================================================================================
DAG File Processing Stats

File Path                      PID    Runtime      # DAGs    # Errors  Last Runtime    Last Run               Last # of DB Queries
-----------------------------  -----  ---------  --------  ----------  --------------  -------------------  ----------------------
/opt/airflow/dags/pipeline.py                           1           0  0.23s           2026-09-10T15:29:02                      10
================================================================================
[2026-09-10T15:29:42.034+0000] {manager.py:997} INFO - 
================================================================================
DAG File Processing Stats

File Path                      PID    Runtime      # DAGs    # Errors  Last Runtime    Last Run               Last # of DB Queries
-----------------------------  -----  ---------  --------  ----------  --------------  -------------------  ----------------------
/opt/airflow/dags/pipeline.py                           1           0  0.10s           2026-09-10T15:29:33                      10
================================================================================
[2026-09-10T15:30:12.280+0000] {manager.py:997} INFO - 
================================================================================
DAG File Processing Stats

File Path                      PID    Runtime      # DAGs    # Errors  Last Runtime    Last Run               Last # of DB Queries
-----------------------------  -----  ---------  --------  ----------  --------------  -------------------  ----------------------
/opt/airflow/dags/pipeline.py                           1           0  0.10s           2026-09-10T15:30:03                      10
================================================================================
[2026-09-10T15:30:42.479+0000] {manager.py:997} INFO - 
================================================================================
DAG File Processing Stats

File Path                      PID    Runtime      # DAGs    # Errors  Last Runtime    Last Run               Last # of DB Queries
-----------------------------  -----  ---------  --------  ----------  --------------  -------------------  ----------------------
/opt/airflow/dags/pipeline.py                           1           0  0.09s           2026-09-10T15:30:33                      10
================================================================================
[2026-09-10T15:31:12.717+0000] {manager.py:997} INFO - 
================================================================================
DAG File Processing Stats

File Path                      PID    Runtime      # DAGs    # Errors  Last Runtime    Last Run               Last # of DB Queries
-----------------------------  -----  ---------  --------  ----------  --------------  -------------------  ----------------------
/opt/airflow/dags/pipeline.py                           1           0  0.09s           2026-09-10T15:31:03                      10
================================================================================
[2026-09-10T15:31:42.913+0000] {manager.py:997} INFO - 
================================================================================
DAG File Processing Stats

File Path                      PID    Runtime      # DAGs    # Errors  Last Runtime    Last Run               Last # of DB Queries
-----------------------------  -----  ---------  --------  ----------  --------------  -------------------  ----------------------
/opt/airflow/dags/pipeline.py                           1           0  0.11s           2026-09-10T15:31:33                      10
================================================================================
[2026-09-10T15:32:13.173+0000] {manager.py:997} INFO - 
================================================================================
DAG File Processing Stats

File Path                      PID    Runtime      # DAGs    # Errors  Last Runtime    Last Run               Last # of DB Queries
-----------------------------  -----  ---------  --------  ----------  --------------  -------------------  ----------------------
/opt/airflow/dags/pipeline.py                           1           0  0.27s           2026-09-10T15:32:04                      10
================================================================================
[2026-09-10T15:32:43.540+0000] {manager.py:997} INFO - 
================================================================================
DAG File Processing Stats

File Path                      PID    Runtime      # DAGs    # Errors  Last Runtime    Last Run               Last # of DB Queries
-----------------------------  -----  ---------  --------  ----------  --------------  -------------------  ----------------------
/opt/airflow/dags/pipeline.py                           1           0  0.10s           2026-09-10T15:32:34                      10
================================================================================
[2026-09-10T15:33:13.798+0000] {manager.py:997} INFO - 
================================================================================
DAG File Processing Stats

File Path                      PID    Runtime      # DAGs    # Errors  Last Runtime    Last Run               Last # of DB Queries
-----------------------------  -----  ---------  --------  ----------  --------------  -------------------  ----------------------
/opt/airflow/dags/pipeline.py                           1           0  0.10s           2026-09-10T15:33:04                      10
================================================================================
[2026-09-10T15:33:38.963+0000] {manager.py:821} INFO - Searching for files in /opt/airflow/dags
[2026-09-10T15:33:38.978+0000] {manager.py:824} INFO - There are 1 files in /opt/airflow/dags
[2026-09-10T15:33:44.022+0000] {manager.py:997} INFO - 
================================================================================
DAG File Processing Stats

File Path                      PID    Runtime      # DAGs    # Errors  Last Runtime    Last Run               Last # of DB Queries
-----------------------------  -----  ---------  --------  ----------  --------------  -------------------  ----------------------
/opt/airflow/dags/pipeline.py                           1           0  0.10s           2026-09-10T15:33:35                      10
================================================================================
[2026-09-10T15:34:14.234+0000] {manager.py:997} INFO - 
================================================================================
DAG File Processing Stats

File Path                      PID    Runtime      # DAGs    # Errors  Last Runtime    Last Run               Last # of DB Queries
-----------------------------  -----  ---------  --------  ----------  --------------  -------------------  ----------------------
/opt/airflow/dags/pipeline.py                           1           0  0.10s           2026-09-10T15:34:05                      10
================================================================================
[2026-09-10T15:34:44.459+0000] {manager.py:997} INFO - 
================================================================================
DAG File Processing Stats

File Path                      PID    Runtime      # DAGs    # Errors  Last Runtime    Last Run               Last # of DB Queries
-----------------------------  -----  ---------  --------  ----------  --------------  -------------------  ----------------------
/opt/airflow/dags/pipeline.py                           1           0  0.29s           2026-09-10T15:34:35                      10
================================================================================
[2026-09-10T15:35:14.882+0000] {manager.py:997} INFO - 
================================================================================
DAG File Processing Stats

File Path                      PID    Runtime      # DAGs    # Errors  Last Runtime    Last Run               Last # of DB Queries
-----------------------------  -----  ---------  --------  ----------  --------------  -------------------  ----------------------
/opt/airflow/dags/pipeline.py                           1           0  0.23s           2026-09-10T15:35:06                      10
================================================================================
[2026-09-10T15:35:45.280+0000] {manager.py:997} INFO - 
================================================================================
DAG File Processing Stats

File Path                      PID    Runtime      # DAGs    # Errors  Last Runtime    Last Run               Last # of DB Queries
-----------------------------  -----  ---------  --------  ----------  --------------  -------------------  ----------------------
/opt/airflow/dags/pipeline.py                           1           0  0.09s           2026-09-10T15:35:36                      10
================================================================================
[2026-09-10T15:36:15.527+0000] {manager.py:997} INFO - 
================================================================================
DAG File Processing Stats

File Path                      PID    Runtime      # DAGs    # Errors  Last Runtime    Last Run               Last # of DB Queries
-----------------------------  -----  ---------  --------  ----------  --------------  -------------------  ----------------------
/opt/airflow/dags/pipeline.py                           1           0  0.09s           2026-09-10T15:36:06                      10
================================================================================
[2026-09-10T15:36:45.723+0000] {manager.py:997} INFO - 
================================================================================
DAG File Processing Stats

File Path                      PID    Runtime      # DAGs    # Errors  Last Runtime    Last Run               Last # of DB Queries
-----------------------------  -----  ---------  --------  ----------  --------------  -------------------  ----------------------
/opt/airflow/dags/pipeline.py                           1           0  0.09s           2026-09-10T15:36:36                      10
================================================================================
[2026-09-10T15:37:15.954+0000] {manager.py:997} INFO - 
================================================================================
DAG File Processing Stats

File Path                      PID    Runtime      # DAGs    # Errors  Last Runtime    Last Run               Last # of DB Queries
-----------------------------  -----  ---------  --------  ----------  --------------  -------------------  ----------------------
/opt/airflow/dags/pipeline.py                           1           0  0.09s           2026-09-10T15:37:06                      10
================================================================================
[2026-09-10T15:37:46.154+0000] {manager.py:997} INFO - 
================================================================================
DAG File Processing Stats

File Path                      PID    Runtime      # DAGs    # Errors  Last Runtime    Last Run               Last # of DB Queries
-----------------------------  -----  ---------  --------  ----------  --------------  -------------------  ----------------------
/opt/airflow/dags/pipeline.py                           1           0  0.26s           2026-09-10T15:37:37                      10
================================================================================
[2026-09-10T15:38:16.578+0000] {manager.py:997} INFO - 
================================================================================
DAG File Processing Stats

File Path                      PID    Runtime      # DAGs    # Errors  Last Runtime    Last Run               Last # of DB Queries
-----------------------------  -----  ---------  --------  ----------  --------------  -------------------  ----------------------
/opt/airflow/dags/pipeline.py                           1           0  0.26s           2026-09-10T15:38:07                      10
================================================================================
[2026-09-10T15:38:39.047+0000] {manager.py:821} INFO - Searching for files in /opt/airflow/dags
[2026-09-10T15:38:39.063+0000] {manager.py:824} INFO - There are 1 files in /opt/airflow/dags
[2026-09-10T15:38:46.999+0000] {manager.py:997} INFO - 
================================================================================
DAG File Processing Stats

File Path                      PID    Runtime      # DAGs    # Errors  Last Runtime    Last Run               Last # of DB Queries
-----------------------------  -----  ---------  --------  ----------  --------------  -------------------  ----------------------
/opt/airflow/dags/pipeline.py                           1           0  0.10s           2026-09-10T15:38:38                      10
================================================================================
[2026-09-10T15:39:17.272+0000] {manager.py:997} INFO - 
================================================================================
DAG File Processing Stats

File Path                      PID    Runtime      # DAGs    # Errors  Last Runtime    Last Run               Last # of DB Queries
-----------------------------  -----  ---------  --------  ----------  --------------  -------------------  ----------------------
/opt/airflow/dags/pipeline.py                           1           0  0.11s           2026-09-10T15:39:08                      10
================================================================================
[2026-09-10T15:39:47.469+0000] {manager.py:997} INFO - 
================================================================================
DAG File Processing Stats

File Path                      PID    Runtime      # DAGs    # Errors  Last Runtime    Last Run               Last # of DB Queries
-----------------------------  -----  ---------  --------  ----------  --------------  -------------------  ----------------------
/opt/airflow/dags/pipeline.py                           1           0  0.10s           2026-09-10T15:39:38                      10
================================================================================
[2026-09-10T15:40:17.708+0000] {manager.py:997} INFO - 
================================================================================
DAG File Processing Stats

File Path                      PID    Runtime      # DAGs    # Errors  Last Runtime    Last Run               Last # of DB Queries
-----------------------------  -----  ---------  --------  ----------  --------------  -------------------  ----------------------
/opt/airflow/dags/pipeline.py                           1           0  0.10s           2026-09-10T15:40:08                      10
================================================================================
[2026-09-10T15:40:47.946+0000] {manager.py:997} INFO - 
================================================================================
DAG File Processing Stats

File Path                      PID    Runtime      # DAGs    # Errors  Last Runtime    Last Run               Last # of DB Queries
-----------------------------  -----  ---------  --------  ----------  --------------  -------------------  ----------------------
/opt/airflow/dags/pipeline.py                           1           0  0.25s           2026-09-10T15:40:39                      10
================================================================================
[2026-09-10T15:41:18.359+0000] {manager.py:997} INFO - 
================================================================================
DAG File Processing Stats

File Path                      PID    Runtime      # DAGs    # Errors  Last Runtime    Last Run               Last # of DB Queries
-----------------------------  -----  ---------  --------  ----------  --------------  -------------------  ----------------------
/opt/airflow/dags/pipeline.py                           1           0  0.09s           2026-09-10T15:41:09                      10
================================================================================
[2026-09-10T15:41:48.604+0000] {manager.py:997} INFO - 
================================================================================
DAG File Processing Stats

File Path                      PID    Runtime      # DAGs    # Errors  Last Runtime    Last Run               Last # of DB Queries
-----------------------------  -----  ---------  --------  ----------  --------------  -------------------  ----------------------
/opt/airflow/dags/pipeline.py                           1           0  0.10s           2026-09-10T15:41:39                      10
================================================================================
[2026-09-10T15:42:18.803+0000] {manager.py:997} INFO - 
================================================================================
DAG File Processing Stats

File Path                      PID    Runtime      # DAGs    # Errors  Last Runtime    Last Run               Last # of DB Queries
-----------------------------  -----  ---------  --------  ----------  --------------  -------------------  ----------------------
/opt/airflow/dags/pipeline.py                           1           0  0.10s           2026-09-10T15:42:09                      10
================================================================================
[2026-09-10T15:42:49.035+0000] {manager.py:997} INFO - 
================================================================================
DAG File Processing Stats

File Path                      PID    Runtime      # DAGs    # Errors  Last Runtime    Last Run               Last # of DB Queries
-----------------------------  -----  ---------  --------  ----------  --------------  -------------------  ----------------------
/opt/airflow/dags/pipeline.py                           1           0  0.10s           2026-09-10T15:42:40                      10
================================================================================
[2026-09-10T15:43:19.239+0000] {manager.py:997} INFO - 
================================================================================
DAG File Processing Stats

File Path                      PID    Runtime      # DAGs    # Errors  Last Runtime    Last Run               Last # of DB Queries
-----------------------------  -----  ---------  --------  ----------  --------------  -------------------  ----------------------
/opt/airflow/dags/pipeline.py                           1           0  0.25s           2026-09-10T15:43:10                      10
================================================================================
[2026-09-10T15:43:39.409+0000] {manager.py:821} INFO - Searching for files in /opt/airflow/dags
[2026-09-10T15:43:39.451+0000] {manager.py:824} INFO - There are 1 files in /opt/airflow/dags
[2026-09-10T15:43:49.730+0000] {manager.py:997} INFO - 
================================================================================
DAG File Processing Stats

File Path                      PID    Runtime      # DAGs    # Errors  Last Runtime    Last Run               Last # of DB Queries
-----------------------------  -----  ---------  --------  ----------  --------------  -------------------  ----------------------
/opt/airflow/dags/pipeline.py                           1           0  0.57s           2026-09-10T15:43:41                      10
================================================================================
[2026-09-10T15:44:19.763+0000] {manager.py:997} INFO - 
================================================================================
DAG File Processing Stats

File Path                      PID    Runtime      # DAGs    # Errors  Last Runtime    Last Run               Last # of DB Queries
-----------------------------  -----  ---------  --------  ----------  --------------  -------------------  ----------------------
/opt/airflow/dags/pipeline.py                           1           0  0.24s           2026-09-10T15:44:11                      10
================================================================================
[2026-09-10T15:44:50.083+0000] {manager.py:997} INFO - 
================================================================================
DAG File Processing Stats

File Path                      PID    Runtime      # DAGs    # Errors  Last Runtime    Last Run               Last # of DB Queries
-----------------------------  -----  ---------  --------  ----------  --------------  -------------------  ----------------------
/opt/airflow/dags/pipeline.py                           1           0  0.26s           2026-09-10T15:44:42                      10
================================================================================
[2026-09-10T15:45:20.515+0000] {manager.py:997} INFO - 
================================================================================
DAG File Processing Stats

File Path                      PID    Runtime      # DAGs    # Errors  Last Runtime    Last Run               Last # of DB Queries
-----------------------------  -----  ---------  --------  ----------  --------------  -------------------  ----------------------
/opt/airflow/dags/pipeline.py                           1           0  0.22s           2026-09-10T15:45:12                      10
================================================================================
[2026-09-10T15:45:51.007+0000] {manager.py:997} INFO - 
================================================================================
DAG File Processing Stats

File Path                      PID    Runtime      # DAGs    # Errors  Last Runtime    Last Run               Last # of DB Queries
-----------------------------  -----  ---------  --------  ----------  --------------  -------------------  ----------------------
/opt/airflow/dags/pipeline.py                           1           0  0.24s           2026-09-10T15:45:42                      10
================================================================================
[2026-09-10T15:46:21.400+0000] {manager.py:997} INFO - 
================================================================================
DAG File Processing Stats

File Path                      PID    Runtime      # DAGs    # Errors  Last Runtime    Last Run               Last # of DB Queries
-----------------------------  -----  ---------  --------  ----------  --------------  -------------------  ----------------------
/opt/airflow/dags/pipeline.py                           1           0  0.45s           2026-09-10T15:46:13                      10
================================================================================
[2026-09-10T15:46:51.700+0000] {manager.py:997} INFO - 
================================================================================
DAG File Processing Stats

File Path                      PID    Runtime      # DAGs    # Errors  Last Runtime    Last Run               Last # of DB Queries
-----------------------------  -----  ---------  --------  ----------  --------------  -------------------  ----------------------
/opt/airflow/dags/pipeline.py                           1           0  0.55s           2026-09-10T15:46:44                      10
================================================================================
[2026-09-10T15:47:22.067+0000] {manager.py:997} INFO - 
================================================================================
DAG File Processing Stats

File Path                      PID    Runtime      # DAGs    # Errors  Last Runtime    Last Run               Last # of DB Queries
-----------------------------  -----  ---------  --------  ----------  --------------  -------------------  ----------------------
/opt/airflow/dags/pipeline.py                           1           0  0.24s           2026-09-10T15:47:15                      10
================================================================================
[2026-09-10T15:47:52.653+0000] {manager.py:997} INFO - 
================================================================================
DAG File Processing Stats

File Path                      PID    Runtime      # DAGs    # Errors  Last Runtime    Last Run               Last # of DB Queries
-----------------------------  -----  ---------  --------  ----------  --------------  -------------------  ----------------------
/opt/airflow/dags/pipeline.py                           1           0  0.25s           2026-09-10T15:47:45                      10
================================================================================
[2026-09-10T15:48:23.055+0000] {manager.py:997} INFO - 
================================================================================
DAG File Processing Stats

File Path                      PID    Runtime      # DAGs    # Errors  Last Runtime    Last Run               Last # of DB Queries
-----------------------------  -----  ---------  --------  ----------  --------------  -------------------  ----------------------
/opt/airflow/dags/pipeline.py                           1           0  0.24s           2026-09-10T15:48:16                      10
================================================================================
[2026-09-10T15:48:39.412+0000] {manager.py:821} INFO - Searching for files in /opt/airflow/dags
[2026-09-10T15:48:39.459+0000] {manager.py:824} INFO - There are 1 files in /opt/airflow/dags
[2026-09-10T15:48:53.671+0000] {manager.py:997} INFO - 
================================================================================
DAG File Processing Stats

File Path                      PID    Runtime      # DAGs    # Errors  Last Runtime    Last Run               Last # of DB Queries
-----------------------------  -----  ---------  --------  ----------  --------------  -------------------  ----------------------
/opt/airflow/dags/pipeline.py                           1           0  0.50s           2026-09-10T15:48:46                      10
================================================================================
[2026-09-10T15:49:24.267+0000] {manager.py:997} INFO - 
================================================================================
DAG File Processing Stats

File Path                      PID    Runtime      # DAGs    # Errors  Last Runtime    Last Run               Last # of DB Queries
-----------------------------  -----  ---------  --------  ----------  --------------  -------------------  ----------------------
/opt/airflow/dags/pipeline.py                           1           0  0.49s           2026-09-10T15:49:17                      10
================================================================================
[2026-09-10T15:49:54.817+0000] {manager.py:997} INFO - 
================================================================================
DAG File Processing Stats

File Path                      PID    Runtime      # DAGs    # Errors  Last Runtime    Last Run               Last # of DB Queries
-----------------------------  -----  ---------  --------  ----------  --------------  -------------------  ----------------------
/opt/airflow/dags/pipeline.py                           1           0  0.50s           2026-09-10T15:49:48                      10
================================================================================
[2026-09-10T15:50:25.166+0000] {manager.py:997} INFO - 
================================================================================
DAG File Processing Stats

File Path                      PID    Runtime      # DAGs    # Errors  Last Runtime    Last Run               Last # of DB Queries
-----------------------------  -----  ---------  --------  ----------  --------------  -------------------  ----------------------
/opt/airflow/dags/pipeline.py                           1           0  0.28s           2026-09-10T15:50:18                      10
================================================================================
[2026-09-10T15:50:55.751+0000] {manager.py:997} INFO - 
================================================================================
DAG File Processing Stats

File Path                      PID    Runtime      # DAGs    # Errors  Last Runtime    Last Run               Last # of DB Queries
-----------------------------  -----  ---------  --------  ----------  --------------  -------------------  ----------------------
/opt/airflow/dags/pipeline.py                           1           0  0.34s           2026-09-10T15:50:48                      10
================================================================================
[2026-09-10T15:51:26.135+0000] {manager.py:997} INFO - 
================================================================================
DAG File Processing Stats

File Path                      PID    Runtime      # DAGs    # Errors  Last Runtime    Last Run               Last # of DB Queries
-----------------------------  -----  ---------  --------  ----------  --------------  -------------------  ----------------------
/opt/airflow/dags/pipeline.py                           1           0  0.26s           2026-09-10T15:51:19                      10
================================================================================
[2026-09-10T15:51:56.665+0000] {manager.py:997} INFO - 
================================================================================
DAG File Processing Stats

File Path                      PID    Runtime      # DAGs    # Errors  Last Runtime    Last Run               Last # of DB Queries
-----------------------------  -----  ---------  --------  ----------  --------------  -------------------  ----------------------
/opt/airflow/dags/pipeline.py                           1           0  0.59s           2026-09-10T15:51:49                      10
================================================================================
[2026-09-10T15:52:26.981+0000] {manager.py:997} INFO - 
================================================================================
DAG File Processing Stats

File Path                      PID    Runtime      # DAGs    # Errors  Last Runtime    Last Run               Last # of DB Queries
-----------------------------  -----  ---------  --------  ----------  --------------  -------------------  ----------------------
/opt/airflow/dags/pipeline.py                           1           0  0.62s           2026-09-10T15:52:20                      10
================================================================================
[2026-09-10T15:52:57.348+0000] {manager.py:997} INFO - 
================================================================================
DAG File Processing Stats

File Path                      PID    Runtime      # DAGs    # Errors  Last Runtime    Last Run               Last # of DB Queries
-----------------------------  -----  ---------  --------  ----------  --------------  -------------------  ----------------------
/opt/airflow/dags/pipeline.py                           1           0  0.22s           2026-09-10T15:52:51                      10
================================================================================
[2026-09-10T15:53:27.852+0000] {manager.py:997} INFO - 
================================================================================
DAG File Processing Stats

File Path                      PID    Runtime      # DAGs    # Errors  Last Runtime    Last Run               Last # of DB Queries
-----------------------------  -----  ---------  --------  ----------  --------------  -------------------  ----------------------
/opt/airflow/dags/pipeline.py                           1           0  0.24s           2026-09-10T15:53:21                      10
================================================================================
[2026-09-10T15:53:39.979+0000] {manager.py:821} INFO - Searching for files in /opt/airflow/dags
[2026-09-10T15:53:40.028+0000] {manager.py:824} INFO - There are 1 files in /opt/airflow/dags
[2026-09-10T15:53:58.310+0000] {manager.py:997} INFO - 
================================================================================
DAG File Processing Stats

File Path                      PID    Runtime      # DAGs    # Errors  Last Runtime    Last Run               Last # of DB Queries
-----------------------------  -----  ---------  --------  ----------  --------------  -------------------  ----------------------
/opt/airflow/dags/pipeline.py                           1           0  0.25s           2026-09-10T15:53:52                      10
================================================================================
[2026-09-10T15:54:28.866+0000] {manager.py:997} INFO - 
================================================================================
DAG File Processing Stats

File Path                      PID    Runtime      # DAGs    # Errors  Last Runtime    Last Run               Last # of DB Queries
-----------------------------  -----  ---------  --------  ----------  --------------  -------------------  ----------------------
/opt/airflow/dags/pipeline.py                           1           0  0.28s           2026-09-10T15:54:22                      10
================================================================================
[2026-09-10T15:54:59.258+0000] {manager.py:997} INFO - 
================================================================================
DAG File Processing Stats

File Path                      PID    Runtime      # DAGs    # Errors  Last Runtime    Last Run               Last # of DB Queries
-----------------------------  -----  ---------  --------  ----------  --------------  -------------------  ----------------------
/opt/airflow/dags/pipeline.py                           1           0  0.58s           2026-09-10T15:54:53                      10
================================================================================
[2026-09-10T15:55:29.577+0000] {manager.py:997} INFO - 
================================================================================
DAG File Processing Stats

File Path                      PID    Runtime      # DAGs    # Errors  Last Runtime    Last Run               Last # of DB Queries
-----------------------------  -----  ---------  --------  ----------  --------------  -------------------  ----------------------
/opt/airflow/dags/pipeline.py                           1           0  0.53s           2026-09-10T15:55:24                      10
================================================================================
[2026-09-10T15:56:00.048+0000] {manager.py:997} INFO - 
================================================================================
DAG File Processing Stats

File Path                      PID    Runtime      # DAGs    # Errors  Last Runtime    Last Run               Last # of DB Queries
-----------------------------  -----  ---------  --------  ----------  --------------  -------------------  ----------------------
/opt/airflow/dags/pipeline.py                           1           0  0.23s           2026-09-10T15:55:55                      10
================================================================================
[2026-09-10T15:56:30.494+0000] {manager.py:997} INFO - 
================================================================================
DAG File Processing Stats

File Path                      PID    Runtime      # DAGs    # Errors  Last Runtime    Last Run               Last # of DB Queries
-----------------------------  -----  ---------  --------  ----------  --------------  -------------------  ----------------------
/opt/airflow/dags/pipeline.py                           1           0  0.26s           2026-09-10T15:56:25                      10
================================================================================
[2026-09-10T15:57:00.981+0000] {manager.py:997} INFO - 
================================================================================
DAG File Processing Stats

File Path                      PID    Runtime      # DAGs    # Errors  Last Runtime    Last Run               Last # of DB Queries
-----------------------------  -----  ---------  --------  ----------  --------------  -------------------  ----------------------
/opt/airflow/dags/pipeline.py                           1           0  0.27s           2026-09-10T15:56:56                      10
================================================================================
[2026-09-10T15:57:31.572+0000] {manager.py:997} INFO - 
================================================================================
DAG File Processing Stats

File Path                      PID    Runtime      # DAGs    # Errors  Last Runtime    Last Run               Last # of DB Queries
-----------------------------  -----  ---------  --------  ----------  --------------  -------------------  ----------------------
/opt/airflow/dags/pipeline.py                           1           0  0.50s           2026-09-10T15:57:26                      10
================================================================================
[2026-09-10T15:58:02.313+0000] {manager.py:997} INFO - 
================================================================================
DAG File Processing Stats

File Path                      PID    Runtime      # DAGs    # Errors  Last Runtime    Last Run               Last # of DB Queries
-----------------------------  -----  ---------  --------  ----------  --------------  -------------------  ----------------------
/opt/airflow/dags/pipeline.py                           1           0  0.60s           2026-09-10T15:57:57                      10
================================================================================
[2026-09-10T15:58:32.823+0000] {manager.py:997} INFO - 
================================================================================
DAG File Processing Stats

File Path                      PID    Runtime      # DAGs    # Errors  Last Runtime    Last Run               Last # of DB Queries
-----------------------------  -----  ---------  --------  ----------  --------------  -------------------  ----------------------
/opt/airflow/dags/pipeline.py                           1           0  0.66s           2026-09-10T15:58:28                      10
================================================================================
[2026-09-10T15:58:40.386+0000] {manager.py:821} INFO - Searching for files in /opt/airflow/dags
[2026-09-10T15:58:40.426+0000] {manager.py:824} INFO - There are 1 files in /opt/airflow/dags
[2026-09-10T15:59:03.363+0000] {manager.py:997} INFO - 
================================================================================
DAG File Processing Stats

File Path                      PID    Runtime      # DAGs    # Errors  Last Runtime    Last Run               Last # of DB Queries
-----------------------------  -----  ---------  --------  ----------  --------------  -------------------  ----------------------
/opt/airflow/dags/pipeline.py                           1           0  0.26s           2026-09-10T15:58:58                      10
================================================================================
[2026-09-10T15:59:33.934+0000] {manager.py:997} INFO - 
================================================================================
DAG File Processing Stats

File Path                      PID    Runtime      # DAGs    # Errors  Last Runtime    Last Run               Last # of DB Queries
-----------------------------  -----  ---------  --------  ----------  --------------  -------------------  ----------------------
/opt/airflow/dags/pipeline.py                           1           0  0.29s           2026-09-10T15:59:28                      10
================================================================================
[2026-09-10T16:00:04.375+0000] {manager.py:997} INFO - 
================================================================================
DAG File Processing Stats

File Path                      PID    Runtime      # DAGs    # Errors  Last Runtime    Last Run               Last # of DB Queries
-----------------------------  -----  ---------  --------  ----------  --------------  -------------------  ----------------------
/opt/airflow/dags/pipeline.py                           1           0  0.27s           2026-09-10T15:59:59                      10
================================================================================
[2026-09-10T16:00:34.886+0000] {manager.py:997} INFO - 
================================================================================
DAG File Processing Stats

File Path                      PID    Runtime      # DAGs    # Errors  Last Runtime    Last Run               Last # of DB Queries
-----------------------------  -----  ---------  --------  ----------  --------------  -------------------  ----------------------
/opt/airflow/dags/pipeline.py                           1           0  0.24s           2026-09-10T16:00:29                      10
================================================================================
[2026-09-10T16:01:05.311+0000] {manager.py:997} INFO - 
================================================================================
DAG File Processing Stats

File Path                      PID    Runtime      # DAGs    # Errors  Last Runtime    Last Run               Last # of DB Queries
-----------------------------  -----  ---------  --------  ----------  --------------  -------------------  ----------------------
/opt/airflow/dags/pipeline.py                           1           0  0.26s           2026-09-10T16:01:00                      10
================================================================================
[2026-09-10T16:01:35.839+0000] {manager.py:997} INFO - 
================================================================================
DAG File Processing Stats

File Path                      PID    Runtime      # DAGs    # Errors  Last Runtime    Last Run               Last # of DB Queries
-----------------------------  -----  ---------  --------  ----------  --------------  -------------------  ----------------------
/opt/airflow/dags/pipeline.py                           1           0  0.26s           2026-09-10T16:01:30                      10
================================================================================
[2026-09-10T16:02:06.253+0000] {manager.py:997} INFO - 
================================================================================
DAG File Processing Stats

File Path                      PID    Runtime      # DAGs    # Errors  Last Runtime    Last Run               Last # of DB Queries
-----------------------------  -----  ---------  --------  ----------  --------------  -------------------  ----------------------
/opt/airflow/dags/pipeline.py                           1           0  0.27s           2026-09-10T16:02:01                      10
================================================================================
[2026-09-10T16:02:36.777+0000] {manager.py:997} INFO - 
================================================================================
DAG File Processing Stats

File Path                      PID    Runtime      # DAGs    # Errors  Last Runtime    Last Run               Last # of DB Queries
-----------------------------  -----  ---------  --------  ----------  --------------  -------------------  ----------------------
/opt/airflow/dags/pipeline.py                           1           0  0.24s           2026-09-10T16:02:31                      10
================================================================================
[2026-09-10T16:03:07.187+0000] {manager.py:997} INFO - 
================================================================================
DAG File Processing Stats

File Path                      PID    Runtime      # DAGs    # Errors  Last Runtime    Last Run               Last # of DB Queries
-----------------------------  -----  ---------  --------  ----------  --------------  -------------------  ----------------------
/opt/airflow/dags/pipeline.py                           1           0  0.22s           2026-09-10T16:03:02                      10
================================================================================
[2026-09-10T16:03:37.688+0000] {manager.py:997} INFO - 
================================================================================
DAG File Processing Stats

File Path                      PID    Runtime      # DAGs    # Errors  Last Runtime    Last Run               Last # of DB Queries
-----------------------------  -----  ---------  --------  ----------  --------------  -------------------  ----------------------
/opt/airflow/dags/pipeline.py                           1           0  0.23s           2026-09-10T16:03:32                      10
================================================================================
[2026-09-10T16:03:40.717+0000] {manager.py:821} INFO - Searching for files in /opt/airflow/dags
[2026-09-10T16:03:40.771+0000] {manager.py:824} INFO - There are 1 files in /opt/airflow/dags
[2026-09-10T16:04:08.127+0000] {manager.py:997} INFO - 
================================================================================
DAG File Processing Stats

File Path                      PID    Runtime      # DAGs    # Errors  Last Runtime    Last Run               Last # of DB Queries
-----------------------------  -----  ---------  --------  ----------  --------------  -------------------  ----------------------
/opt/airflow/dags/pipeline.py                           1           0  0.21s           2026-09-10T16:04:03                      10
================================================================================
[2026-09-10T16:04:38.687+0000] {manager.py:997} INFO - 
================================================================================
DAG File Processing Stats

File Path                      PID    Runtime      # DAGs    # Errors  Last Runtime    Last Run               Last # of DB Queries
-----------------------------  -----  ---------  --------  ----------  --------------  -------------------  ----------------------
/opt/airflow/dags/pipeline.py                           1           0  0.23s           2026-09-10T16:04:33                      10
================================================================================
[2026-09-10T16:05:09.074+0000] {manager.py:997} INFO - 
================================================================================
DAG File Processing Stats

File Path                      PID    Runtime      # DAGs    # Errors  Last Runtime    Last Run               Last # of DB Queries
-----------------------------  -----  ---------  --------  ----------  --------------  -------------------  ----------------------
/opt/airflow/dags/pipeline.py                           1           0  0.24s           2026-09-10T16:05:04                      10
================================================================================
[2026-09-10T16:05:39.625+0000] {manager.py:997} INFO - 
================================================================================
DAG File Processing Stats

File Path                      PID    Runtime      # DAGs    # Errors  Last Runtime    Last Run               Last # of DB Queries
-----------------------------  -----  ---------  --------  ----------  --------------  -------------------  ----------------------
/opt/airflow/dags/pipeline.py                           1           0  0.26s           2026-09-10T16:05:34                      10
================================================================================
[2026-09-10T16:06:10.032+0000] {manager.py:997} INFO - 
================================================================================
DAG File Processing Stats

File Path                      PID    Runtime      # DAGs    # Errors  Last Runtime    Last Run               Last # of DB Queries
-----------------------------  -----  ---------  --------  ----------  --------------  -------------------  ----------------------
/opt/airflow/dags/pipeline.py                           1           0  0.25s           2026-09-10T16:06:05                      10
================================================================================
[2026-09-10T16:06:40.582+0000] {manager.py:997} INFO - 
================================================================================
DAG File Processing Stats

File Path                      PID    Runtime      # DAGs    # Errors  Last Runtime    Last Run               Last # of DB Queries
-----------------------------  -----  ---------  --------  ----------  --------------  -------------------  ----------------------
/opt/airflow/dags/pipeline.py                           1           0  0.23s           2026-09-10T16:06:35                      10
================================================================================
[2026-09-10T16:07:10.976+0000] {manager.py:997} INFO - 
================================================================================
DAG File Processing Stats

File Path                      PID    Runtime      # DAGs    # Errors  Last Runtime    Last Run               Last # of DB Queries
-----------------------------  -----  ---------  --------  ----------  --------------  -------------------  ----------------------
/opt/airflow/dags/pipeline.py                           1           0  0.25s           2026-09-10T16:07:06                      10
================================================================================
[2026-09-10T16:07:41.517+0000] {manager.py:997} INFO - 
================================================================================
DAG File Processing Stats

File Path                      PID    Runtime      # DAGs    # Errors  Last Runtime    Last Run               Last # of DB Queries
-----------------------------  -----  ---------  --------  ----------  --------------  -------------------  ----------------------
/opt/airflow/dags/pipeline.py                           1           0  0.25s           2026-09-10T16:07:36                      10
================================================================================
[2026-09-10T16:08:11.922+0000] {manager.py:997} INFO - 
================================================================================
DAG File Processing Stats

File Path                      PID    Runtime      # DAGs    # Errors  Last Runtime    Last Run               Last # of DB Queries
-----------------------------  -----  ---------  --------  ----------  --------------  -------------------  ----------------------
/opt/airflow/dags/pipeline.py                           1           0  0.25s           2026-09-10T16:08:07                      10
================================================================================
[2026-09-10T16:08:41.429+0000] {manager.py:821} INFO - Searching for files in /opt/airflow/dags
[2026-09-10T16:08:41.463+0000] {manager.py:824} INFO - There are 1 files in /opt/airflow/dags
[2026-09-10T16:08:42.497+0000] {manager.py:997} INFO - 
================================================================================
DAG File Processing Stats

File Path                      PID    Runtime      # DAGs    # Errors  Last Runtime    Last Run               Last # of DB Queries
-----------------------------  -----  ---------  --------  ----------  --------------  -------------------  ----------------------
/opt/airflow/dags/pipeline.py                           1           0  0.26s           2026-09-10T16:08:37                      10
================================================================================
[2026-09-10T16:09:12.877+0000] {manager.py:997} INFO - 
================================================================================
DAG File Processing Stats

File Path                      PID    Runtime      # DAGs    # Errors  Last Runtime    Last Run               Last # of DB Queries
-----------------------------  -----  ---------  --------  ----------  --------------  -------------------  ----------------------
/opt/airflow/dags/pipeline.py                           1           0  0.24s           2026-09-10T16:09:08                      10
================================================================================
[2026-09-10T16:09:43.412+0000] {manager.py:997} INFO - 
================================================================================
DAG File Processing Stats

File Path                      PID    Runtime      # DAGs    # Errors  Last Runtime    Last Run               Last # of DB Queries
-----------------------------  -----  ---------  --------  ----------  --------------  -------------------  ----------------------
/opt/airflow/dags/pipeline.py                           1           0  0.26s           2026-09-10T16:09:38                      10
================================================================================
[2026-09-10T16:10:13.848+0000] {manager.py:997} INFO - 
================================================================================
DAG File Processing Stats

File Path                      PID    Runtime      # DAGs    # Errors  Last Runtime    Last Run               Last # of DB Queries
-----------------------------  -----  ---------  --------  ----------  --------------  -------------------  ----------------------
/opt/airflow/dags/pipeline.py                           1           0  0.25s           2026-09-10T16:10:08                      10
================================================================================
[2026-09-10T16:10:44.333+0000] {manager.py:997} INFO - 
================================================================================
DAG File Processing Stats

File Path                      PID    Runtime      # DAGs    # Errors  Last Runtime    Last Run               Last # of DB Queries
-----------------------------  -----  ---------  --------  ----------  --------------  -------------------  ----------------------
/opt/airflow/dags/pipeline.py                           1           0  0.25s           2026-09-10T16:10:39                      10
================================================================================
[2026-09-10T16:11:14.769+0000] {manager.py:997} INFO - 
================================================================================
DAG File Processing Stats

File Path                      PID    Runtime      # DAGs    # Errors  Last Runtime    Last Run               Last # of DB Queries
-----------------------------  -----  ---------  --------  ----------  --------------  -------------------  ----------------------
/opt/airflow/dags/pipeline.py                           1           0  0.34s           2026-09-10T16:11:09                      10
================================================================================
[2026-09-10T16:11:45.137+0000] {manager.py:997} INFO - 
================================================================================
DAG File Processing Stats

File Path                      PID    Runtime      # DAGs    # Errors  Last Runtime    Last Run               Last # of DB Queries
-----------------------------  -----  ---------  --------  ----------  --------------  -------------------  ----------------------
/opt/airflow/dags/pipeline.py                           1           0  0.26s           2026-09-10T16:11:40                      10
================================================================================
[2026-09-10T16:12:15.680+0000] {manager.py:997} INFO - 
================================================================================
DAG File Processing Stats

File Path                      PID    Runtime      # DAGs    # Errors  Last Runtime    Last Run               Last # of DB Queries
-----------------------------  -----  ---------  --------  ----------  --------------  -------------------  ----------------------
/opt/airflow/dags/pipeline.py                           1           0  0.24s           2026-09-10T16:12:10                      10
================================================================================
[2026-09-10T16:12:46.167+0000] {manager.py:997} INFO - 
================================================================================
DAG File Processing Stats

File Path                      PID    Runtime      # DAGs    # Errors  Last Runtime    Last Run               Last # of DB Queries
-----------------------------  -----  ---------  --------  ----------  --------------  -------------------  ----------------------
/opt/airflow/dags/pipeline.py                           1           0  0.28s           2026-09-10T16:12:41                      10
================================================================================
[2026-09-10T16:13:16.623+0000] {manager.py:997} INFO - 
================================================================================
DAG File Processing Stats

File Path                      PID    Runtime      # DAGs    # Errors  Last Runtime    Last Run               Last # of DB Queries
-----------------------------  -----  ---------  --------  ----------  --------------  -------------------  ----------------------
/opt/airflow/dags/pipeline.py                           1           0  0.25s           2026-09-10T16:13:11                      10
================================================================================
[2026-09-10T16:13:41.916+0000] {manager.py:821} INFO - Searching for files in /opt/airflow/dags
[2026-09-10T16:13:41.964+0000] {manager.py:824} INFO - There are 1 files in /opt/airflow/dags
[2026-09-10T16:13:47.105+0000] {manager.py:997} INFO - 
================================================================================
DAG File Processing Stats

File Path                      PID    Runtime      # DAGs    # Errors  Last Runtime    Last Run               Last # of DB Queries
-----------------------------  -----  ---------  --------  ----------  --------------  -------------------  ----------------------
/opt/airflow/dags/pipeline.py                           1           0  0.24s           2026-09-10T16:13:42                      10
================================================================================
[2026-09-10T16:14:17.602+0000] {manager.py:997} INFO - 
================================================================================
DAG File Processing Stats

File Path                      PID    Runtime      # DAGs    # Errors  Last Runtime    Last Run               Last # of DB Queries
-----------------------------  -----  ---------  --------  ----------  --------------  -------------------  ----------------------
/opt/airflow/dags/pipeline.py                           1           0  0.22s           2026-09-10T16:14:12                      10
================================================================================
[2026-09-10T16:14:47.969+0000] {manager.py:997} INFO - 
================================================================================
DAG File Processing Stats

File Path                      PID    Runtime      # DAGs    # Errors  Last Runtime    Last Run               Last # of DB Queries
-----------------------------  -----  ---------  --------  ----------  --------------  -------------------  ----------------------
/opt/airflow/dags/pipeline.py                           1           0  0.23s           2026-09-10T16:14:43                      10
================================================================================
[2026-09-10T16:15:18.485+0000] {manager.py:997} INFO - 
================================================================================
DAG File Processing Stats

File Path                      PID    Runtime      # DAGs    # Errors  Last Runtime    Last Run               Last # of DB Queries
-----------------------------  -----  ---------  --------  ----------  --------------  -------------------  ----------------------
/opt/airflow/dags/pipeline.py                           1           0  0.25s           2026-09-10T16:15:13                      10
================================================================================
[2026-09-10T16:15:48.898+0000] {manager.py:997} INFO - 
================================================================================
DAG File Processing Stats

File Path                      PID    Runtime      # DAGs    # Errors  Last Runtime    Last Run               Last # of DB Queries
-----------------------------  -----  ---------  --------  ----------  --------------  -------------------  ----------------------
/opt/airflow/dags/pipeline.py                           1           0  0.26s           2026-09-10T16:15:44                      10
================================================================================
[2026-09-10T16:16:19.454+0000] {manager.py:997} INFO - 
================================================================================
DAG File Processing Stats

File Path                      PID    Runtime      # DAGs    # Errors  Last Runtime    Last Run               Last # of DB Queries
-----------------------------  -----  ---------  --------  ----------  --------------  -------------------  ----------------------
/opt/airflow/dags/pipeline.py                           1           0  0.25s           2026-09-10T16:16:14                      10
================================================================================
[2026-09-10T16:16:49.854+0000] {manager.py:997} INFO - 
================================================================================
DAG File Processing Stats

File Path                      PID    Runtime      # DAGs    # Errors  Last Runtime    Last Run               Last # of DB Queries
-----------------------------  -----  ---------  --------  ----------  --------------  -------------------  ----------------------
/opt/airflow/dags/pipeline.py                           1           0  0.23s           2026-09-10T16:16:44                      10
================================================================================
[2026-09-10T16:17:20.415+0000] {manager.py:997} INFO - 
================================================================================
DAG File Processing Stats

File Path                      PID    Runtime      # DAGs    # Errors  Last Runtime    Last Run               Last # of DB Queries
-----------------------------  -----  ---------  --------  ----------  --------------  -------------------  ----------------------
/opt/airflow/dags/pipeline.py                           1           0  0.23s           2026-09-10T16:17:15                      10
================================================================================
[2026-09-10T16:17:50.825+0000] {manager.py:997} INFO - 
================================================================================
DAG File Processing Stats

File Path                      PID    Runtime      # DAGs    # Errors  Last Runtime    Last Run               Last # of DB Queries
-----------------------------  -----  ---------  --------  ----------  --------------  -------------------  ----------------------
/opt/airflow/dags/pipeline.py                           1           0  0.23s           2026-09-10T16:17:45                      10
================================================================================
[2026-09-10T16:18:21.393+0000] {manager.py:997} INFO - 
================================================================================
DAG File Processing Stats

File Path                      PID    Runtime      # DAGs    # Errors  Last Runtime    Last Run               Last # of DB Queries
-----------------------------  -----  ---------  --------  ----------  --------------  -------------------  ----------------------
/opt/airflow/dags/pipeline.py                           1           0  0.27s           2026-09-10T16:18:16                      10
================================================================================
[2026-09-10T16:18:42.616+0000] {manager.py:821} INFO - Searching for files in /opt/airflow/dags
[2026-09-10T16:18:42.671+0000] {manager.py:824} INFO - There are 1 files in /opt/airflow/dags
[2026-09-10T16:18:51.835+0000] {manager.py:997} INFO - 
================================================================================
DAG File Processing Stats

File Path                      PID    Runtime      # DAGs    # Errors  Last Runtime    Last Run               Last # of DB Queries
-----------------------------  -----  ---------  --------  ----------  --------------  -------------------  ----------------------
/opt/airflow/dags/pipeline.py                           1           0  0.22s           2026-09-10T16:18:46                      10
================================================================================
[2026-09-10T16:19:22.388+0000] {manager.py:997} INFO - 
================================================================================
DAG File Processing Stats

File Path                      PID    Runtime      # DAGs    # Errors  Last Runtime    Last Run               Last # of DB Queries
-----------------------------  -----  ---------  --------  ----------  --------------  -------------------  ----------------------
/opt/airflow/dags/pipeline.py                           1           0  0.24s           2026-09-10T16:19:17                      10
================================================================================
[2026-09-10T16:19:52.760+0000] {manager.py:997} INFO - 
================================================================================
DAG File Processing Stats

File Path                      PID    Runtime      # DAGs    # Errors  Last Runtime    Last Run               Last # of DB Queries
-----------------------------  -----  ---------  --------  ----------  --------------  -------------------  ----------------------
/opt/airflow/dags/pipeline.py                           1           0  0.23s           2026-09-10T16:19:47                      10
================================================================================
[2026-09-10T16:20:23.276+0000] {manager.py:997} INFO - 
================================================================================
DAG File Processing Stats

File Path                      PID    Runtime      # DAGs    # Errors  Last Runtime    Last Run               Last # of DB Queries
-----------------------------  -----  ---------  --------  ----------  --------------  -------------------  ----------------------
/opt/airflow/dags/pipeline.py                           1           0  0.24s           2026-09-10T16:20:18                      10
================================================================================
[2026-09-10T16:20:53.677+0000] {manager.py:997} INFO - 
================================================================================
DAG File Processing Stats

File Path                      PID    Runtime      # DAGs    # Errors  Last Runtime    Last Run               Last # of DB Queries
-----------------------------  -----  ---------  --------  ----------  --------------  -------------------  ----------------------
/opt/airflow/dags/pipeline.py                           1           0  0.22s           2026-09-10T16:20:48                      10
================================================================================
[2026-09-10T16:21:24.131+0000] {manager.py:997} INFO - 
================================================================================
DAG File Processing Stats

File Path                      PID    Runtime      # DAGs    # Errors  Last Runtime    Last Run               Last # of DB Queries
-----------------------------  -----  ---------  --------  ----------  --------------  -------------------  ----------------------
/opt/airflow/dags/pipeline.py                           1           0  0.22s           2026-09-10T16:21:19                      10
================================================================================
[2026-09-10T16:21:54.532+0000] {manager.py:997} INFO - 
================================================================================
DAG File Processing Stats

File Path                      PID    Runtime      # DAGs    # Errors  Last Runtime    Last Run               Last # of DB Queries
-----------------------------  -----  ---------  --------  ----------  --------------  -------------------  ----------------------
/opt/airflow/dags/pipeline.py                           1           0  0.21s           2026-09-10T16:21:49                      10
================================================================================
[2026-09-10T16:22:25.041+0000] {manager.py:997} INFO - 
================================================================================
DAG File Processing Stats

File Path                      PID    Runtime      # DAGs    # Errors  Last Runtime    Last Run               Last # of DB Queries
-----------------------------  -----  ---------  --------  ----------  --------------  -------------------  ----------------------
/opt/airflow/dags/pipeline.py                           1           0  0.40s           2026-09-10T16:22:20                      10
================================================================================
[2026-09-10T16:22:55.676+0000] {manager.py:997} INFO - 
================================================================================
DAG File Processing Stats

File Path                      PID    Runtime      # DAGs    # Errors  Last Runtime    Last Run               Last # of DB Queries
-----------------------------  -----  ---------  --------  ----------  --------------  -------------------  ----------------------
/opt/airflow/dags/pipeline.py                           1           0  0.32s           2026-09-10T16:22:50                      10
================================================================================
[2026-09-10T16:23:26.092+0000] {manager.py:997} INFO - 
================================================================================
DAG File Processing Stats

File Path                      PID    Runtime      # DAGs    # Errors  Last Runtime    Last Run               Last # of DB Queries
-----------------------------  -----  ---------  --------  ----------  --------------  -------------------  ----------------------
/opt/airflow/dags/pipeline.py                           1           0  0.32s           2026-09-10T16:23:21                      10
================================================================================
[2026-09-10T16:23:43.279+0000] {manager.py:821} INFO - Searching for files in /opt/airflow/dags
[2026-09-10T16:23:43.319+0000] {manager.py:824} INFO - There are 1 files in /opt/airflow/dags
[2026-09-10T16:23:56.668+0000] {manager.py:997} INFO - 
================================================================================
DAG File Processing Stats

File Path                      PID    Runtime      # DAGs    # Errors  Last Runtime    Last Run               Last # of DB Queries
-----------------------------  -----  ---------  --------  ----------  --------------  -------------------  ----------------------
/opt/airflow/dags/pipeline.py                           1           0  0.26s           2026-09-10T16:23:51                      10
================================================================================
[2026-09-10T16:24:27.087+0000] {manager.py:997} INFO - 
================================================================================
DAG File Processing Stats

File Path                      PID    Runtime      # DAGs    # Errors  Last Runtime    Last Run               Last # of DB Queries
-----------------------------  -----  ---------  --------  ----------  --------------  -------------------  ----------------------
/opt/airflow/dags/pipeline.py                           1           0  0.24s           2026-09-10T16:24:22                      10
================================================================================
[2026-09-10T16:24:57.578+0000] {manager.py:997} INFO - 
================================================================================
DAG File Processing Stats

File Path                      PID    Runtime      # DAGs    # Errors  Last Runtime    Last Run               Last # of DB Queries
-----------------------------  -----  ---------  --------  ----------  --------------  -------------------  ----------------------
/opt/airflow/dags/pipeline.py                           1           0  0.24s           2026-09-10T16:24:52                      10
================================================================================
[2026-09-10T16:25:28.001+0000] {manager.py:997} INFO - 
================================================================================
DAG File Processing Stats

File Path                      PID    Runtime      # DAGs    # Errors  Last Runtime    Last Run               Last # of DB Queries
-----------------------------  -----  ---------  --------  ----------  --------------  -------------------  ----------------------
/opt/airflow/dags/pipeline.py                           1           0  0.26s           2026-09-10T16:25:23                      10
================================================================================
[2026-09-10T16:25:58.509+0000] {manager.py:997} INFO - 
================================================================================
DAG File Processing Stats

File Path                      PID    Runtime      # DAGs    # Errors  Last Runtime    Last Run               Last # of DB Queries
-----------------------------  -----  ---------  --------  ----------  --------------  -------------------  ----------------------
/opt/airflow/dags/pipeline.py                           1           0  0.26s           2026-09-10T16:25:53                      10
================================================================================
[2026-09-10T16:26:28.922+0000] {manager.py:997} INFO - 
================================================================================
DAG File Processing Stats

File Path                      PID    Runtime      # DAGs    # Errors  Last Runtime    Last Run               Last # of DB Queries
-----------------------------  -----  ---------  --------  ----------  --------------  -------------------  ----------------------
/opt/airflow/dags/pipeline.py                           1           0  0.23s           2026-09-10T16:26:24                      10
================================================================================
[2026-09-10T16:26:59.400+0000] {manager.py:997} INFO - 
================================================================================
DAG File Processing Stats

File Path                      PID    Runtime      # DAGs    # Errors  Last Runtime    Last Run               Last # of DB Queries
-----------------------------  -----  ---------  --------  ----------  --------------  -------------------  ----------------------
/opt/airflow/dags/pipeline.py                           1           0  0.33s           2026-09-10T16:26:54                      10
================================================================================
[2026-09-10T16:27:29.891+0000] {manager.py:997} INFO - 
================================================================================
DAG File Processing Stats

File Path                      PID    Runtime      # DAGs    # Errors  Last Runtime    Last Run               Last # of DB Queries
-----------------------------  -----  ---------  --------  ----------  --------------  -------------------  ----------------------
/opt/airflow/dags/pipeline.py                           1           0  0.26s           2026-09-10T16:27:24                      10
================================================================================
[2026-09-10T16:28:00.333+0000] {manager.py:997} INFO - 
================================================================================
DAG File Processing Stats

File Path                      PID    Runtime      # DAGs    # Errors  Last Runtime    Last Run               Last # of DB Queries
-----------------------------  -----  ---------  --------  ----------  --------------  -------------------  ----------------------
/opt/airflow/dags/pipeline.py                           1           0  0.24s           2026-09-10T16:27:55                      10
================================================================================
[2026-09-10T16:28:30.771+0000] {manager.py:997} INFO - 
================================================================================
DAG File Processing Stats

File Path                      PID    Runtime      # DAGs    # Errors  Last Runtime    Last Run               Last # of DB Queries
-----------------------------  -----  ---------  --------  ----------  --------------  -------------------  ----------------------
/opt/airflow/dags/pipeline.py                           1           0  0.23s           2026-09-10T16:28:25                      10
================================================================================
[2026-09-10T16:28:43.904+0000] {manager.py:821} INFO - Searching for files in /opt/airflow/dags
[2026-09-10T16:28:43.945+0000] {manager.py:824} INFO - There are 1 files in /opt/airflow/dags
[2026-09-10T16:29:01.215+0000] {manager.py:997} INFO - 
================================================================================
DAG File Processing Stats

File Path                      PID    Runtime      # DAGs    # Errors  Last Runtime    Last Run               Last # of DB Queries
-----------------------------  -----  ---------  --------  ----------  --------------  -------------------  ----------------------
/opt/airflow/dags/pipeline.py                           1           0  0.23s           2026-09-10T16:28:56                      10
================================================================================
[2026-09-10T16:29:31.776+0000] {manager.py:997} INFO - 
================================================================================
DAG File Processing Stats

File Path                      PID    Runtime      # DAGs    # Errors  Last Runtime    Last Run               Last # of DB Queries
-----------------------------  -----  ---------  --------  ----------  --------------  -------------------  ----------------------
/opt/airflow/dags/pipeline.py                           1           0  0.25s           2026-09-10T16:29:26                      10
================================================================================
[2026-09-10T16:30:02.180+0000] {manager.py:997} INFO - 
================================================================================
DAG File Processing Stats

File Path                      PID    Runtime      # DAGs    # Errors  Last Runtime    Last Run               Last # of DB Queries
-----------------------------  -----  ---------  --------  ----------  --------------  -------------------  ----------------------
/opt/airflow/dags/pipeline.py                           1           0  0.23s           2026-09-10T16:29:57                      10
================================================================================
[2026-09-10T16:30:32.732+0000] {manager.py:997} INFO - 
================================================================================
DAG File Processing Stats

File Path                      PID    Runtime      # DAGs    # Errors  Last Runtime    Last Run               Last # of DB Queries
-----------------------------  -----  ---------  --------  ----------  --------------  -------------------  ----------------------
/opt/airflow/dags/pipeline.py                           1           0  0.25s           2026-09-10T16:30:27                      10
================================================================================
[2026-09-10T16:31:03.169+0000] {manager.py:997} INFO - 
================================================================================
DAG File Processing Stats

File Path                      PID    Runtime      # DAGs    # Errors  Last Runtime    Last Run               Last # of DB Queries
-----------------------------  -----  ---------  --------  ----------  --------------  -------------------  ----------------------
/opt/airflow/dags/pipeline.py                           1           0  0.24s           2026-09-10T16:30:58                      10
================================================================================
[2026-09-10T16:31:33.628+0000] {manager.py:997} INFO - 
================================================================================
DAG File Processing Stats

File Path                      PID    Runtime      # DAGs    # Errors  Last Runtime    Last Run               Last # of DB Queries
-----------------------------  -----  ---------  --------  ----------  --------------  -------------------  ----------------------
/opt/airflow/dags/pipeline.py                           1           0  0.23s           2026-09-10T16:31:28                      10
================================================================================
[2026-09-10T16:32:04.080+0000] {manager.py:997} INFO - 
================================================================================
DAG File Processing Stats

File Path                      PID    Runtime      # DAGs    # Errors  Last Runtime    Last Run               Last # of DB Queries
-----------------------------  -----  ---------  --------  ----------  --------------  -------------------  ----------------------
/opt/airflow/dags/pipeline.py                           1           0  0.23s           2026-09-10T16:31:59                      10
================================================================================
[2026-09-10T16:32:34.473+0000] {manager.py:997} INFO - 
================================================================================
DAG File Processing Stats

File Path                      PID    Runtime      # DAGs    # Errors  Last Runtime    Last Run               Last # of DB Queries
-----------------------------  -----  ---------  --------  ----------  --------------  -------------------  ----------------------
/opt/airflow/dags/pipeline.py                           1           0  0.26s           2026-09-10T16:32:29                      10
================================================================================
[2026-09-10T16:33:04.994+0000] {manager.py:997} INFO - 
================================================================================
DAG File Processing Stats

File Path                      PID    Runtime      # DAGs    # Errors  Last Runtime    Last Run               Last # of DB Queries
-----------------------------  -----  ---------  --------  ----------  --------------  -------------------  ----------------------
/opt/airflow/dags/pipeline.py                           1           0  0.29s           2026-09-10T16:33:00                      10
================================================================================
[2026-09-10T16:33:35.442+0000] {manager.py:997} INFO - 
================================================================================
DAG File Processing Stats

File Path                      PID    Runtime      # DAGs    # Errors  Last Runtime    Last Run               Last # of DB Queries
-----------------------------  -----  ---------  --------  ----------  --------------  -------------------  ----------------------
/opt/airflow/dags/pipeline.py                           1           0  0.29s           2026-09-10T16:33:30                      10
================================================================================
[2026-09-10T16:33:44.538+0000] {manager.py:821} INFO - Searching for files in /opt/airflow/dags
[2026-09-10T16:33:44.592+0000] {manager.py:824} INFO - There are 1 files in /opt/airflow/dags
[2026-09-10T16:34:05.985+0000] {manager.py:997} INFO - 
================================================================================
DAG File Processing Stats

File Path                      PID    Runtime      # DAGs    # Errors  Last Runtime    Last Run               Last # of DB Queries
-----------------------------  -----  ---------  --------  ----------  --------------  -------------------  ----------------------
/opt/airflow/dags/pipeline.py                           1           0  0.29s           2026-09-10T16:34:01                      10
================================================================================
[2026-09-10T16:34:36.492+0000] {manager.py:997} INFO - 
================================================================================
DAG File Processing Stats

File Path                      PID    Runtime      # DAGs    # Errors  Last Runtime    Last Run               Last # of DB Queries
-----------------------------  -----  ---------  --------  ----------  --------------  -------------------  ----------------------
/opt/airflow/dags/pipeline.py                           1           0  0.25s           2026-09-10T16:34:31                      10
================================================================================
[2026-09-10T16:35:06.912+0000] {manager.py:997} INFO - 
================================================================================
DAG File Processing Stats

File Path                      PID    Runtime      # DAGs    # Errors  Last Runtime    Last Run               Last # of DB Queries
-----------------------------  -----  ---------  --------  ----------  --------------  -------------------  ----------------------
/opt/airflow/dags/pipeline.py                           1           0  0.24s           2026-09-10T16:35:02                      10
================================================================================
[2026-09-10T16:35:37.383+0000] {manager.py:997} INFO - 
================================================================================
DAG File Processing Stats

File Path                      PID    Runtime      # DAGs    # Errors  Last Runtime    Last Run               Last # of DB Queries
-----------------------------  -----  ---------  --------  ----------  --------------  -------------------  ----------------------
/opt/airflow/dags/pipeline.py                           1           0  0.24s           2026-09-10T16:35:32                      10
================================================================================
[2026-09-10T16:36:07.886+0000] {manager.py:997} INFO - 
================================================================================
DAG File Processing Stats

File Path                      PID    Runtime      # DAGs    # Errors  Last Runtime    Last Run               Last # of DB Queries
-----------------------------  -----  ---------  --------  ----------  --------------  -------------------  ----------------------
/opt/airflow/dags/pipeline.py                           1           0  0.35s           2026-09-10T16:36:03                      10
================================================================================
[2026-09-10T16:36:38.417+0000] {manager.py:997} INFO - 
================================================================================
DAG File Processing Stats

File Path                      PID    Runtime      # DAGs    # Errors  Last Runtime    Last Run               Last # of DB Queries
-----------------------------  -----  ---------  --------  ----------  --------------  -------------------  ----------------------
/opt/airflow/dags/pipeline.py                           1           0  0.24s           2026-09-10T16:36:33                      10
================================================================================
[2026-09-10T16:37:08.797+0000] {manager.py:997} INFO - 
================================================================================
DAG File Processing Stats

File Path                      PID    Runtime      # DAGs    # Errors  Last Runtime    Last Run               Last # of DB Queries
-----------------------------  -----  ---------  --------  ----------  --------------  -------------------  ----------------------
/opt/airflow/dags/pipeline.py                           1           0  0.24s           2026-09-10T16:37:03                      10
================================================================================
[2026-09-11T12:08:32.318+0000] {manager.py:483} INFO - Processing files using up to 2 processes at a time 
[2026-09-11T12:08:32.320+0000] {manager.py:484} INFO - Process each file at most once every 30 seconds
[2026-09-11T12:08:32.321+0000] {manager.py:485} INFO - Checking for new files in /opt/airflow/dags every 300 seconds
[2026-09-11T12:08:32.322+0000] {manager.py:821} INFO - Searching for files in /opt/airflow/dags
[2026-09-11T12:08:32.350+0000] {manager.py:824} INFO - There are 1 files in /opt/airflow/dags
[2026-09-11T12:08:32.490+0000] {manager.py:997} INFO - 
================================================================================
DAG File Processing Stats

File Path                        PID  Runtime      # DAGs    # Errors  Last Runtime    Last Run      Last # of DB Queries
-----------------------------  -----  ---------  --------  ----------  --------------  ----------  ----------------------
/opt/airflow/dags/pipeline.py     41  0.05s             0           0                                                   0
================================================================================
[2026-09-11T12:09:02.662+0000] {manager.py:997} INFO - 
================================================================================
DAG File Processing Stats

File Path                      PID    Runtime      # DAGs    # Errors  Last Runtime    Last Run               Last # of DB Queries
-----------------------------  -----  ---------  --------  ----------  --------------  -------------------  ----------------------
/opt/airflow/dags/pipeline.py                           1           0  0.23s           2026-09-11T12:08:32                      10
================================================================================
[2026-09-11T12:09:33.020+0000] {manager.py:997} INFO - 
================================================================================
DAG File Processing Stats

File Path                        PID  Runtime      # DAGs    # Errors  Last Runtime    Last Run               Last # of DB Queries
-----------------------------  -----  ---------  --------  ----------  --------------  -------------------  ----------------------
/opt/airflow/dags/pipeline.py     43  0.01s             1           0  0.13s           2026-09-11T12:09:02                      10
================================================================================
[2026-09-11T12:10:03.296+0000] {manager.py:997} INFO - 
================================================================================
DAG File Processing Stats

File Path                        PID  Runtime      # DAGs    # Errors  Last Runtime    Last Run               Last # of DB Queries
-----------------------------  -----  ---------  --------  ----------  --------------  -------------------  ----------------------
/opt/airflow/dags/pipeline.py     44  0.01s             1           0  0.11s           2026-09-11T12:09:33                      10
================================================================================
[2026-09-11T12:10:33.483+0000] {manager.py:997} INFO - 
================================================================================
DAG File Processing Stats

File Path                        PID  Runtime      # DAGs    # Errors  Last Runtime    Last Run               Last # of DB Queries
-----------------------------  -----  ---------  --------  ----------  --------------  -------------------  ----------------------
/opt/airflow/dags/pipeline.py     45  0.01s             1           0  0.10s           2026-09-11T12:10:03                      10
================================================================================
[2026-09-11T12:11:03.724+0000] {manager.py:997} INFO - 
================================================================================
DAG File Processing Stats

File Path                        PID  Runtime      # DAGs    # Errors  Last Runtime    Last Run               Last # of DB Queries
-----------------------------  -----  ---------  --------  ----------  --------------  -------------------  ----------------------
/opt/airflow/dags/pipeline.py     46  0.01s             1           0  0.10s           2026-09-11T12:10:33                      10
================================================================================
[2026-09-11T12:11:33.921+0000] {manager.py:997} INFO - 
================================================================================
DAG File Processing Stats

File Path                        PID  Runtime      # DAGs    # Errors  Last Runtime    Last Run               Last # of DB Queries
-----------------------------  -----  ---------  --------  ----------  --------------  -------------------  ----------------------
/opt/airflow/dags/pipeline.py     47  0.01s             1           0  0.09s           2026-09-11T12:11:03                      10
================================================================================
[2026-09-11T12:12:04.140+0000] {manager.py:997} INFO - 
================================================================================
DAG File Processing Stats

File Path                        PID  Runtime      # DAGs    # Errors  Last Runtime    Last Run               Last # of DB Queries
-----------------------------  -----  ---------  --------  ----------  --------------  -------------------  ----------------------
/opt/airflow/dags/pipeline.py     48  0.01s             1           0  0.09s           2026-09-11T12:11:34                      10
================================================================================
[2026-09-11T12:12:34.337+0000] {manager.py:997} INFO - 
================================================================================
DAG File Processing Stats

File Path                        PID  Runtime      # DAGs    # Errors  Last Runtime    Last Run               Last # of DB Queries
-----------------------------  -----  ---------  --------  ----------  --------------  -------------------  ----------------------
/opt/airflow/dags/pipeline.py     49  0.01s             1           0  0.10s           2026-09-11T12:12:04                      10
================================================================================
[2026-09-11T12:13:04.563+0000] {manager.py:997} INFO - 
================================================================================
DAG File Processing Stats

File Path                        PID  Runtime      # DAGs    # Errors  Last Runtime    Last Run               Last # of DB Queries
-----------------------------  -----  ---------  --------  ----------  --------------  -------------------  ----------------------
/opt/airflow/dags/pipeline.py     50  0.01s             1           0  0.11s           2026-09-11T12:12:34                      10
================================================================================
[2026-09-11T12:13:32.745+0000] {manager.py:821} INFO - Searching for files in /opt/airflow/dags
[2026-09-11T12:13:32.758+0000] {manager.py:824} INFO - There are 1 files in /opt/airflow/dags
[2026-09-11T12:13:34.798+0000] {manager.py:997} INFO - 
================================================================================
DAG File Processing Stats

File Path                        PID  Runtime      # DAGs    # Errors  Last Runtime    Last Run               Last # of DB Queries
-----------------------------  -----  ---------  --------  ----------  --------------  -------------------  ----------------------
/opt/airflow/dags/pipeline.py     51  0.01s             1           0  0.10s           2026-09-11T12:13:04                      10
================================================================================
[2026-09-11T12:14:04.991+0000] {manager.py:997} INFO - 
================================================================================
DAG File Processing Stats

File Path                        PID  Runtime      # DAGs    # Errors  Last Runtime    Last Run               Last # of DB Queries
-----------------------------  -----  ---------  --------  ----------  --------------  -------------------  ----------------------
/opt/airflow/dags/pipeline.py     52  0.01s             1           0  0.10s           2026-09-11T12:13:34                      10
================================================================================
[2026-09-11T12:14:35.231+0000] {manager.py:997} INFO - 
================================================================================
DAG File Processing Stats

File Path                        PID  Runtime      # DAGs    # Errors  Last Runtime    Last Run               Last # of DB Queries
-----------------------------  -----  ---------  --------  ----------  --------------  -------------------  ----------------------
/opt/airflow/dags/pipeline.py     53  0.01s             1           0  0.09s           2026-09-11T12:14:05                      10
================================================================================
[2026-09-11T12:15:05.420+0000] {manager.py:997} INFO - 
================================================================================
DAG File Processing Stats

File Path                        PID  Runtime      # DAGs    # Errors  Last Runtime    Last Run               Last # of DB Queries
-----------------------------  -----  ---------  --------  ----------  --------------  -------------------  ----------------------
/opt/airflow/dags/pipeline.py     54  0.01s             1           0  0.10s           2026-09-11T12:14:35                      10
================================================================================
[2026-09-11T12:15:35.662+0000] {manager.py:997} INFO - 
================================================================================
DAG File Processing Stats

File Path                        PID  Runtime      # DAGs    # Errors  Last Runtime    Last Run               Last # of DB Queries
-----------------------------  -----  ---------  --------  ----------  --------------  -------------------  ----------------------
/opt/airflow/dags/pipeline.py     55  0.01s             1           0  0.10s           2026-09-11T12:15:05                      10
================================================================================
[2026-09-11T12:16:05.856+0000] {manager.py:997} INFO - 
================================================================================
DAG File Processing Stats

File Path                        PID  Runtime      # DAGs    # Errors  Last Runtime    Last Run               Last # of DB Queries
-----------------------------  -----  ---------  --------  ----------  --------------  -------------------  ----------------------
/opt/airflow/dags/pipeline.py     56  0.01s             1           0  0.10s           2026-09-11T12:15:35                      10
================================================================================
[2026-09-11T12:16:36.104+0000] {manager.py:997} INFO - 
================================================================================
DAG File Processing Stats

File Path                        PID  Runtime      # DAGs    # Errors  Last Runtime    Last Run               Last # of DB Queries
-----------------------------  -----  ---------  --------  ----------  --------------  -------------------  ----------------------
/opt/airflow/dags/pipeline.py     57  0.01s             1           0  0.10s           2026-09-11T12:16:05                      10
================================================================================
[2026-09-11T12:17:06.310+0000] {manager.py:997} INFO - 
================================================================================
DAG File Processing Stats

File Path                        PID  Runtime      # DAGs    # Errors  Last Runtime    Last Run               Last # of DB Queries
-----------------------------  -----  ---------  --------  ----------  --------------  -------------------  ----------------------
/opt/airflow/dags/pipeline.py     58  0.01s             1           0  0.09s           2026-09-11T12:16:36                      10
================================================================================
[2026-09-11T12:17:36.524+0000] {manager.py:997} INFO - 
================================================================================
DAG File Processing Stats

File Path                        PID  Runtime      # DAGs    # Errors  Last Runtime    Last Run               Last # of DB Queries
-----------------------------  -----  ---------  --------  ----------  --------------  -------------------  ----------------------
/opt/airflow/dags/pipeline.py     59  0.01s             1           0  0.10s           2026-09-11T12:17:06                      10
================================================================================
[2026-09-11T12:18:06.746+0000] {manager.py:997} INFO - 
================================================================================
DAG File Processing Stats

File Path                        PID  Runtime      # DAGs    # Errors  Last Runtime    Last Run               Last # of DB Queries
-----------------------------  -----  ---------  --------  ----------  --------------  -------------------  ----------------------
/opt/airflow/dags/pipeline.py     60  0.01s             1           0  0.12s           2026-09-11T12:17:36                      10
================================================================================
[2026-09-11T12:18:32.961+0000] {manager.py:821} INFO - Searching for files in /opt/airflow/dags
[2026-09-11T12:18:32.974+0000] {manager.py:824} INFO - There are 1 files in /opt/airflow/dags
[2026-09-11T12:18:37.022+0000] {manager.py:997} INFO - 
================================================================================
DAG File Processing Stats

File Path                        PID  Runtime      # DAGs    # Errors  Last Runtime    Last Run               Last # of DB Queries
-----------------------------  -----  ---------  --------  ----------  --------------  -------------------  ----------------------
/opt/airflow/dags/pipeline.py     61  0.01s             1           0  0.09s           2026-09-11T12:18:06                      10
================================================================================
[2026-09-11T12:19:07.223+0000] {manager.py:997} INFO - 
================================================================================
DAG File Processing Stats

File Path                        PID  Runtime      # DAGs    # Errors  Last Runtime    Last Run               Last # of DB Queries
-----------------------------  -----  ---------  --------  ----------  --------------  -------------------  ----------------------
/opt/airflow/dags/pipeline.py     62  0.01s             1           0  0.10s           2026-09-11T12:18:37                      10
================================================================================
[2026-09-11T12:19:37.470+0000] {manager.py:997} INFO - 
================================================================================
DAG File Processing Stats

File Path                        PID  Runtime      # DAGs    # Errors  Last Runtime    Last Run               Last # of DB Queries
-----------------------------  -----  ---------  --------  ----------  --------------  -------------------  ----------------------
/opt/airflow/dags/pipeline.py     63  0.01s             1           0  0.22s           2026-09-11T12:19:07                      10
================================================================================
[2026-09-11T12:20:07.647+0000] {manager.py:997} INFO - 
================================================================================
DAG File Processing Stats

File Path                        PID  Runtime      # DAGs    # Errors  Last Runtime    Last Run               Last # of DB Queries
-----------------------------  -----  ---------  --------  ----------  --------------  -------------------  ----------------------
/opt/airflow/dags/pipeline.py     64  0.01s             1           0  0.11s           2026-09-11T12:19:37                      10
================================================================================
[2026-09-11T12:20:37.915+0000] {manager.py:997} INFO - 
================================================================================
DAG File Processing Stats

File Path                        PID  Runtime      # DAGs    # Errors  Last Runtime    Last Run               Last # of DB Queries
-----------------------------  -----  ---------  --------  ----------  --------------  -------------------  ----------------------
/opt/airflow/dags/pipeline.py     65  0.01s             1           0  0.10s           2026-09-11T12:20:07                      10
================================================================================
[2026-09-11T12:21:08.098+0000] {manager.py:997} INFO - 
================================================================================
DAG File Processing Stats

File Path                        PID  Runtime      # DAGs    # Errors  Last Runtime    Last Run               Last # of DB Queries
-----------------------------  -----  ---------  --------  ----------  --------------  -------------------  ----------------------
/opt/airflow/dags/pipeline.py     66  0.01s             1           0  0.09s           2026-09-11T12:20:38                      10
================================================================================
[2026-09-11T12:21:38.341+0000] {manager.py:997} INFO - 
================================================================================
DAG File Processing Stats

File Path                        PID  Runtime      # DAGs    # Errors  Last Runtime    Last Run               Last # of DB Queries
-----------------------------  -----  ---------  --------  ----------  --------------  -------------------  ----------------------
/opt/airflow/dags/pipeline.py     67  0.01s             1           0  0.12s           2026-09-11T12:21:08                      10
================================================================================
[2026-09-11T12:22:08.536+0000] {manager.py:997} INFO - 
================================================================================
DAG File Processing Stats

File Path                        PID  Runtime      # DAGs    # Errors  Last Runtime    Last Run               Last # of DB Queries
-----------------------------  -----  ---------  --------  ----------  --------------  -------------------  ----------------------
/opt/airflow/dags/pipeline.py     68  0.01s             1           0  0.11s           2026-09-11T12:21:38                      10
================================================================================
[2026-09-11T12:22:38.778+0000] {manager.py:997} INFO - 
================================================================================
DAG File Processing Stats

File Path                        PID  Runtime      # DAGs    # Errors  Last Runtime    Last Run               Last # of DB Queries
-----------------------------  -----  ---------  --------  ----------  --------------  -------------------  ----------------------
/opt/airflow/dags/pipeline.py     69  0.01s             1           0  0.10s           2026-09-11T12:22:08                      10
================================================================================
[2026-09-11T12:23:08.986+0000] {manager.py:997} INFO - 
================================================================================
DAG File Processing Stats

File Path                        PID  Runtime      # DAGs    # Errors  Last Runtime    Last Run               Last # of DB Queries
-----------------------------  -----  ---------  --------  ----------  --------------  -------------------  ----------------------
/opt/airflow/dags/pipeline.py     70  0.01s             1           0  0.13s           2026-09-11T12:22:38                      10
================================================================================
[2026-09-11T12:23:33.188+0000] {manager.py:821} INFO - Searching for files in /opt/airflow/dags
[2026-09-11T12:23:33.202+0000] {manager.py:824} INFO - There are 1 files in /opt/airflow/dags
[2026-09-11T12:23:39.264+0000] {manager.py:997} INFO - 
================================================================================
DAG File Processing Stats

File Path                        PID  Runtime      # DAGs    # Errors  Last Runtime    Last Run               Last # of DB Queries
-----------------------------  -----  ---------  --------  ----------  --------------  -------------------  ----------------------
/opt/airflow/dags/pipeline.py     71  0.01s             1           0  0.10s           2026-09-11T12:23:09                      10
================================================================================
[2026-09-11T12:24:09.459+0000] {manager.py:997} INFO - 
================================================================================
DAG File Processing Stats

File Path                        PID  Runtime      # DAGs    # Errors  Last Runtime    Last Run               Last # of DB Queries
-----------------------------  -----  ---------  --------  ----------  --------------  -------------------  ----------------------
/opt/airflow/dags/pipeline.py     72  0.01s             1           0  0.11s           2026-09-11T12:23:39                      10
================================================================================
[2026-09-11T12:24:39.708+0000] {manager.py:997} INFO - 
================================================================================
DAG File Processing Stats

File Path                        PID  Runtime      # DAGs    # Errors  Last Runtime    Last Run               Last # of DB Queries
-----------------------------  -----  ---------  --------  ----------  --------------  -------------------  ----------------------
/opt/airflow/dags/pipeline.py     73  0.01s             1           0  0.10s           2026-09-11T12:24:09                      10
================================================================================
[2026-09-11T12:25:09.914+0000] {manager.py:997} INFO - 
================================================================================
DAG File Processing Stats

File Path                        PID  Runtime      # DAGs    # Errors  Last Runtime    Last Run               Last # of DB Queries
-----------------------------  -----  ---------  --------  ----------  --------------  -------------------  ----------------------
/opt/airflow/dags/pipeline.py     74  0.01s             1           0  0.10s           2026-09-11T12:24:39                      10
================================================================================
[2026-09-11T12:25:40.134+0000] {manager.py:997} INFO - 
================================================================================
DAG File Processing Stats

File Path                        PID  Runtime      # DAGs    # Errors  Last Runtime    Last Run               Last # of DB Queries
-----------------------------  -----  ---------  --------  ----------  --------------  -------------------  ----------------------
/opt/airflow/dags/pipeline.py     75  0.01s             1           0  0.10s           2026-09-11T12:25:09                      10
================================================================================
[2026-09-11T12:26:10.336+0000] {manager.py:997} INFO - 
================================================================================
DAG File Processing Stats

File Path                        PID  Runtime      # DAGs    # Errors  Last Runtime    Last Run               Last # of DB Queries
-----------------------------  -----  ---------  --------  ----------  --------------  -------------------  ----------------------
/opt/airflow/dags/pipeline.py     76  0.01s             1           0  0.09s           2026-09-11T12:25:40                      10
================================================================================
[2026-09-11T12:26:40.561+0000] {manager.py:997} INFO - 
================================================================================
DAG File Processing Stats

File Path                        PID  Runtime      # DAGs    # Errors  Last Runtime    Last Run               Last # of DB Queries
-----------------------------  -----  ---------  --------  ----------  --------------  -------------------  ----------------------
/opt/airflow/dags/pipeline.py     77  0.01s             1           0  0.11s           2026-09-11T12:26:10                      10
================================================================================
[2026-09-11T12:27:10.765+0000] {manager.py:997} INFO - 
================================================================================
DAG File Processing Stats

File Path                        PID  Runtime      # DAGs    # Errors  Last Runtime    Last Run               Last # of DB Queries
-----------------------------  -----  ---------  --------  ----------  --------------  -------------------  ----------------------
/opt/airflow/dags/pipeline.py     78  0.01s             1           0  0.10s           2026-09-11T12:26:40                      10
================================================================================
[2026-09-11T12:27:40.985+0000] {manager.py:997} INFO - 
================================================================================
DAG File Processing Stats

File Path                        PID  Runtime      # DAGs    # Errors  Last Runtime    Last Run               Last # of DB Queries
-----------------------------  -----  ---------  --------  ----------  --------------  -------------------  ----------------------
/opt/airflow/dags/pipeline.py     79  0.01s             1           0  0.09s           2026-09-11T12:27:10                      10
================================================================================
[2026-09-11T12:28:11.170+0000] {manager.py:997} INFO - 
================================================================================
DAG File Processing Stats

File Path                        PID  Runtime      # DAGs    # Errors  Last Runtime    Last Run               Last # of DB Queries
-----------------------------  -----  ---------  --------  ----------  --------------  -------------------  ----------------------
/opt/airflow/dags/pipeline.py     80  0.01s             1           0  0.10s           2026-09-11T12:27:41                      10
================================================================================
[2026-09-11T12:28:33.343+0000] {manager.py:821} INFO - Searching for files in /opt/airflow/dags
[2026-09-11T12:28:33.359+0000] {manager.py:824} INFO - There are 1 files in /opt/airflow/dags
[2026-09-11T12:28:41.429+0000] {manager.py:997} INFO - 
================================================================================
DAG File Processing Stats

File Path                        PID  Runtime      # DAGs    # Errors  Last Runtime    Last Run               Last # of DB Queries
-----------------------------  -----  ---------  --------  ----------  --------------  -------------------  ----------------------
/opt/airflow/dags/pipeline.py     81  0.01s             1           0  0.09s           2026-09-11T12:28:11                      10
================================================================================
[2026-09-11T12:29:11.616+0000] {manager.py:997} INFO - 
================================================================================
DAG File Processing Stats

File Path                        PID  Runtime      # DAGs    # Errors  Last Runtime    Last Run               Last # of DB Queries
-----------------------------  -----  ---------  --------  ----------  --------------  -------------------  ----------------------
/opt/airflow/dags/pipeline.py     82  0.01s             1           0  0.10s           2026-09-11T12:28:41                      10
================================================================================
[2026-09-11T12:29:41.860+0000] {manager.py:997} INFO - 
================================================================================
DAG File Processing Stats

File Path                      PID    Runtime      # DAGs    # Errors  Last Runtime    Last Run               Last # of DB Queries
-----------------------------  -----  ---------  --------  ----------  --------------  -------------------  ----------------------
/opt/airflow/dags/pipeline.py                           1           0  0.09s           2026-09-11T12:29:29                       9
================================================================================
[2026-09-11T12:30:12.090+0000] {manager.py:997} INFO - 
================================================================================
DAG File Processing Stats

File Path                      PID    Runtime      # DAGs    # Errors  Last Runtime    Last Run               Last # of DB Queries
-----------------------------  -----  ---------  --------  ----------  --------------  -------------------  ----------------------
/opt/airflow/dags/pipeline.py                           1           0  0.10s           2026-09-11T12:30:00                      10
================================================================================
[2026-09-11T12:30:42.285+0000] {manager.py:997} INFO - 
================================================================================
DAG File Processing Stats

File Path                      PID    Runtime      # DAGs    # Errors  Last Runtime    Last Run               Last # of DB Queries
-----------------------------  -----  ---------  --------  ----------  --------------  -------------------  ----------------------
/opt/airflow/dags/pipeline.py                           1           0  0.10s           2026-09-11T12:30:30                      10
================================================================================
[2026-09-11T12:31:12.522+0000] {manager.py:997} INFO - 
================================================================================
DAG File Processing Stats

File Path                      PID    Runtime      # DAGs    # Errors  Last Runtime    Last Run               Last # of DB Queries
-----------------------------  -----  ---------  --------  ----------  --------------  -------------------  ----------------------
/opt/airflow/dags/pipeline.py                           1           0  0.09s           2026-09-11T12:31:00                      10
================================================================================
[2026-09-11T12:31:42.717+0000] {manager.py:997} INFO - 
================================================================================
DAG File Processing Stats

File Path                      PID    Runtime      # DAGs    # Errors  Last Runtime    Last Run               Last # of DB Queries
-----------------------------  -----  ---------  --------  ----------  --------------  -------------------  ----------------------
/opt/airflow/dags/pipeline.py                           1           0  0.10s           2026-09-11T12:31:30                      10
================================================================================
[2026-09-11T12:32:12.943+0000] {manager.py:997} INFO - 
================================================================================
DAG File Processing Stats

File Path                      PID    Runtime      # DAGs    # Errors  Last Runtime    Last Run               Last # of DB Queries
-----------------------------  -----  ---------  --------  ----------  --------------  -------------------  ----------------------
/opt/airflow/dags/pipeline.py                           1           0  0.10s           2026-09-11T12:32:00                      10
================================================================================
[2026-09-11T12:32:43.142+0000] {manager.py:997} INFO - 
================================================================================
DAG File Processing Stats

File Path                      PID    Runtime      # DAGs    # Errors  Last Runtime    Last Run               Last # of DB Queries
-----------------------------  -----  ---------  --------  ----------  --------------  -------------------  ----------------------
/opt/airflow/dags/pipeline.py                           1           0  0.10s           2026-09-11T12:32:31                      10
================================================================================
[2026-09-11T12:33:13.377+0000] {manager.py:997} INFO - 
================================================================================
DAG File Processing Stats

File Path                      PID    Runtime      # DAGs    # Errors  Last Runtime    Last Run               Last # of DB Queries
-----------------------------  -----  ---------  --------  ----------  --------------  -------------------  ----------------------
/opt/airflow/dags/pipeline.py                           1           0  0.11s           2026-09-11T12:33:01                      10
================================================================================
[2026-09-11T12:33:33.534+0000] {manager.py:821} INFO - Searching for files in /opt/airflow/dags
[2026-09-11T12:33:33.547+0000] {manager.py:824} INFO - There are 1 files in /opt/airflow/dags
[2026-09-11T12:33:43.622+0000] {manager.py:997} INFO - 
================================================================================
DAG File Processing Stats

File Path                      PID    Runtime      # DAGs    # Errors  Last Runtime    Last Run               Last # of DB Queries
-----------------------------  -----  ---------  --------  ----------  --------------  -------------------  ----------------------
/opt/airflow/dags/pipeline.py                           1           0  0.10s           2026-09-11T12:33:31                      10
================================================================================
[2026-09-11T12:34:13.821+0000] {manager.py:997} INFO - 
================================================================================
DAG File Processing Stats

File Path                      PID    Runtime      # DAGs    # Errors  Last Runtime    Last Run               Last # of DB Queries
-----------------------------  -----  ---------  --------  ----------  --------------  -------------------  ----------------------
/opt/airflow/dags/pipeline.py                           1           0  0.09s           2026-09-11T12:34:01                      10
================================================================================
[2026-09-11T12:34:44.050+0000] {manager.py:997} INFO - 
================================================================================
DAG File Processing Stats

File Path                      PID    Runtime      # DAGs    # Errors  Last Runtime    Last Run               Last # of DB Queries
-----------------------------  -----  ---------  --------  ----------  --------------  -------------------  ----------------------
/opt/airflow/dags/pipeline.py                           1           0  0.10s           2026-09-11T12:34:32                      10
================================================================================
[2026-09-11T12:35:14.244+0000] {manager.py:997} INFO - 
================================================================================
DAG File Processing Stats

File Path                      PID    Runtime      # DAGs    # Errors  Last Runtime    Last Run               Last # of DB Queries
-----------------------------  -----  ---------  --------  ----------  --------------  -------------------  ----------------------
/opt/airflow/dags/pipeline.py                           1           0  0.09s           2026-09-11T12:35:02                      10
================================================================================
[2026-09-11T12:35:44.466+0000] {manager.py:997} INFO - 
================================================================================
DAG File Processing Stats

File Path                      PID    Runtime      # DAGs    # Errors  Last Runtime    Last Run               Last # of DB Queries
-----------------------------  -----  ---------  --------  ----------  --------------  -------------------  ----------------------
/opt/airflow/dags/pipeline.py                           1           0  0.10s           2026-09-11T12:35:32                      10
================================================================================
[2026-09-11T12:36:14.670+0000] {manager.py:997} INFO - 
================================================================================
DAG File Processing Stats

File Path                      PID    Runtime      # DAGs    # Errors  Last Runtime    Last Run               Last # of DB Queries
-----------------------------  -----  ---------  --------  ----------  --------------  -------------------  ----------------------
/opt/airflow/dags/pipeline.py                           1           0  0.10s           2026-09-11T12:36:02                      10
================================================================================
[2026-09-11T12:36:44.895+0000] {manager.py:997} INFO - 
================================================================================
DAG File Processing Stats

File Path                      PID    Runtime      # DAGs    # Errors  Last Runtime    Last Run               Last # of DB Queries
-----------------------------  -----  ---------  --------  ----------  --------------  -------------------  ----------------------
/opt/airflow/dags/pipeline.py                           1           0  0.11s           2026-09-11T12:36:32                      10
================================================================================
[2026-09-11T12:37:15.103+0000] {manager.py:997} INFO - 
================================================================================
DAG File Processing Stats

File Path                      PID    Runtime      # DAGs    # Errors  Last Runtime    Last Run               Last # of DB Queries
-----------------------------  -----  ---------  --------  ----------  --------------  -------------------  ----------------------
/opt/airflow/dags/pipeline.py                           1           0  0.10s           2026-09-11T12:37:03                      10
================================================================================
[2026-09-11T12:37:45.334+0000] {manager.py:997} INFO - 
================================================================================
DAG File Processing Stats

File Path                      PID    Runtime      # DAGs    # Errors  Last Runtime    Last Run               Last # of DB Queries
-----------------------------  -----  ---------  --------  ----------  --------------  -------------------  ----------------------
/opt/airflow/dags/pipeline.py                           1           0  0.09s           2026-09-11T12:37:33                      10
================================================================================
[2026-09-11T12:38:15.527+0000] {manager.py:997} INFO - 
================================================================================
DAG File Processing Stats

File Path                      PID    Runtime      # DAGs    # Errors  Last Runtime    Last Run               Last # of DB Queries
-----------------------------  -----  ---------  --------  ----------  --------------  -------------------  ----------------------
/opt/airflow/dags/pipeline.py                           1           0  0.09s           2026-09-11T12:38:03                      10
================================================================================
[2026-09-11T12:38:33.643+0000] {manager.py:821} INFO - Searching for files in /opt/airflow/dags
[2026-09-11T12:38:33.656+0000] {manager.py:824} INFO - There are 1 files in /opt/airflow/dags
[2026-09-11T12:38:45.758+0000] {manager.py:997} INFO - 
================================================================================
DAG File Processing Stats

File Path                      PID    Runtime      # DAGs    # Errors  Last Runtime    Last Run               Last # of DB Queries
-----------------------------  -----  ---------  --------  ----------  --------------  -------------------  ----------------------
/opt/airflow/dags/pipeline.py                           1           0  0.09s           2026-09-11T12:38:33                      10
================================================================================
[2026-09-11T12:39:15.987+0000] {manager.py:997} INFO - 
================================================================================
DAG File Processing Stats

File Path                      PID    Runtime      # DAGs    # Errors  Last Runtime    Last Run               Last # of DB Queries
-----------------------------  -----  ---------  --------  ----------  --------------  -------------------  ----------------------
/opt/airflow/dags/pipeline.py                           1           0  0.10s           2026-09-11T12:39:03                      10
================================================================================
[2026-09-11T12:39:46.178+0000] {manager.py:997} INFO - 
================================================================================
DAG File Processing Stats

File Path                      PID    Runtime      # DAGs    # Errors  Last Runtime    Last Run               Last # of DB Queries
-----------------------------  -----  ---------  --------  ----------  --------------  -------------------  ----------------------
/opt/airflow/dags/pipeline.py                           1           0  0.09s           2026-09-11T12:39:34                      10
================================================================================
[2026-09-11T12:40:16.397+0000] {manager.py:997} INFO - 
================================================================================
DAG File Processing Stats

File Path                      PID    Runtime      # DAGs    # Errors  Last Runtime    Last Run               Last # of DB Queries
-----------------------------  -----  ---------  --------  ----------  --------------  -------------------  ----------------------
/opt/airflow/dags/pipeline.py                           1           0  0.09s           2026-09-11T12:40:04                      10
================================================================================
[2026-09-11T12:40:46.591+0000] {manager.py:997} INFO - 
================================================================================
DAG File Processing Stats

File Path                      PID    Runtime      # DAGs    # Errors  Last Runtime    Last Run               Last # of DB Queries
-----------------------------  -----  ---------  --------  ----------  --------------  -------------------  ----------------------
/opt/airflow/dags/pipeline.py                           1           0  0.09s           2026-09-11T12:40:34                      10
================================================================================
[2026-09-11T12:41:16.934+0000] {manager.py:997} INFO - 
================================================================================
DAG File Processing Stats

File Path                      PID    Runtime      # DAGs    # Errors  Last Runtime    Last Run               Last # of DB Queries
-----------------------------  -----  ---------  --------  ----------  --------------  -------------------  ----------------------
/opt/airflow/dags/pipeline.py                           1           0  0.11s           2026-09-11T12:40:52                      10
================================================================================
[2026-09-11T12:41:47.152+0000] {manager.py:997} INFO - 
================================================================================
DAG File Processing Stats

File Path                      PID    Runtime      # DAGs    # Errors  Last Runtime    Last Run               Last # of DB Queries
-----------------------------  -----  ---------  --------  ----------  --------------  -------------------  ----------------------
/opt/airflow/dags/pipeline.py                           1           0  0.10s           2026-09-11T12:41:23                      10
================================================================================
[2026-09-11T12:42:17.372+0000] {manager.py:997} INFO - 
================================================================================
DAG File Processing Stats

File Path                      PID    Runtime      # DAGs    # Errors  Last Runtime    Last Run               Last # of DB Queries
-----------------------------  -----  ---------  --------  ----------  --------------  -------------------  ----------------------
/opt/airflow/dags/pipeline.py                           1           0  0.09s           2026-09-11T12:41:53                      10
================================================================================
[2026-09-11T12:42:47.569+0000] {manager.py:997} INFO - 
================================================================================
DAG File Processing Stats

File Path                      PID    Runtime      # DAGs    # Errors  Last Runtime    Last Run               Last # of DB Queries
-----------------------------  -----  ---------  --------  ----------  --------------  -------------------  ----------------------
/opt/airflow/dags/pipeline.py                           1           0  0.13s           2026-09-11T12:42:23                      10
================================================================================
[2026-09-11T12:43:17.836+0000] {manager.py:997} INFO - 
================================================================================
DAG File Processing Stats

File Path                      PID    Runtime      # DAGs    # Errors  Last Runtime    Last Run               Last # of DB Queries
-----------------------------  -----  ---------  --------  ----------  --------------  -------------------  ----------------------
/opt/airflow/dags/pipeline.py                           1           0  0.11s           2026-09-11T12:42:53                      10
================================================================================
[2026-09-11T12:43:33.942+0000] {manager.py:821} INFO - Searching for files in /opt/airflow/dags
[2026-09-11T12:43:33.956+0000] {manager.py:824} INFO - There are 1 files in /opt/airflow/dags
[2026-09-11T12:43:48.054+0000] {manager.py:997} INFO - 
================================================================================
DAG File Processing Stats

File Path                      PID    Runtime      # DAGs    # Errors  Last Runtime    Last Run               Last # of DB Queries
-----------------------------  -----  ---------  --------  ----------  --------------  -------------------  ----------------------
/opt/airflow/dags/pipeline.py                           1           0  0.09s           2026-09-11T12:43:23                      10
================================================================================
[2026-09-11T12:44:18.250+0000] {manager.py:997} INFO - 
================================================================================
DAG File Processing Stats

File Path                      PID    Runtime      # DAGs    # Errors  Last Runtime    Last Run               Last # of DB Queries
-----------------------------  -----  ---------  --------  ----------  --------------  -------------------  ----------------------
/opt/airflow/dags/pipeline.py                           1           0  0.10s           2026-09-11T12:43:54                      10
================================================================================
[2026-09-11T12:44:48.486+0000] {manager.py:997} INFO - 
================================================================================
DAG File Processing Stats

File Path                      PID    Runtime      # DAGs    # Errors  Last Runtime    Last Run               Last # of DB Queries
-----------------------------  -----  ---------  --------  ----------  --------------  -------------------  ----------------------
/opt/airflow/dags/pipeline.py                           1           0  0.10s           2026-09-11T12:44:24                      10
================================================================================
[2026-09-11T12:45:18.675+0000] {manager.py:997} INFO - 
================================================================================
DAG File Processing Stats

File Path                      PID    Runtime      # DAGs    # Errors  Last Runtime    Last Run               Last # of DB Queries
-----------------------------  -----  ---------  --------  ----------  --------------  -------------------  ----------------------
/opt/airflow/dags/pipeline.py                           1           0  0.11s           2026-09-11T12:44:54                      10
================================================================================
[2026-09-11T12:45:48.924+0000] {manager.py:997} INFO - 
================================================================================
DAG File Processing Stats

File Path                      PID    Runtime      # DAGs    # Errors  Last Runtime    Last Run               Last # of DB Queries
-----------------------------  -----  ---------  --------  ----------  --------------  -------------------  ----------------------
/opt/airflow/dags/pipeline.py                           1           0  0.10s           2026-09-11T12:45:24                      10
================================================================================
[2026-09-11T12:46:19.121+0000] {manager.py:997} INFO - 
================================================================================
DAG File Processing Stats

File Path                      PID    Runtime      # DAGs    # Errors  Last Runtime    Last Run               Last # of DB Queries
-----------------------------  -----  ---------  --------  ----------  --------------  -------------------  ----------------------
/opt/airflow/dags/pipeline.py                           1           0  0.11s           2026-09-11T12:45:55                      10
================================================================================
[2026-09-11T12:46:49.371+0000] {manager.py:997} INFO - 
================================================================================
DAG File Processing Stats

File Path                      PID    Runtime      # DAGs    # Errors  Last Runtime    Last Run               Last # of DB Queries
-----------------------------  -----  ---------  --------  ----------  --------------  -------------------  ----------------------
/opt/airflow/dags/pipeline.py                           1           0  0.10s           2026-09-11T12:46:25                      10
================================================================================
[2026-09-11T12:47:19.570+0000] {manager.py:997} INFO - 
================================================================================
DAG File Processing Stats

File Path                      PID    Runtime      # DAGs    # Errors  Last Runtime    Last Run               Last # of DB Queries
-----------------------------  -----  ---------  --------  ----------  --------------  -------------------  ----------------------
/opt/airflow/dags/pipeline.py                           1           0  0.09s           2026-09-11T12:46:55                      10
================================================================================
[2026-09-11T12:47:49.788+0000] {manager.py:997} INFO - 
================================================================================
DAG File Processing Stats

File Path                      PID    Runtime      # DAGs    # Errors  Last Runtime    Last Run               Last # of DB Queries
-----------------------------  -----  ---------  --------  ----------  --------------  -------------------  ----------------------
/opt/airflow/dags/pipeline.py                           1           0  0.10s           2026-09-11T12:47:25                      10
================================================================================
[2026-09-11T12:48:19.980+0000] {manager.py:997} INFO - 
================================================================================
DAG File Processing Stats

File Path                      PID    Runtime      # DAGs    # Errors  Last Runtime    Last Run               Last # of DB Queries
-----------------------------  -----  ---------  --------  ----------  --------------  -------------------  ----------------------
/opt/airflow/dags/pipeline.py                           1           0  0.10s           2026-09-11T12:47:55                      10
================================================================================
[2026-09-11T12:48:34.112+0000] {manager.py:821} INFO - Searching for files in /opt/airflow/dags
[2026-09-11T12:48:34.126+0000] {manager.py:824} INFO - There are 1 files in /opt/airflow/dags
[2026-09-11T12:48:50.229+0000] {manager.py:997} INFO - 
================================================================================
DAG File Processing Stats

File Path                      PID    Runtime      # DAGs    # Errors  Last Runtime    Last Run               Last # of DB Queries
-----------------------------  -----  ---------  --------  ----------  --------------  -------------------  ----------------------
/opt/airflow/dags/pipeline.py                           1           0  0.10s           2026-09-11T12:48:26                      10
================================================================================
[2026-09-11T12:49:20.421+0000] {manager.py:997} INFO - 
================================================================================
DAG File Processing Stats

File Path                      PID    Runtime      # DAGs    # Errors  Last Runtime    Last Run               Last # of DB Queries
-----------------------------  -----  ---------  --------  ----------  --------------  -------------------  ----------------------
/opt/airflow/dags/pipeline.py                           1           0  0.10s           2026-09-11T12:48:56                      10
================================================================================
[2026-09-11T12:49:50.660+0000] {manager.py:997} INFO - 
================================================================================
DAG File Processing Stats

File Path                      PID    Runtime      # DAGs    # Errors  Last Runtime    Last Run               Last # of DB Queries
-----------------------------  -----  ---------  --------  ----------  --------------  -------------------  ----------------------
/opt/airflow/dags/pipeline.py                           1           0  0.10s           2026-09-11T12:49:26                      10
================================================================================
[2026-09-11T12:50:20.862+0000] {manager.py:997} INFO - 
================================================================================
DAG File Processing Stats

File Path                      PID    Runtime      # DAGs    # Errors  Last Runtime    Last Run               Last # of DB Queries
-----------------------------  -----  ---------  --------  ----------  --------------  -------------------  ----------------------
/opt/airflow/dags/pipeline.py                           1           0  0.10s           2026-09-11T12:49:56                      10
================================================================================
[2026-09-11T12:50:51.103+0000] {manager.py:997} INFO - 
================================================================================
DAG File Processing Stats

File Path                      PID    Runtime      # DAGs    # Errors  Last Runtime    Last Run               Last # of DB Queries
-----------------------------  -----  ---------  --------  ----------  --------------  -------------------  ----------------------
/opt/airflow/dags/pipeline.py                           1           0  0.09s           2026-09-11T12:50:26                      10
================================================================================
[2026-09-11T12:51:21.300+0000] {manager.py:997} INFO - 
================================================================================
DAG File Processing Stats

File Path                      PID    Runtime      # DAGs    # Errors  Last Runtime    Last Run               Last # of DB Queries
-----------------------------  -----  ---------  --------  ----------  --------------  -------------------  ----------------------
/opt/airflow/dags/pipeline.py                           1           0  0.11s           2026-09-11T12:50:57                      10
================================================================================
[2026-09-11T12:51:51.557+0000] {manager.py:997} INFO - 
================================================================================
DAG File Processing Stats

File Path                      PID    Runtime      # DAGs    # Errors  Last Runtime    Last Run               Last # of DB Queries
-----------------------------  -----  ---------  --------  ----------  --------------  -------------------  ----------------------
/opt/airflow/dags/pipeline.py                           1           0  0.10s           2026-09-11T12:51:27                      10
================================================================================
[2026-09-11T12:52:21.755+0000] {manager.py:997} INFO - 
================================================================================
DAG File Processing Stats

File Path                      PID    Runtime      # DAGs    # Errors  Last Runtime    Last Run               Last # of DB Queries
-----------------------------  -----  ---------  --------  ----------  --------------  -------------------  ----------------------
/opt/airflow/dags/pipeline.py                           1           0  0.10s           2026-09-11T12:51:57                      10
================================================================================
[2026-09-11T12:52:51.985+0000] {manager.py:997} INFO - 
================================================================================
DAG File Processing Stats

File Path                      PID    Runtime      # DAGs    # Errors  Last Runtime    Last Run               Last # of DB Queries
-----------------------------  -----  ---------  --------  ----------  --------------  -------------------  ----------------------
/opt/airflow/dags/pipeline.py                           1           0  0.09s           2026-09-11T12:52:27                      10
================================================================================
[2026-09-11T12:53:22.193+0000] {manager.py:997} INFO - 
================================================================================
DAG File Processing Stats

File Path                      PID    Runtime      # DAGs    # Errors  Last Runtime    Last Run               Last # of DB Queries
-----------------------------  -----  ---------  --------  ----------  --------------  -------------------  ----------------------
/opt/airflow/dags/pipeline.py                           1           0  0.13s           2026-09-11T12:52:58                      10
================================================================================
[2026-09-11T12:53:34.342+0000] {manager.py:821} INFO - Searching for files in /opt/airflow/dags
[2026-09-11T12:53:34.356+0000] {manager.py:824} INFO - There are 1 files in /opt/airflow/dags
[2026-09-11T12:53:52.479+0000] {manager.py:997} INFO - 
================================================================================
DAG File Processing Stats

File Path                      PID    Runtime      # DAGs    # Errors  Last Runtime    Last Run               Last # of DB Queries
-----------------------------  -----  ---------  --------  ----------  --------------  -------------------  ----------------------
/opt/airflow/dags/pipeline.py                           1           0  0.10s           2026-09-11T12:53:28                      10
================================================================================
[2026-09-11T12:54:22.672+0000] {manager.py:997} INFO - 
================================================================================
DAG File Processing Stats

File Path                      PID    Runtime      # DAGs    # Errors  Last Runtime    Last Run               Last # of DB Queries
-----------------------------  -----  ---------  --------  ----------  --------------  -------------------  ----------------------
/opt/airflow/dags/pipeline.py                           1           0  0.10s           2026-09-11T12:53:58                      10
================================================================================
[2026-09-11T12:54:52.908+0000] {manager.py:997} INFO - 
================================================================================
DAG File Processing Stats

File Path                      PID    Runtime      # DAGs    # Errors  Last Runtime    Last Run               Last # of DB Queries
-----------------------------  -----  ---------  --------  ----------  --------------  -------------------  ----------------------
/opt/airflow/dags/pipeline.py                           1           0  0.10s           2026-09-11T12:54:28                      10
================================================================================
[2026-09-11T12:55:23.106+0000] {manager.py:997} INFO - 
================================================================================
DAG File Processing Stats

File Path                      PID    Runtime      # DAGs    # Errors  Last Runtime    Last Run               Last # of DB Queries
-----------------------------  -----  ---------  --------  ----------  --------------  -------------------  ----------------------
/opt/airflow/dags/pipeline.py                           1           0  0.09s           2026-09-11T12:54:59                      10
================================================================================
[2026-09-11T12:55:53.337+0000] {manager.py:997} INFO - 
================================================================================
DAG File Processing Stats

File Path                      PID    Runtime      # DAGs    # Errors  Last Runtime    Last Run               Last # of DB Queries
-----------------------------  -----  ---------  --------  ----------  --------------  -------------------  ----------------------
/opt/airflow/dags/pipeline.py                           1           0  0.10s           2026-09-11T12:55:29                      10
================================================================================
[2026-09-11T12:56:23.527+0000] {manager.py:997} INFO - 
================================================================================
DAG File Processing Stats

File Path                      PID    Runtime      # DAGs    # Errors  Last Runtime    Last Run               Last # of DB Queries
-----------------------------  -----  ---------  --------  ----------  --------------  -------------------  ----------------------
/opt/airflow/dags/pipeline.py                           1           0  0.25s           2026-09-11T12:55:59                      10
================================================================================
[2026-09-11T12:56:53.930+0000] {manager.py:997} INFO - 
================================================================================
DAG File Processing Stats

File Path                      PID    Runtime      # DAGs    # Errors  Last Runtime    Last Run               Last # of DB Queries
-----------------------------  -----  ---------  --------  ----------  --------------  -------------------  ----------------------
/opt/airflow/dags/pipeline.py                           1           0  0.10s           2026-09-11T12:56:29                      10
================================================================================
[2026-09-11T12:57:24.180+0000] {manager.py:997} INFO - 
================================================================================
DAG File Processing Stats

File Path                      PID    Runtime      # DAGs    # Errors  Last Runtime    Last Run               Last # of DB Queries
-----------------------------  -----  ---------  --------  ----------  --------------  -------------------  ----------------------
/opt/airflow/dags/pipeline.py                           1           0  0.12s           2026-09-11T12:57:00                      10
================================================================================
[2026-09-11T12:57:54.382+0000] {manager.py:997} INFO - 
================================================================================
DAG File Processing Stats

File Path                      PID    Runtime      # DAGs    # Errors  Last Runtime    Last Run               Last # of DB Queries
-----------------------------  -----  ---------  --------  ----------  --------------  -------------------  ----------------------
/opt/airflow/dags/pipeline.py                           1           0  0.13s           2026-09-11T12:57:30                      10
================================================================================
[2026-09-11T12:58:24.653+0000] {manager.py:997} INFO - 
================================================================================
DAG File Processing Stats

File Path                      PID    Runtime      # DAGs    # Errors  Last Runtime    Last Run               Last # of DB Queries
-----------------------------  -----  ---------  --------  ----------  --------------  -------------------  ----------------------
/opt/airflow/dags/pipeline.py                           1           0  0.11s           2026-09-11T12:58:00                      10
================================================================================
[2026-09-11T12:58:34.732+0000] {manager.py:821} INFO - Searching for files in /opt/airflow/dags
[2026-09-11T12:58:34.749+0000] {manager.py:824} INFO - There are 1 files in /opt/airflow/dags
[2026-09-11T12:58:54.882+0000] {manager.py:997} INFO - 
================================================================================
DAG File Processing Stats

File Path                      PID    Runtime      # DAGs    # Errors  Last Runtime    Last Run               Last # of DB Queries
-----------------------------  -----  ---------  --------  ----------  --------------  -------------------  ----------------------
/opt/airflow/dags/pipeline.py                           1           0  0.12s           2026-09-11T12:58:30                      10
================================================================================
[2026-09-11T12:59:25.104+0000] {manager.py:997} INFO - 
================================================================================
DAG File Processing Stats

File Path                      PID    Runtime      # DAGs    # Errors  Last Runtime    Last Run               Last # of DB Queries
-----------------------------  -----  ---------  --------  ----------  --------------  -------------------  ----------------------
/opt/airflow/dags/pipeline.py                           1           0  0.29s           2026-09-11T12:59:01                      10
================================================================================
[2026-09-11T12:59:55.519+0000] {manager.py:997} INFO - 
================================================================================
DAG File Processing Stats

File Path                      PID    Runtime      # DAGs    # Errors  Last Runtime    Last Run               Last # of DB Queries
-----------------------------  -----  ---------  --------  ----------  --------------  -------------------  ----------------------
/opt/airflow/dags/pipeline.py                           1           0  0.10s           2026-09-11T12:59:31                      10
================================================================================
[2026-09-11T13:00:25.780+0000] {manager.py:997} INFO - 
================================================================================
DAG File Processing Stats

File Path                      PID    Runtime      # DAGs    # Errors  Last Runtime    Last Run               Last # of DB Queries
-----------------------------  -----  ---------  --------  ----------  --------------  -------------------  ----------------------
/opt/airflow/dags/pipeline.py                           1           0  0.16s           2026-09-11T13:00:01                      10
================================================================================
[2026-09-11T13:00:56.014+0000] {manager.py:997} INFO - 
================================================================================
DAG File Processing Stats

File Path                      PID    Runtime      # DAGs    # Errors  Last Runtime    Last Run               Last # of DB Queries
-----------------------------  -----  ---------  --------  ----------  --------------  -------------------  ----------------------
/opt/airflow/dags/pipeline.py                           1           0  0.11s           2026-09-11T13:00:31                      10
================================================================================
[2026-09-11T13:01:26.214+0000] {manager.py:997} INFO - 
================================================================================
DAG File Processing Stats

File Path                      PID    Runtime      # DAGs    # Errors  Last Runtime    Last Run               Last # of DB Queries
-----------------------------  -----  ---------  --------  ----------  --------------  -------------------  ----------------------
/opt/airflow/dags/pipeline.py                           1           0  0.09s           2026-09-11T13:01:02                      10
================================================================================
[2026-09-11T13:01:56.442+0000] {manager.py:997} INFO - 
================================================================================
DAG File Processing Stats

File Path                      PID    Runtime      # DAGs    # Errors  Last Runtime    Last Run               Last # of DB Queries
-----------------------------  -----  ---------  --------  ----------  --------------  -------------------  ----------------------
/opt/airflow/dags/pipeline.py                           1           0  0.11s           2026-09-11T13:01:32                      10
================================================================================
[2026-09-11T13:02:26.655+0000] {manager.py:997} INFO - 
================================================================================
DAG File Processing Stats

File Path                      PID    Runtime      # DAGs    # Errors  Last Runtime    Last Run               Last # of DB Queries
-----------------------------  -----  ---------  --------  ----------  --------------  -------------------  ----------------------
/opt/airflow/dags/pipeline.py                           1           0  0.27s           2026-09-11T13:02:02                      10
================================================================================
[2026-09-11T13:02:57.062+0000] {manager.py:997} INFO - 
================================================================================
DAG File Processing Stats

File Path                      PID    Runtime      # DAGs    # Errors  Last Runtime    Last Run               Last # of DB Queries
-----------------------------  -----  ---------  --------  ----------  --------------  -------------------  ----------------------
/opt/airflow/dags/pipeline.py                           1           0  0.10s           2026-09-11T13:02:33                      10
================================================================================
[2026-09-11T13:03:27.315+0000] {manager.py:997} INFO - 
================================================================================
DAG File Processing Stats

File Path                      PID    Runtime      # DAGs    # Errors  Last Runtime    Last Run               Last # of DB Queries
-----------------------------  -----  ---------  --------  ----------  --------------  -------------------  ----------------------
/opt/airflow/dags/pipeline.py                           1           0  0.10s           2026-09-11T13:03:03                      10
================================================================================
[2026-09-11T13:03:35.382+0000] {manager.py:821} INFO - Searching for files in /opt/airflow/dags
[2026-09-11T13:03:35.396+0000] {manager.py:824} INFO - There are 1 files in /opt/airflow/dags
[2026-09-11T13:03:57.541+0000] {manager.py:997} INFO - 
================================================================================
DAG File Processing Stats

File Path                      PID    Runtime      # DAGs    # Errors  Last Runtime    Last Run               Last # of DB Queries
-----------------------------  -----  ---------  --------  ----------  --------------  -------------------  ----------------------
/opt/airflow/dags/pipeline.py                           1           0  0.11s           2026-09-11T13:03:33                      10
================================================================================
[2026-09-11T13:04:27.762+0000] {manager.py:997} INFO - 
================================================================================
DAG File Processing Stats

File Path                      PID    Runtime      # DAGs    # Errors  Last Runtime    Last Run               Last # of DB Queries
-----------------------------  -----  ---------  --------  ----------  --------------  -------------------  ----------------------
/opt/airflow/dags/pipeline.py                           1           0  0.10s           2026-09-11T13:04:03                      10
================================================================================
[2026-09-11T13:04:57.971+0000] {manager.py:997} INFO - 
================================================================================
DAG File Processing Stats

File Path                      PID    Runtime      # DAGs    # Errors  Last Runtime    Last Run               Last # of DB Queries
-----------------------------  -----  ---------  --------  ----------  --------------  -------------------  ----------------------
/opt/airflow/dags/pipeline.py                           1           0  0.28s           2026-09-11T13:04:34                      10
================================================================================
[2026-09-11T13:05:28.404+0000] {manager.py:997} INFO - 
================================================================================
DAG File Processing Stats

File Path                      PID    Runtime      # DAGs    # Errors  Last Runtime    Last Run               Last # of DB Queries
-----------------------------  -----  ---------  --------  ----------  --------------  -------------------  ----------------------
/opt/airflow/dags/pipeline.py                           1           0  0.09s           2026-09-11T13:05:04                      10
================================================================================
[2026-09-11T13:05:58.633+0000] {manager.py:997} INFO - 
================================================================================
DAG File Processing Stats

File Path                      PID    Runtime      # DAGs    # Errors  Last Runtime    Last Run               Last # of DB Queries
-----------------------------  -----  ---------  --------  ----------  --------------  -------------------  ----------------------
/opt/airflow/dags/pipeline.py                           1           0  0.10s           2026-09-11T13:05:34                      10
================================================================================
[2026-09-11T13:06:28.826+0000] {manager.py:997} INFO - 
================================================================================
DAG File Processing Stats

File Path                      PID    Runtime      # DAGs    # Errors  Last Runtime    Last Run               Last # of DB Queries
-----------------------------  -----  ---------  --------  ----------  --------------  -------------------  ----------------------
/opt/airflow/dags/pipeline.py                           1           0  0.10s           2026-09-11T13:06:04                      10
================================================================================
[2026-09-11T13:06:59.061+0000] {manager.py:997} INFO - 
================================================================================
DAG File Processing Stats

File Path                      PID    Runtime      # DAGs    # Errors  Last Runtime    Last Run               Last # of DB Queries
-----------------------------  -----  ---------  --------  ----------  --------------  -------------------  ----------------------
/opt/airflow/dags/pipeline.py                           1           0  0.10s           2026-09-11T13:06:34                      10
================================================================================
[2026-09-11T13:07:29.461+0000] {manager.py:997} INFO - 
================================================================================
DAG File Processing Stats

File Path                        PID  Runtime      # DAGs    # Errors  Last Runtime    Last Run               Last # of DB Queries
-----------------------------  -----  ---------  --------  ----------  --------------  -------------------  ----------------------
/opt/airflow/dags/pipeline.py    166  0.01s             1           0  0.08s           2026-09-11T13:07:28                       9
================================================================================
[2026-09-11T13:07:59.718+0000] {manager.py:997} INFO - 
================================================================================
DAG File Processing Stats

File Path                        PID  Runtime      # DAGs    # Errors  Last Runtime    Last Run               Last # of DB Queries
-----------------------------  -----  ---------  --------  ----------  --------------  -------------------  ----------------------
/opt/airflow/dags/pipeline.py    167  0.01s             1           0  0.10s           2026-09-11T13:07:29                       9
================================================================================
[2026-09-11T13:08:29.920+0000] {manager.py:997} INFO - 
================================================================================
DAG File Processing Stats

File Path                        PID  Runtime      # DAGs    # Errors  Last Runtime    Last Run               Last # of DB Queries
-----------------------------  -----  ---------  --------  ----------  --------------  -------------------  ----------------------
/opt/airflow/dags/pipeline.py    168  0.01s             1           0  0.10s           2026-09-11T13:07:59                      10
================================================================================
[2026-09-11T13:08:35.995+0000] {manager.py:821} INFO - Searching for files in /opt/airflow/dags
[2026-09-11T13:08:36.010+0000] {manager.py:824} INFO - There are 1 files in /opt/airflow/dags
[2026-09-11T13:09:00.177+0000] {manager.py:997} INFO - 
================================================================================
DAG File Processing Stats

File Path                        PID  Runtime      # DAGs    # Errors  Last Runtime    Last Run               Last # of DB Queries
-----------------------------  -----  ---------  --------  ----------  --------------  -------------------  ----------------------
/opt/airflow/dags/pipeline.py    169  0.01s             1           0  0.09s           2026-09-11T13:08:30                      10
================================================================================
[2026-09-11T13:09:30.388+0000] {manager.py:997} INFO - 
================================================================================
DAG File Processing Stats

File Path                        PID  Runtime      # DAGs    # Errors  Last Runtime    Last Run               Last # of DB Queries
-----------------------------  -----  ---------  --------  ----------  --------------  -------------------  ----------------------
/opt/airflow/dags/pipeline.py    170  0.01s             1           0  0.10s           2026-09-11T13:09:00                      10
================================================================================
[2026-09-11T13:10:00.606+0000] {manager.py:997} INFO - 
================================================================================
DAG File Processing Stats

File Path                        PID  Runtime      # DAGs    # Errors  Last Runtime    Last Run               Last # of DB Queries
-----------------------------  -----  ---------  --------  ----------  --------------  -------------------  ----------------------
/opt/airflow/dags/pipeline.py    171  0.01s             1           0  0.09s           2026-09-11T13:09:30                      10
================================================================================
[2026-09-11T13:10:30.813+0000] {manager.py:997} INFO - 
================================================================================
DAG File Processing Stats

File Path                        PID  Runtime      # DAGs    # Errors  Last Runtime    Last Run               Last # of DB Queries
-----------------------------  -----  ---------  --------  ----------  --------------  -------------------  ----------------------
/opt/airflow/dags/pipeline.py    172  0.01s             1           0  0.10s           2026-09-11T13:10:00                      10
================================================================================
[2026-09-11T13:11:01.010+0000] {manager.py:997} INFO - 
================================================================================
DAG File Processing Stats

File Path                      PID    Runtime      # DAGs    # Errors  Last Runtime    Last Run               Last # of DB Queries
-----------------------------  -----  ---------  --------  ----------  --------------  -------------------  ----------------------
/opt/airflow/dags/pipeline.py                           1           0  0.28s           2026-09-11T13:10:31                      10
================================================================================
[2026-09-11T13:11:31.437+0000] {manager.py:997} INFO - 
================================================================================
DAG File Processing Stats

File Path                        PID  Runtime      # DAGs    # Errors  Last Runtime    Last Run               Last # of DB Queries
-----------------------------  -----  ---------  --------  ----------  --------------  -------------------  ----------------------
/opt/airflow/dags/pipeline.py    174  0.01s             1           0  0.10s           2026-09-11T13:11:01                      10
================================================================================
[2026-09-11T13:12:01.697+0000] {manager.py:997} INFO - 
================================================================================
DAG File Processing Stats

File Path                        PID  Runtime      # DAGs    # Errors  Last Runtime    Last Run               Last # of DB Queries
-----------------------------  -----  ---------  --------  ----------  --------------  -------------------  ----------------------
/opt/airflow/dags/pipeline.py    175  0.01s             1           0  0.10s           2026-09-11T13:11:31                      10
================================================================================
[2026-09-11T13:12:31.898+0000] {manager.py:997} INFO - 
================================================================================
DAG File Processing Stats

File Path                        PID  Runtime      # DAGs    # Errors  Last Runtime    Last Run               Last # of DB Queries
-----------------------------  -----  ---------  --------  ----------  --------------  -------------------  ----------------------
/opt/airflow/dags/pipeline.py    176  0.01s             1           0  0.11s           2026-09-11T13:12:01                      10
================================================================================
[2026-09-11T13:13:02.157+0000] {manager.py:997} INFO - 
================================================================================
DAG File Processing Stats

File Path                        PID  Runtime      # DAGs    # Errors  Last Runtime    Last Run               Last # of DB Queries
-----------------------------  -----  ---------  --------  ----------  --------------  -------------------  ----------------------
/opt/airflow/dags/pipeline.py    177  0.01s             1           0  0.09s           2026-09-11T13:12:31                      10
================================================================================
[2026-09-11T13:13:32.334+0000] {manager.py:997} INFO - 
================================================================================
DAG File Processing Stats

File Path                      PID    Runtime      # DAGs    # Errors  Last Runtime    Last Run               Last # of DB Queries
-----------------------------  -----  ---------  --------  ----------  --------------  -------------------  ----------------------
/opt/airflow/dags/pipeline.py                           1           0  0.25s           2026-09-11T13:13:02                      10
================================================================================
[2026-09-11T13:13:36.591+0000] {manager.py:821} INFO - Searching for files in /opt/airflow/dags
[2026-09-11T13:13:36.605+0000] {manager.py:824} INFO - There are 1 files in /opt/airflow/dags
[2026-09-11T13:14:02.772+0000] {manager.py:997} INFO - 
================================================================================
DAG File Processing Stats

File Path                      PID    Runtime      # DAGs    # Errors  Last Runtime    Last Run               Last # of DB Queries
-----------------------------  -----  ---------  --------  ----------  --------------  -------------------  ----------------------
/opt/airflow/dags/pipeline.py                           1           0  0.22s           2026-09-11T13:13:32                      10
================================================================================
[2026-09-11T13:14:33.155+0000] {manager.py:997} INFO - 
================================================================================
DAG File Processing Stats

File Path                        PID  Runtime      # DAGs    # Errors  Last Runtime    Last Run               Last # of DB Queries
-----------------------------  -----  ---------  --------  ----------  --------------  -------------------  ----------------------
/opt/airflow/dags/pipeline.py    180  0.01s             1           0  0.10s           2026-09-11T13:14:03                      10
================================================================================
[2026-09-11T13:15:03.404+0000] {manager.py:997} INFO - 
================================================================================
DAG File Processing Stats

File Path                        PID  Runtime      # DAGs    # Errors  Last Runtime    Last Run               Last # of DB Queries
-----------------------------  -----  ---------  --------  ----------  --------------  -------------------  ----------------------
/opt/airflow/dags/pipeline.py    181  0.01s             1           0  0.09s           2026-09-11T13:14:33                      10
================================================================================
[2026-09-11T13:15:33.604+0000] {manager.py:997} INFO - 
================================================================================
DAG File Processing Stats

File Path                        PID  Runtime      # DAGs    # Errors  Last Runtime    Last Run               Last # of DB Queries
-----------------------------  -----  ---------  --------  ----------  --------------  -------------------  ----------------------
/opt/airflow/dags/pipeline.py    182  0.01s             1           0  0.10s           2026-09-11T13:15:03                      10
================================================================================
[2026-09-11T13:16:03.856+0000] {manager.py:997} INFO - 
================================================================================
DAG File Processing Stats

File Path                        PID  Runtime      # DAGs    # Errors  Last Runtime    Last Run               Last # of DB Queries
-----------------------------  -----  ---------  --------  ----------  --------------  -------------------  ----------------------
/opt/airflow/dags/pipeline.py    183  0.01s             1           0  0.10s           2026-09-11T13:15:33                      10
================================================================================
[2026-09-11T13:16:34.034+0000] {manager.py:997} INFO - 
================================================================================
DAG File Processing Stats

File Path                      PID    Runtime      # DAGs    # Errors  Last Runtime    Last Run               Last # of DB Queries
-----------------------------  -----  ---------  --------  ----------  --------------  -------------------  ----------------------
/opt/airflow/dags/pipeline.py                           1           0  0.23s           2026-09-11T13:16:04                      10
================================================================================
[2026-09-11T13:17:04.474+0000] {manager.py:997} INFO - 
================================================================================
DAG File Processing Stats

File Path                        PID  Runtime      # DAGs    # Errors  Last Runtime    Last Run               Last # of DB Queries
-----------------------------  -----  ---------  --------  ----------  --------------  -------------------  ----------------------
/opt/airflow/dags/pipeline.py    185  0.01s             1           0  0.11s           2026-09-11T13:16:34                      10
================================================================================
[2026-09-11T13:17:34.694+0000] {manager.py:997} INFO - 
================================================================================
DAG File Processing Stats

File Path                        PID  Runtime      # DAGs    # Errors  Last Runtime    Last Run               Last # of DB Queries
-----------------------------  -----  ---------  --------  ----------  --------------  -------------------  ----------------------
/opt/airflow/dags/pipeline.py    186  0.01s             1           0  0.10s           2026-09-11T13:17:04                      10
================================================================================
[2026-09-11T13:18:04.903+0000] {manager.py:997} INFO - 
================================================================================
DAG File Processing Stats

File Path                        PID  Runtime      # DAGs    # Errors  Last Runtime    Last Run               Last # of DB Queries
-----------------------------  -----  ---------  --------  ----------  --------------  -------------------  ----------------------
/opt/airflow/dags/pipeline.py    187  0.01s             1           0  0.10s           2026-09-11T13:17:34                      10
================================================================================
[2026-09-11T13:18:35.127+0000] {manager.py:997} INFO - 
================================================================================
DAG File Processing Stats

File Path                        PID  Runtime      # DAGs    # Errors  Last Runtime    Last Run               Last # of DB Queries
-----------------------------  -----  ---------  --------  ----------  --------------  -------------------  ----------------------
/opt/airflow/dags/pipeline.py    188  0.01s             1           0  0.10s           2026-09-11T13:18:04                      10
================================================================================
[2026-09-11T13:18:37.158+0000] {manager.py:821} INFO - Searching for files in /opt/airflow/dags
[2026-09-11T13:18:37.172+0000] {manager.py:824} INFO - There are 1 files in /opt/airflow/dags
[2026-09-11T13:19:05.359+0000] {manager.py:997} INFO - 
================================================================================
DAG File Processing Stats

File Path                        PID  Runtime      # DAGs    # Errors  Last Runtime    Last Run               Last # of DB Queries
-----------------------------  -----  ---------  --------  ----------  --------------  -------------------  ----------------------
/opt/airflow/dags/pipeline.py    189  0.01s             1           0  0.11s           2026-09-11T13:18:35                      10
================================================================================
[2026-09-11T13:19:35.553+0000] {manager.py:997} INFO - 
================================================================================
DAG File Processing Stats

File Path                      PID    Runtime      # DAGs    # Errors  Last Runtime    Last Run               Last # of DB Queries
-----------------------------  -----  ---------  --------  ----------  --------------  -------------------  ----------------------
/opt/airflow/dags/pipeline.py                           1           0  0.24s           2026-09-11T13:19:05                      10
================================================================================
[2026-09-11T13:20:05.938+0000] {manager.py:997} INFO - 
================================================================================
DAG File Processing Stats

File Path                        PID  Runtime      # DAGs    # Errors  Last Runtime    Last Run               Last # of DB Queries
-----------------------------  -----  ---------  --------  ----------  --------------  -------------------  ----------------------
/opt/airflow/dags/pipeline.py    191  0.01s             1           0  0.10s           2026-09-11T13:19:35                      10
================================================================================
[2026-09-11T13:20:36.192+0000] {manager.py:997} INFO - 
================================================================================
DAG File Processing Stats

File Path                        PID  Runtime      # DAGs    # Errors  Last Runtime    Last Run               Last # of DB Queries
-----------------------------  -----  ---------  --------  ----------  --------------  -------------------  ----------------------
/opt/airflow/dags/pipeline.py    192  0.01s             1           0  0.10s           2026-09-11T13:20:06                      10
================================================================================
[2026-09-11T13:21:06.395+0000] {manager.py:997} INFO - 
================================================================================
DAG File Processing Stats

File Path                        PID  Runtime      # DAGs    # Errors  Last Runtime    Last Run               Last # of DB Queries
-----------------------------  -----  ---------  --------  ----------  --------------  -------------------  ----------------------
/opt/airflow/dags/pipeline.py    193  0.01s             1           0  0.11s           2026-09-11T13:20:36                      10
================================================================================
[2026-09-11T13:21:36.653+0000] {manager.py:997} INFO - 
================================================================================
DAG File Processing Stats

File Path                        PID  Runtime      # DAGs    # Errors  Last Runtime    Last Run               Last # of DB Queries
-----------------------------  -----  ---------  --------  ----------  --------------  -------------------  ----------------------
/opt/airflow/dags/pipeline.py    194  0.01s             1           0  0.10s           2026-09-11T13:21:06                      10
================================================================================
[2026-09-11T13:22:06.837+0000] {manager.py:997} INFO - 
================================================================================
DAG File Processing Stats

File Path                      PID    Runtime      # DAGs    # Errors  Last Runtime    Last Run               Last # of DB Queries
-----------------------------  -----  ---------  --------  ----------  --------------  -------------------  ----------------------
/opt/airflow/dags/pipeline.py                           1           0  0.29s           2026-09-11T13:21:36                      10
================================================================================
[2026-09-11T13:22:37.274+0000] {manager.py:997} INFO - 
================================================================================
DAG File Processing Stats

File Path                      PID    Runtime      # DAGs    # Errors  Last Runtime    Last Run               Last # of DB Queries
-----------------------------  -----  ---------  --------  ----------  --------------  -------------------  ----------------------
/opt/airflow/dags/pipeline.py                           1           0  0.25s           2026-09-11T13:22:07                      10
================================================================================
[2026-09-11T13:23:07.728+0000] {manager.py:997} INFO - 
================================================================================
DAG File Processing Stats

File Path                        PID  Runtime      # DAGs    # Errors  Last Runtime    Last Run               Last # of DB Queries
-----------------------------  -----  ---------  --------  ----------  --------------  -------------------  ----------------------
/opt/airflow/dags/pipeline.py    197  0.01s             1           0  0.11s           2026-09-11T13:22:37                      10
================================================================================
[2026-09-11T13:23:37.907+0000] {manager.py:821} INFO - Searching for files in /opt/airflow/dags
[2026-09-11T13:23:37.920+0000] {manager.py:824} INFO - There are 1 files in /opt/airflow/dags
[2026-09-11T13:23:37.944+0000] {manager.py:997} INFO - 
================================================================================
DAG File Processing Stats

File Path                        PID  Runtime      # DAGs    # Errors  Last Runtime    Last Run               Last # of DB Queries
-----------------------------  -----  ---------  --------  ----------  --------------  -------------------  ----------------------
/opt/airflow/dags/pipeline.py    198  0.01s             1           0  0.10s           2026-09-11T13:23:07                      10
================================================================================
[2026-09-11T13:24:08.254+0000] {manager.py:997} INFO - 
================================================================================
DAG File Processing Stats

File Path                        PID  Runtime      # DAGs    # Errors  Last Runtime    Last Run               Last # of DB Queries
-----------------------------  -----  ---------  --------  ----------  --------------  -------------------  ----------------------
/opt/airflow/dags/pipeline.py    199  0.01s             1           0  0.10s           2026-09-11T13:23:38                      10
================================================================================
[2026-09-11T13:24:38.475+0000] {manager.py:997} INFO - 
================================================================================
DAG File Processing Stats

File Path                        PID  Runtime      # DAGs    # Errors  Last Runtime    Last Run               Last # of DB Queries
-----------------------------  -----  ---------  --------  ----------  --------------  -------------------  ----------------------
/opt/airflow/dags/pipeline.py    200  0.01s             1           0  0.10s           2026-09-11T13:24:08                      10
================================================================================
[2026-09-11T13:25:08.676+0000] {manager.py:997} INFO - 
================================================================================
DAG File Processing Stats

File Path                      PID    Runtime      # DAGs    # Errors  Last Runtime    Last Run               Last # of DB Queries
-----------------------------  -----  ---------  --------  ----------  --------------  -------------------  ----------------------
/opt/airflow/dags/pipeline.py                           1           0  0.28s           2026-09-11T13:24:38                      10
================================================================================
[2026-09-11T13:25:39.212+0000] {manager.py:997} INFO - 
================================================================================
DAG File Processing Stats

File Path                        PID  Runtime      # DAGs    # Errors  Last Runtime    Last Run               Last # of DB Queries
-----------------------------  -----  ---------  --------  ----------  --------------  -------------------  ----------------------
/opt/airflow/dags/pipeline.py    202  0.01s             1           0  0.24s           2026-09-11T13:25:09                      10
================================================================================
[2026-09-11T13:26:09.589+0000] {manager.py:997} INFO - 
================================================================================
DAG File Processing Stats

File Path                        PID  Runtime      # DAGs    # Errors  Last Runtime    Last Run               Last # of DB Queries
-----------------------------  -----  ---------  --------  ----------  --------------  -------------------  ----------------------
/opt/airflow/dags/pipeline.py    203  0.03s             1           0  0.26s           2026-09-11T13:25:39                      10
================================================================================
[2026-09-11T13:26:40.139+0000] {manager.py:997} INFO - 
================================================================================
DAG File Processing Stats

File Path                        PID  Runtime      # DAGs    # Errors  Last Runtime    Last Run               Last # of DB Queries
-----------------------------  -----  ---------  --------  ----------  --------------  -------------------  ----------------------
/opt/airflow/dags/pipeline.py    204  0.01s             1           0  0.34s           2026-09-11T13:26:09                      10
================================================================================
[2026-09-11T13:27:10.573+0000] {manager.py:997} INFO - 
================================================================================
DAG File Processing Stats

File Path                        PID  Runtime      # DAGs    # Errors  Last Runtime    Last Run               Last # of DB Queries
-----------------------------  -----  ---------  --------  ----------  --------------  -------------------  ----------------------
/opt/airflow/dags/pipeline.py    205  0.01s             1           0  0.23s           2026-09-11T13:26:40                      10
================================================================================
[2026-09-11T13:27:41.056+0000] {manager.py:997} INFO - 
================================================================================
DAG File Processing Stats

File Path                        PID  Runtime      # DAGs    # Errors  Last Runtime    Last Run               Last # of DB Queries
-----------------------------  -----  ---------  --------  ----------  --------------  -------------------  ----------------------
/opt/airflow/dags/pipeline.py    206  0.01s             1           0  0.25s           2026-09-11T13:27:10                      10
================================================================================
[2026-09-11T13:28:11.478+0000] {manager.py:997} INFO - 
================================================================================
DAG File Processing Stats

File Path                      PID    Runtime      # DAGs    # Errors  Last Runtime    Last Run               Last # of DB Queries
-----------------------------  -----  ---------  --------  ----------  --------------  -------------------  ----------------------
/opt/airflow/dags/pipeline.py                           1           0  0.57s           2026-09-11T13:27:41                      10
================================================================================
[2026-09-11T13:28:37.919+0000] {manager.py:821} INFO - Searching for files in /opt/airflow/dags
[2026-09-11T13:28:37.959+0000] {manager.py:824} INFO - There are 1 files in /opt/airflow/dags
[2026-09-11T13:28:41.802+0000] {manager.py:997} INFO - 
================================================================================
DAG File Processing Stats

File Path                      PID    Runtime      # DAGs    # Errors  Last Runtime    Last Run               Last # of DB Queries
-----------------------------  -----  ---------  --------  ----------  --------------  -------------------  ----------------------
/opt/airflow/dags/pipeline.py                           1           0  0.65s           2026-09-11T13:28:12                      10
================================================================================
[2026-09-11T13:29:12.354+0000] {manager.py:997} INFO - 
================================================================================
DAG File Processing Stats

File Path                      PID    Runtime      # DAGs    # Errors  Last Runtime    Last Run               Last # of DB Queries
-----------------------------  -----  ---------  --------  ----------  --------------  -------------------  ----------------------
/opt/airflow/dags/pipeline.py                           1           0  0.23s           2026-09-11T13:28:43                      10
================================================================================
[2026-09-11T13:29:42.726+0000] {manager.py:997} INFO - 
================================================================================
DAG File Processing Stats

File Path                      PID    Runtime      # DAGs    # Errors  Last Runtime    Last Run               Last # of DB Queries
-----------------------------  -----  ---------  --------  ----------  --------------  -------------------  ----------------------
/opt/airflow/dags/pipeline.py                           1           0  0.24s           2026-09-11T13:29:13                      10
================================================================================
[2026-09-11T13:30:13.262+0000] {manager.py:997} INFO - 
================================================================================
DAG File Processing Stats

File Path                      PID    Runtime      # DAGs    # Errors  Last Runtime    Last Run               Last # of DB Queries
-----------------------------  -----  ---------  --------  ----------  --------------  -------------------  ----------------------
/opt/airflow/dags/pipeline.py                           1           0  0.23s           2026-09-11T13:29:43                      10
================================================================================
[2026-09-11T13:30:43.735+0000] {manager.py:997} INFO - 
================================================================================
DAG File Processing Stats

File Path                      PID    Runtime      # DAGs    # Errors  Last Runtime    Last Run               Last # of DB Queries
-----------------------------  -----  ---------  --------  ----------  --------------  -------------------  ----------------------
/opt/airflow/dags/pipeline.py                           1           0  0.47s           2026-09-11T13:30:14                      10
================================================================================
[2026-09-11T13:31:13.908+0000] {manager.py:997} INFO - 
================================================================================
DAG File Processing Stats

File Path                      PID    Runtime      # DAGs    # Errors  Last Runtime    Last Run               Last # of DB Queries
-----------------------------  -----  ---------  --------  ----------  --------------  -------------------  ----------------------
/opt/airflow/dags/pipeline.py                           1           0  0.50s           2026-09-11T13:30:45                      10
================================================================================
[2026-09-11T13:31:44.330+0000] {manager.py:997} INFO - 
================================================================================
DAG File Processing Stats

File Path                      PID    Runtime      # DAGs    # Errors  Last Runtime    Last Run               Last # of DB Queries
-----------------------------  -----  ---------  --------  ----------  --------------  -------------------  ----------------------
/opt/airflow/dags/pipeline.py                           1           0  0.32s           2026-09-11T13:31:16                      10
================================================================================
[2026-09-11T13:32:14.921+0000] {manager.py:997} INFO - 
================================================================================
DAG File Processing Stats

File Path                      PID    Runtime      # DAGs    # Errors  Last Runtime    Last Run               Last # of DB Queries
-----------------------------  -----  ---------  --------  ----------  --------------  -------------------  ----------------------
/opt/airflow/dags/pipeline.py                           1           0  0.27s           2026-09-11T13:31:46                      10
================================================================================
[2026-09-11T13:32:45.308+0000] {manager.py:997} INFO - 
================================================================================
DAG File Processing Stats

File Path                      PID    Runtime      # DAGs    # Errors  Last Runtime    Last Run               Last # of DB Queries
-----------------------------  -----  ---------  --------  ----------  --------------  -------------------  ----------------------
/opt/airflow/dags/pipeline.py                           1           0  0.35s           2026-09-11T13:32:17                      10
================================================================================
[2026-09-11T13:33:15.671+0000] {manager.py:997} INFO - 
================================================================================
DAG File Processing Stats

File Path                      PID    Runtime      # DAGs    # Errors  Last Runtime    Last Run               Last # of DB Queries
-----------------------------  -----  ---------  --------  ----------  --------------  -------------------  ----------------------
/opt/airflow/dags/pipeline.py                           1           0  0.25s           2026-09-11T13:32:47                      10
================================================================================
[2026-09-11T13:33:38.112+0000] {manager.py:821} INFO - Searching for files in /opt/airflow/dags
[2026-09-11T13:33:38.156+0000] {manager.py:824} INFO - There are 1 files in /opt/airflow/dags
[2026-09-11T13:33:46.271+0000] {manager.py:997} INFO - 
================================================================================
DAG File Processing Stats

File Path                      PID    Runtime      # DAGs    # Errors  Last Runtime    Last Run               Last # of DB Queries
-----------------------------  -----  ---------  --------  ----------  --------------  -------------------  ----------------------
/opt/airflow/dags/pipeline.py                           1           0  0.55s           2026-09-11T13:33:18                      10
================================================================================
[2026-09-11T13:34:16.902+0000] {manager.py:997} INFO - 
================================================================================
DAG File Processing Stats

File Path                      PID    Runtime      # DAGs    # Errors  Last Runtime    Last Run               Last # of DB Queries
-----------------------------  -----  ---------  --------  ----------  --------------  -------------------  ----------------------
/opt/airflow/dags/pipeline.py                           1           0  0.51s           2026-09-11T13:33:48                      10
================================================================================
[2026-09-11T13:34:47.462+0000] {manager.py:997} INFO - 
================================================================================
DAG File Processing Stats

File Path                      PID    Runtime      # DAGs    # Errors  Last Runtime    Last Run               Last # of DB Queries
-----------------------------  -----  ---------  --------  ----------  --------------  -------------------  ----------------------
/opt/airflow/dags/pipeline.py                           1           0  0.26s           2026-09-11T13:34:19                      10
================================================================================
[2026-09-11T13:35:17.907+0000] {manager.py:997} INFO - 
================================================================================
DAG File Processing Stats

File Path                      PID    Runtime      # DAGs    # Errors  Last Runtime    Last Run               Last # of DB Queries
-----------------------------  -----  ---------  --------  ----------  --------------  -------------------  ----------------------
/opt/airflow/dags/pipeline.py                           1           0  0.26s           2026-09-11T13:34:49                      10
================================================================================
[2026-09-11T13:35:48.409+0000] {manager.py:997} INFO - 
================================================================================
DAG File Processing Stats

File Path                      PID    Runtime      # DAGs    # Errors  Last Runtime    Last Run               Last # of DB Queries
-----------------------------  -----  ---------  --------  ----------  --------------  -------------------  ----------------------
/opt/airflow/dags/pipeline.py                           1           0  0.35s           2026-09-11T13:35:20                      10
================================================================================
[2026-09-11T13:36:18.915+0000] {manager.py:997} INFO - 
================================================================================
DAG File Processing Stats

File Path                      PID    Runtime      # DAGs    # Errors  Last Runtime    Last Run               Last # of DB Queries
-----------------------------  -----  ---------  --------  ----------  --------------  -------------------  ----------------------
/opt/airflow/dags/pipeline.py                           1           0  0.29s           2026-09-11T13:35:50                      10
================================================================================
[2026-09-11T13:36:49.341+0000] {manager.py:997} INFO - 
================================================================================
DAG File Processing Stats

File Path                      PID    Runtime      # DAGs    # Errors  Last Runtime    Last Run               Last # of DB Queries
-----------------------------  -----  ---------  --------  ----------  --------------  -------------------  ----------------------
/opt/airflow/dags/pipeline.py                           1           0  0.50s           2026-09-11T13:36:21                      10
================================================================================
[2026-09-11T13:37:19.634+0000] {manager.py:997} INFO - 
================================================================================
DAG File Processing Stats

File Path                      PID    Runtime      # DAGs    # Errors  Last Runtime    Last Run               Last # of DB Queries
-----------------------------  -----  ---------  --------  ----------  --------------  -------------------  ----------------------
/opt/airflow/dags/pipeline.py                           1           0  0.47s           2026-09-11T13:36:52                      10
================================================================================
[2026-09-11T13:37:49.973+0000] {manager.py:997} INFO - 
================================================================================
DAG File Processing Stats

File Path                      PID    Runtime      # DAGs    # Errors  Last Runtime    Last Run               Last # of DB Queries
-----------------------------  -----  ---------  --------  ----------  --------------  -------------------  ----------------------
/opt/airflow/dags/pipeline.py                           1           0  0.24s           2026-09-11T13:37:22                      10
================================================================================
[2026-09-11T13:38:20.529+0000] {manager.py:997} INFO - 
================================================================================
DAG File Processing Stats

File Path                      PID    Runtime      # DAGs    # Errors  Last Runtime    Last Run               Last # of DB Queries
-----------------------------  -----  ---------  --------  ----------  --------------  -------------------  ----------------------
/opt/airflow/dags/pipeline.py                           1           0  0.22s           2026-09-11T13:37:53                      10
================================================================================
[2026-09-11T13:38:38.779+0000] {manager.py:821} INFO - Searching for files in /opt/airflow/dags
[2026-09-11T13:38:38.832+0000] {manager.py:824} INFO - There are 1 files in /opt/airflow/dags
[2026-09-11T13:38:50.994+0000] {manager.py:997} INFO - 
================================================================================
DAG File Processing Stats

File Path                      PID    Runtime      # DAGs    # Errors  Last Runtime    Last Run               Last # of DB Queries
-----------------------------  -----  ---------  --------  ----------  --------------  -------------------  ----------------------
/opt/airflow/dags/pipeline.py                           1           0  0.26s           2026-09-11T13:38:23                      10
================================================================================
[2026-09-11T13:39:21.459+0000] {manager.py:997} INFO - 
================================================================================
DAG File Processing Stats

File Path                      PID    Runtime      # DAGs    # Errors  Last Runtime    Last Run               Last # of DB Queries
-----------------------------  -----  ---------  --------  ----------  --------------  -------------------  ----------------------
/opt/airflow/dags/pipeline.py                           1           0  0.47s           2026-09-11T13:38:54                      10
================================================================================
[2026-09-11T13:39:51.662+0000] {manager.py:997} INFO - 
================================================================================
DAG File Processing Stats

File Path                      PID    Runtime      # DAGs    # Errors  Last Runtime    Last Run               Last # of DB Queries
-----------------------------  -----  ---------  --------  ----------  --------------  -------------------  ----------------------
/opt/airflow/dags/pipeline.py                           1           0  0.54s           2026-09-11T13:39:25                      10
================================================================================
[2026-09-11T13:40:22.071+0000] {manager.py:997} INFO - 
================================================================================
DAG File Processing Stats

File Path                      PID    Runtime      # DAGs    # Errors  Last Runtime    Last Run               Last # of DB Queries
-----------------------------  -----  ---------  --------  ----------  --------------  -------------------  ----------------------
/opt/airflow/dags/pipeline.py                           1           0  0.23s           2026-09-11T13:39:55                      10
================================================================================
[2026-09-11T13:40:52.530+0000] {manager.py:997} INFO - 
================================================================================
DAG File Processing Stats

File Path                      PID    Runtime      # DAGs    # Errors  Last Runtime    Last Run               Last # of DB Queries
-----------------------------  -----  ---------  --------  ----------  --------------  -------------------  ----------------------
/opt/airflow/dags/pipeline.py                           1           0  0.25s           2026-09-11T13:40:26                      10
================================================================================
[2026-09-11T13:41:22.954+0000] {manager.py:997} INFO - 
================================================================================
DAG File Processing Stats

File Path                      PID    Runtime      # DAGs    # Errors  Last Runtime    Last Run               Last # of DB Queries
-----------------------------  -----  ---------  --------  ----------  --------------  -------------------  ----------------------
/opt/airflow/dags/pipeline.py                           1           0  0.24s           2026-09-11T13:40:56                      10
================================================================================
[2026-09-11T13:41:53.419+0000] {manager.py:997} INFO - 
================================================================================
DAG File Processing Stats

File Path                      PID    Runtime      # DAGs    # Errors  Last Runtime    Last Run               Last # of DB Queries
-----------------------------  -----  ---------  --------  ----------  --------------  -------------------  ----------------------
/opt/airflow/dags/pipeline.py                           1           0  0.23s           2026-09-11T13:41:27                      10
================================================================================
[2026-09-11T13:42:23.823+0000] {manager.py:997} INFO - 
================================================================================
DAG File Processing Stats

File Path                      PID    Runtime      # DAGs    # Errors  Last Runtime    Last Run               Last # of DB Queries
-----------------------------  -----  ---------  --------  ----------  --------------  -------------------  ----------------------
/opt/airflow/dags/pipeline.py                           1           0  0.44s           2026-09-11T13:41:57                      10
================================================================================
[2026-09-11T13:42:53.953+0000] {manager.py:997} INFO - 
================================================================================
DAG File Processing Stats

File Path                      PID    Runtime      # DAGs    # Errors  Last Runtime    Last Run               Last # of DB Queries
-----------------------------  -----  ---------  --------  ----------  --------------  -------------------  ----------------------
/opt/airflow/dags/pipeline.py                           1           0  0.45s           2026-09-11T13:42:28                      10
================================================================================
[2026-09-11T13:43:24.292+0000] {manager.py:997} INFO - 
================================================================================
DAG File Processing Stats

File Path                      PID    Runtime      # DAGs    # Errors  Last Runtime    Last Run               Last # of DB Queries
-----------------------------  -----  ---------  --------  ----------  --------------  -------------------  ----------------------
/opt/airflow/dags/pipeline.py                           1           0  0.23s           2026-09-11T13:42:59                      10
================================================================================
[2026-09-11T13:43:39.666+0000] {manager.py:821} INFO - Searching for files in /opt/airflow/dags
[2026-09-11T13:43:39.704+0000] {manager.py:824} INFO - There are 1 files in /opt/airflow/dags
[2026-09-11T13:43:54.890+0000] {manager.py:997} INFO - 
================================================================================
DAG File Processing Stats

File Path                      PID    Runtime      # DAGs    # Errors  Last Runtime    Last Run               Last # of DB Queries
-----------------------------  -----  ---------  --------  ----------  --------------  -------------------  ----------------------
/opt/airflow/dags/pipeline.py                           1           0  0.24s           2026-09-11T13:43:29                      10
================================================================================
[2026-09-11T13:44:25.250+0000] {manager.py:997} INFO - 
================================================================================
DAG File Processing Stats

File Path                      PID    Runtime      # DAGs    # Errors  Last Runtime    Last Run               Last # of DB Queries
-----------------------------  -----  ---------  --------  ----------  --------------  -------------------  ----------------------
/opt/airflow/dags/pipeline.py                           1           0  0.22s           2026-09-11T13:44:00                      10
================================================================================
[2026-09-11T13:44:55.770+0000] {manager.py:997} INFO - 
================================================================================
DAG File Processing Stats

File Path                      PID    Runtime      # DAGs    # Errors  Last Runtime    Last Run               Last # of DB Queries
-----------------------------  -----  ---------  --------  ----------  --------------  -------------------  ----------------------
/opt/airflow/dags/pipeline.py                           1           0  0.39s           2026-09-11T13:44:30                      10
================================================================================
[2026-09-11T13:45:26.334+0000] {manager.py:997} INFO - 
================================================================================
DAG File Processing Stats

File Path                      PID    Runtime      # DAGs    # Errors  Last Runtime    Last Run               Last # of DB Queries
-----------------------------  -----  ---------  --------  ----------  --------------  -------------------  ----------------------
/opt/airflow/dags/pipeline.py                           1           0  0.54s           2026-09-11T13:45:01                      10
================================================================================
[2026-09-11T13:45:57.011+0000] {manager.py:997} INFO - 
================================================================================
DAG File Processing Stats

File Path                      PID    Runtime      # DAGs    # Errors  Last Runtime    Last Run               Last # of DB Queries
-----------------------------  -----  ---------  --------  ----------  --------------  -------------------  ----------------------
/opt/airflow/dags/pipeline.py                           1           0  0.52s           2026-09-11T13:45:31                      10
================================================================================
[2026-09-11T13:46:27.582+0000] {manager.py:997} INFO - 
================================================================================
DAG File Processing Stats

File Path                      PID    Runtime      # DAGs    # Errors  Last Runtime    Last Run               Last # of DB Queries
-----------------------------  -----  ---------  --------  ----------  --------------  -------------------  ----------------------
/opt/airflow/dags/pipeline.py                           1           0  0.24s           2026-09-11T13:46:02                      10
================================================================================
[2026-09-11T13:46:58.065+0000] {manager.py:997} INFO - 
================================================================================
DAG File Processing Stats

File Path                      PID    Runtime      # DAGs    # Errors  Last Runtime    Last Run               Last # of DB Queries
-----------------------------  -----  ---------  --------  ----------  --------------  -------------------  ----------------------
/opt/airflow/dags/pipeline.py                           1           0  0.27s           2026-09-11T13:46:32                      10
================================================================================
[2026-09-11T13:47:28.516+0000] {manager.py:997} INFO - 
================================================================================
DAG File Processing Stats

File Path                      PID    Runtime      # DAGs    # Errors  Last Runtime    Last Run               Last # of DB Queries
-----------------------------  -----  ---------  --------  ----------  --------------  -------------------  ----------------------
/opt/airflow/dags/pipeline.py                           1           0  0.21s           2026-09-11T13:47:03                      10
================================================================================
[2026-09-11T13:47:58.939+0000] {manager.py:997} INFO - 
================================================================================
DAG File Processing Stats

File Path                      PID    Runtime      # DAGs    # Errors  Last Runtime    Last Run               Last # of DB Queries
-----------------------------  -----  ---------  --------  ----------  --------------  -------------------  ----------------------
/opt/airflow/dags/pipeline.py                           1           0  0.59s           2026-09-11T13:47:34                      10
================================================================================
[2026-09-11T13:48:29.274+0000] {manager.py:997} INFO - 
================================================================================
DAG File Processing Stats

File Path                      PID    Runtime      # DAGs    # Errors  Last Runtime    Last Run               Last # of DB Queries
-----------------------------  -----  ---------  --------  ----------  --------------  -------------------  ----------------------
/opt/airflow/dags/pipeline.py                           1           0  0.56s           2026-09-11T13:48:05                      10
================================================================================
[2026-09-11T13:48:40.151+0000] {manager.py:821} INFO - Searching for files in /opt/airflow/dags
[2026-09-11T13:48:40.192+0000] {manager.py:824} INFO - There are 1 files in /opt/airflow/dags
[2026-09-11T13:48:59.440+0000] {manager.py:997} INFO - 
================================================================================
DAG File Processing Stats

File Path                      PID    Runtime      # DAGs    # Errors  Last Runtime    Last Run               Last # of DB Queries
-----------------------------  -----  ---------  --------  ----------  --------------  -------------------  ----------------------
/opt/airflow/dags/pipeline.py                           1           0  0.76s           2026-09-11T13:48:36                      10
================================================================================
[2026-09-11T13:49:30.007+0000] {manager.py:997} INFO - 
================================================================================
DAG File Processing Stats

File Path                      PID    Runtime      # DAGs    # Errors  Last Runtime    Last Run               Last # of DB Queries
-----------------------------  -----  ---------  --------  ----------  --------------  -------------------  ----------------------
/opt/airflow/dags/pipeline.py                           1           0  0.24s           2026-09-11T13:49:06                      10
================================================================================
[2026-09-11T13:50:00.391+0000] {manager.py:997} INFO - 
================================================================================
DAG File Processing Stats

File Path                      PID    Runtime      # DAGs    # Errors  Last Runtime    Last Run               Last # of DB Queries
-----------------------------  -----  ---------  --------  ----------  --------------  -------------------  ----------------------
/opt/airflow/dags/pipeline.py                           1           0  0.31s           2026-09-11T13:49:37                      10
================================================================================
[2026-09-11T13:50:30.739+0000] {manager.py:997} INFO - 
================================================================================
DAG File Processing Stats

File Path                      PID    Runtime      # DAGs    # Errors  Last Runtime    Last Run               Last # of DB Queries
-----------------------------  -----  ---------  --------  ----------  --------------  -------------------  ----------------------
/opt/airflow/dags/pipeline.py                           1           0  0.25s           2026-09-11T13:50:07                      10
================================================================================
[2026-09-11T13:51:01.288+0000] {manager.py:997} INFO - 
================================================================================
DAG File Processing Stats

File Path                      PID    Runtime      # DAGs    # Errors  Last Runtime    Last Run               Last # of DB Queries
-----------------------------  -----  ---------  --------  ----------  --------------  -------------------  ----------------------
/opt/airflow/dags/pipeline.py                           1           0  0.61s           2026-09-11T13:50:38                      10
================================================================================
[2026-09-11T13:51:31.505+0000] {manager.py:997} INFO - 
================================================================================
DAG File Processing Stats

File Path                      PID    Runtime      # DAGs    # Errors  Last Runtime    Last Run               Last # of DB Queries
-----------------------------  -----  ---------  --------  ----------  --------------  -------------------  ----------------------
/opt/airflow/dags/pipeline.py                           1           0  0.49s           2026-09-11T13:51:09                      10
================================================================================
[2026-09-11T13:52:01.854+0000] {manager.py:997} INFO - 
================================================================================
DAG File Processing Stats

File Path                      PID    Runtime      # DAGs    # Errors  Last Runtime    Last Run               Last # of DB Queries
-----------------------------  -----  ---------  --------  ----------  --------------  -------------------  ----------------------
/opt/airflow/dags/pipeline.py                           1           0  0.25s           2026-09-11T13:51:39                      10
================================================================================
[2026-09-11T13:52:32.207+0000] {manager.py:997} INFO - 
================================================================================
DAG File Processing Stats

File Path                      PID    Runtime      # DAGs    # Errors  Last Runtime    Last Run               Last # of DB Queries
-----------------------------  -----  ---------  --------  ----------  --------------  -------------------  ----------------------
/opt/airflow/dags/pipeline.py                           1           0  0.25s           2026-09-11T13:52:10                      10
================================================================================
[2026-09-11T13:53:02.589+0000] {manager.py:997} INFO - 
================================================================================
DAG File Processing Stats

File Path                      PID    Runtime      # DAGs    # Errors  Last Runtime    Last Run               Last # of DB Queries
-----------------------------  -----  ---------  --------  ----------  --------------  -------------------  ----------------------
/opt/airflow/dags/pipeline.py                           1           0  0.23s           2026-09-11T13:52:40                      10
================================================================================
[2026-09-11T13:53:33.080+0000] {manager.py:997} INFO - 
================================================================================
DAG File Processing Stats

File Path                      PID    Runtime      # DAGs    # Errors  Last Runtime    Last Run               Last # of DB Queries
-----------------------------  -----  ---------  --------  ----------  --------------  -------------------  ----------------------
/opt/airflow/dags/pipeline.py                           1           0  0.38s           2026-09-11T13:53:11                      10
================================================================================
[2026-09-11T13:53:40.153+0000] {manager.py:821} INFO - Searching for files in /opt/airflow/dags
[2026-09-11T13:53:40.198+0000] {manager.py:824} INFO - There are 1 files in /opt/airflow/dags
[2026-09-11T13:54:03.634+0000] {manager.py:997} INFO - 
================================================================================
DAG File Processing Stats

File Path                      PID    Runtime      # DAGs    # Errors  Last Runtime    Last Run               Last # of DB Queries
-----------------------------  -----  ---------  --------  ----------  --------------  -------------------  ----------------------
/opt/airflow/dags/pipeline.py                           1           0  0.50s           2026-09-11T13:53:41                      10
================================================================================
[2026-09-11T13:54:33.834+0000] {manager.py:997} INFO - 
================================================================================
DAG File Processing Stats

File Path                      PID    Runtime      # DAGs    # Errors  Last Runtime    Last Run               Last # of DB Queries
-----------------------------  -----  ---------  --------  ----------  --------------  -------------------  ----------------------
/opt/airflow/dags/pipeline.py                           1           0  0.50s           2026-09-11T13:54:12                      10
================================================================================
[2026-09-11T13:55:04.431+0000] {manager.py:997} INFO - 
================================================================================
DAG File Processing Stats

File Path                      PID    Runtime      # DAGs    # Errors  Last Runtime    Last Run               Last # of DB Queries
-----------------------------  -----  ---------  --------  ----------  --------------  -------------------  ----------------------
/opt/airflow/dags/pipeline.py                           1           0  0.48s           2026-09-11T13:54:43                      10
================================================================================
[2026-09-11T13:55:34.973+0000] {manager.py:997} INFO - 
================================================================================
DAG File Processing Stats

File Path                      PID    Runtime      # DAGs    # Errors  Last Runtime    Last Run               Last # of DB Queries
-----------------------------  -----  ---------  --------  ----------  --------------  -------------------  ----------------------
/opt/airflow/dags/pipeline.py                           1           0  0.25s           2026-09-11T13:55:13                      10
================================================================================
[2026-09-11T17:04:14.530+0000] {manager.py:821} INFO - Searching for files in /opt/airflow/dags
[2026-09-11T17:04:14.557+0000] {manager.py:824} INFO - There are 1 files in /opt/airflow/dags
[2026-09-11T17:04:16.612+0000] {manager.py:997} INFO - 
================================================================================
DAG File Processing Stats

File Path                      PID    Runtime      # DAGs    # Errors  Last Runtime    Last Run               Last # of DB Queries
-----------------------------  -----  ---------  --------  ----------  --------------  -------------------  ----------------------
/opt/airflow/dags/pipeline.py                           1           0  0.17s           2026-09-11T17:04:14                      10
================================================================================
[2026-09-11T18:44:29.132+0000] {manager.py:821} INFO - Searching for files in /opt/airflow/dags
[2026-09-11T18:44:29.190+0000] {manager.py:824} INFO - There are 1 files in /opt/airflow/dags
[2026-09-11T18:44:42.848+0000] {manager.py:997} INFO - 
================================================================================
DAG File Processing Stats

File Path                      PID    Runtime      # DAGs    # Errors  Last Runtime    Last Run               Last # of DB Queries
-----------------------------  -----  ---------  --------  ----------  --------------  -------------------  ----------------------
/opt/airflow/dags/pipeline.py                           1           0  0.45s           2026-09-11T18:44:29                      10
================================================================================
[2026-09-11T18:45:13.118+0000] {manager.py:997} INFO - 
================================================================================
DAG File Processing Stats

File Path                      PID    Runtime      # DAGs    # Errors  Last Runtime    Last Run               Last # of DB Queries
-----------------------------  -----  ---------  --------  ----------  --------------  -------------------  ----------------------
/opt/airflow/dags/pipeline.py                           1           0  0.19s           2026-09-11T18:45:00                      10
================================================================================
[2026-09-11T18:45:43.263+0000] {manager.py:997} INFO - 
================================================================================
DAG File Processing Stats

File Path                      PID    Runtime      # DAGs    # Errors  Last Runtime    Last Run               Last # of DB Queries
-----------------------------  -----  ---------  --------  ----------  --------------  -------------------  ----------------------
/opt/airflow/dags/pipeline.py                           1           0  0.89s           2026-09-11T18:45:31                      10
================================================================================
[2026-09-11T18:46:13.812+0000] {manager.py:997} INFO - 
================================================================================
DAG File Processing Stats

File Path                      PID    Runtime      # DAGs    # Errors  Last Runtime    Last Run               Last # of DB Queries
-----------------------------  -----  ---------  --------  ----------  --------------  -------------------  ----------------------
/opt/airflow/dags/pipeline.py                           1           0  0.31s           2026-09-11T18:46:01                      10
================================================================================
[2026-09-11T18:46:44.211+0000] {manager.py:997} INFO - 
================================================================================
DAG File Processing Stats

File Path                      PID    Runtime      # DAGs    # Errors  Last Runtime    Last Run               Last # of DB Queries
-----------------------------  -----  ---------  --------  ----------  --------------  -------------------  ----------------------
/opt/airflow/dags/pipeline.py                           1           0  0.31s           2026-09-11T18:46:32                      10
================================================================================
[2026-09-11T18:47:14.572+0000] {manager.py:997} INFO - 
================================================================================
DAG File Processing Stats

File Path                      PID    Runtime      # DAGs    # Errors  Last Runtime    Last Run               Last # of DB Queries
-----------------------------  -----  ---------  --------  ----------  --------------  -------------------  ----------------------
/opt/airflow/dags/pipeline.py                           1           0  0.24s           2026-09-11T18:47:02                      10
================================================================================
[2026-09-11T18:47:45.120+0000] {manager.py:997} INFO - 
================================================================================
DAG File Processing Stats

File Path                      PID    Runtime      # DAGs    # Errors  Last Runtime    Last Run               Last # of DB Queries
-----------------------------  -----  ---------  --------  ----------  --------------  -------------------  ----------------------
/opt/airflow/dags/pipeline.py                           1           0  0.27s           2026-09-11T18:47:33                      10
================================================================================
[2026-09-11T18:48:15.507+0000] {manager.py:997} INFO - 
================================================================================
DAG File Processing Stats

File Path                      PID    Runtime      # DAGs    # Errors  Last Runtime    Last Run               Last # of DB Queries
-----------------------------  -----  ---------  --------  ----------  --------------  -------------------  ----------------------
/opt/airflow/dags/pipeline.py                           1           0  0.30s           2026-09-11T18:48:03                      10
================================================================================
[2026-09-11T18:48:46.103+0000] {manager.py:997} INFO - 
================================================================================
DAG File Processing Stats

File Path                      PID    Runtime      # DAGs    # Errors  Last Runtime    Last Run               Last # of DB Queries
-----------------------------  -----  ---------  --------  ----------  --------------  -------------------  ----------------------
/opt/airflow/dags/pipeline.py                           1           0  0.28s           2026-09-11T18:48:33                      10
================================================================================
[2026-09-11T18:49:16.499+0000] {manager.py:997} INFO - 
================================================================================
DAG File Processing Stats

File Path                      PID    Runtime      # DAGs    # Errors  Last Runtime    Last Run               Last # of DB Queries
-----------------------------  -----  ---------  --------  ----------  --------------  -------------------  ----------------------
/opt/airflow/dags/pipeline.py                           1           0  0.25s           2026-09-11T18:49:04                      10
================================================================================
[2026-09-11T18:49:29.640+0000] {manager.py:821} INFO - Searching for files in /opt/airflow/dags
[2026-09-11T18:49:29.681+0000] {manager.py:824} INFO - There are 1 files in /opt/airflow/dags
[2026-09-11T18:49:47.147+0000] {manager.py:997} INFO - 
================================================================================
DAG File Processing Stats

File Path                      PID    Runtime      # DAGs    # Errors  Last Runtime    Last Run               Last # of DB Queries
-----------------------------  -----  ---------  --------  ----------  --------------  -------------------  ----------------------
/opt/airflow/dags/pipeline.py                           1           0  0.28s           2026-09-11T18:49:35                      10
================================================================================
[2026-09-11T18:50:17.540+0000] {manager.py:997} INFO - 
================================================================================
DAG File Processing Stats

File Path                      PID    Runtime      # DAGs    # Errors  Last Runtime    Last Run               Last # of DB Queries
-----------------------------  -----  ---------  --------  ----------  --------------  -------------------  ----------------------
/opt/airflow/dags/pipeline.py                           1           0  0.27s           2026-09-11T18:50:05                      10
================================================================================
[2026-09-11T18:50:48.092+0000] {manager.py:997} INFO - 
================================================================================
DAG File Processing Stats

File Path                      PID    Runtime      # DAGs    # Errors  Last Runtime    Last Run               Last # of DB Queries
-----------------------------  -----  ---------  --------  ----------  --------------  -------------------  ----------------------
/opt/airflow/dags/pipeline.py                           1           0  0.29s           2026-09-11T18:50:36                      10
================================================================================
[2026-09-11T18:51:18.609+0000] {manager.py:997} INFO - 
================================================================================
DAG File Processing Stats

File Path                      PID    Runtime      # DAGs    # Errors  Last Runtime    Last Run               Last # of DB Queries
-----------------------------  -----  ---------  --------  ----------  --------------  -------------------  ----------------------
/opt/airflow/dags/pipeline.py                           1           0  0.35s           2026-09-11T18:51:06                      10
================================================================================
[2026-09-11T18:51:49.133+0000] {manager.py:997} INFO - 
================================================================================
DAG File Processing Stats

File Path                      PID    Runtime      # DAGs    # Errors  Last Runtime    Last Run               Last # of DB Queries
-----------------------------  -----  ---------  --------  ----------  --------------  -------------------  ----------------------
/opt/airflow/dags/pipeline.py                           1           0  0.28s           2026-09-11T18:51:37                      10
================================================================================
[2026-09-11T18:52:19.600+0000] {manager.py:997} INFO - 
================================================================================
DAG File Processing Stats

File Path                      PID    Runtime      # DAGs    # Errors  Last Runtime    Last Run               Last # of DB Queries
-----------------------------  -----  ---------  --------  ----------  --------------  -------------------  ----------------------
/opt/airflow/dags/pipeline.py                           1           0  0.33s           2026-09-11T18:52:07                      10
================================================================================
[2026-09-11T18:52:50.130+0000] {manager.py:997} INFO - 
================================================================================
DAG File Processing Stats

File Path                      PID    Runtime      # DAGs    # Errors  Last Runtime    Last Run               Last # of DB Queries
-----------------------------  -----  ---------  --------  ----------  --------------  -------------------  ----------------------
/opt/airflow/dags/pipeline.py                           1           0  0.26s           2026-09-11T18:52:38                      10
================================================================================
[2026-09-11T18:53:20.560+0000] {manager.py:997} INFO - 
================================================================================
DAG File Processing Stats

File Path                      PID    Runtime      # DAGs    # Errors  Last Runtime    Last Run               Last # of DB Queries
-----------------------------  -----  ---------  --------  ----------  --------------  -------------------  ----------------------
/opt/airflow/dags/pipeline.py                           1           0  0.32s           2026-09-11T18:53:08                      10
================================================================================
[2026-09-11T18:53:51.122+0000] {manager.py:997} INFO - 
================================================================================
DAG File Processing Stats

File Path                      PID    Runtime      # DAGs    # Errors  Last Runtime    Last Run               Last # of DB Queries
-----------------------------  -----  ---------  --------  ----------  --------------  -------------------  ----------------------
/opt/airflow/dags/pipeline.py                           1           0  0.27s           2026-09-11T18:53:39                      10
================================================================================
[2026-09-11T18:54:21.508+0000] {manager.py:997} INFO - 
================================================================================
DAG File Processing Stats

File Path                      PID    Runtime      # DAGs    # Errors  Last Runtime    Last Run               Last # of DB Queries
-----------------------------  -----  ---------  --------  ----------  --------------  -------------------  ----------------------
/opt/airflow/dags/pipeline.py                           1           0  0.30s           2026-09-11T18:54:09                      10
================================================================================
[2026-09-11T18:54:29.846+0000] {manager.py:821} INFO - Searching for files in /opt/airflow/dags
[2026-09-11T18:54:29.918+0000] {manager.py:824} INFO - There are 1 files in /opt/airflow/dags
[2026-09-11T18:54:51.878+0000] {manager.py:997} INFO - 
================================================================================
DAG File Processing Stats

File Path                      PID    Runtime      # DAGs    # Errors  Last Runtime    Last Run               Last # of DB Queries
-----------------------------  -----  ---------  --------  ----------  --------------  -------------------  ----------------------
/opt/airflow/dags/pipeline.py                           1           0  0.29s           2026-09-11T18:54:40                      10
================================================================================
[2026-09-11T18:55:22.477+0000] {manager.py:997} INFO - 
================================================================================
DAG File Processing Stats

File Path                      PID    Runtime      # DAGs    # Errors  Last Runtime    Last Run               Last # of DB Queries
-----------------------------  -----  ---------  --------  ----------  --------------  -------------------  ----------------------
/opt/airflow/dags/pipeline.py                           1           0  0.25s           2026-09-11T18:55:10                      10
================================================================================
[2026-09-11T18:55:52.908+0000] {manager.py:997} INFO - 
================================================================================
DAG File Processing Stats

File Path                      PID    Runtime      # DAGs    # Errors  Last Runtime    Last Run               Last # of DB Queries
-----------------------------  -----  ---------  --------  ----------  --------------  -------------------  ----------------------
/opt/airflow/dags/pipeline.py                           1           0  0.29s           2026-09-11T18:55:41                      10
================================================================================
[2026-09-11T18:56:23.478+0000] {manager.py:997} INFO - 
================================================================================
DAG File Processing Stats

File Path                      PID    Runtime      # DAGs    # Errors  Last Runtime    Last Run               Last # of DB Queries
-----------------------------  -----  ---------  --------  ----------  --------------  -------------------  ----------------------
/opt/airflow/dags/pipeline.py                           1           0  0.25s           2026-09-11T18:56:11                      10
================================================================================
[2026-09-11T18:56:53.854+0000] {manager.py:997} INFO - 
================================================================================
DAG File Processing Stats

File Path                      PID    Runtime      # DAGs    # Errors  Last Runtime    Last Run               Last # of DB Queries
-----------------------------  -----  ---------  --------  ----------  --------------  -------------------  ----------------------
/opt/airflow/dags/pipeline.py                           1           0  0.28s           2026-09-11T18:56:41                      10
================================================================================
[2026-09-11T18:57:24.421+0000] {manager.py:997} INFO - 
================================================================================
DAG File Processing Stats

File Path                      PID    Runtime      # DAGs    # Errors  Last Runtime    Last Run               Last # of DB Queries
-----------------------------  -----  ---------  --------  ----------  --------------  -------------------  ----------------------
/opt/airflow/dags/pipeline.py                           1           0  0.26s           2026-09-11T18:57:12                      10
================================================================================
[2026-09-11T18:57:54.883+0000] {manager.py:997} INFO - 
================================================================================
DAG File Processing Stats

File Path                      PID    Runtime      # DAGs    # Errors  Last Runtime    Last Run               Last # of DB Queries
-----------------------------  -----  ---------  --------  ----------  --------------  -------------------  ----------------------
/opt/airflow/dags/pipeline.py                           1           0  0.27s           2026-09-11T18:57:42                      10
================================================================================
[2026-09-11T18:58:25.378+0000] {manager.py:997} INFO - 
================================================================================
DAG File Processing Stats

File Path                      PID    Runtime      # DAGs    # Errors  Last Runtime    Last Run               Last # of DB Queries
-----------------------------  -----  ---------  --------  ----------  --------------  -------------------  ----------------------
/opt/airflow/dags/pipeline.py                           1           0  0.28s           2026-09-11T18:58:13                      10
================================================================================
[2026-09-11T18:58:55.851+0000] {manager.py:997} INFO - 
================================================================================
DAG File Processing Stats

File Path                      PID    Runtime      # DAGs    # Errors  Last Runtime    Last Run               Last # of DB Queries
-----------------------------  -----  ---------  --------  ----------  --------------  -------------------  ----------------------
/opt/airflow/dags/pipeline.py                           1           0  0.29s           2026-09-11T18:58:43                      10
================================================================================
[2026-09-11T18:59:26.329+0000] {manager.py:997} INFO - 
================================================================================
DAG File Processing Stats

File Path                      PID    Runtime      # DAGs    # Errors  Last Runtime    Last Run               Last # of DB Queries
-----------------------------  -----  ---------  --------  ----------  --------------  -------------------  ----------------------
/opt/airflow/dags/pipeline.py                           1           0  0.27s           2026-09-11T18:59:14                      10
================================================================================
[2026-09-11T18:59:30.373+0000] {manager.py:821} INFO - Searching for files in /opt/airflow/dags
[2026-09-11T18:59:30.422+0000] {manager.py:824} INFO - There are 1 files in /opt/airflow/dags
[2026-09-11T18:59:56.815+0000] {manager.py:997} INFO - 
================================================================================
DAG File Processing Stats

File Path                      PID    Runtime      # DAGs    # Errors  Last Runtime    Last Run               Last # of DB Queries
-----------------------------  -----  ---------  --------  ----------  --------------  -------------------  ----------------------
/opt/airflow/dags/pipeline.py                           1           0  0.27s           2026-09-11T18:59:44                      10
================================================================================
[2026-09-11T19:00:27.373+0000] {manager.py:997} INFO - 
================================================================================
DAG File Processing Stats

File Path                      PID    Runtime      # DAGs    # Errors  Last Runtime    Last Run               Last # of DB Queries
-----------------------------  -----  ---------  --------  ----------  --------------  -------------------  ----------------------
/opt/airflow/dags/pipeline.py                           1           0  0.29s           2026-09-11T19:00:15                      10
================================================================================
[2026-09-11T19:00:57.814+0000] {manager.py:997} INFO - 
================================================================================
DAG File Processing Stats

File Path                      PID    Runtime      # DAGs    # Errors  Last Runtime    Last Run               Last # of DB Queries
-----------------------------  -----  ---------  --------  ----------  --------------  -------------------  ----------------------
/opt/airflow/dags/pipeline.py                           1           0  0.28s           2026-09-11T19:00:45                      10
================================================================================
[2026-09-11T19:01:28.391+0000] {manager.py:997} INFO - 
================================================================================
DAG File Processing Stats

File Path                      PID    Runtime      # DAGs    # Errors  Last Runtime    Last Run               Last # of DB Queries
-----------------------------  -----  ---------  --------  ----------  --------------  -------------------  ----------------------
/opt/airflow/dags/pipeline.py                           1           0  0.29s           2026-09-11T19:01:16                      10
================================================================================
[2026-09-11T19:01:58.818+0000] {manager.py:997} INFO - 
================================================================================
DAG File Processing Stats

File Path                      PID    Runtime      # DAGs    # Errors  Last Runtime    Last Run               Last # of DB Queries
-----------------------------  -----  ---------  --------  ----------  --------------  -------------------  ----------------------
/opt/airflow/dags/pipeline.py                           1           0  0.23s           2026-09-11T19:01:46                      10
================================================================================
[2026-09-11T19:02:29.358+0000] {manager.py:997} INFO - 
================================================================================
DAG File Processing Stats

File Path                      PID    Runtime      # DAGs    # Errors  Last Runtime    Last Run               Last # of DB Queries
-----------------------------  -----  ---------  --------  ----------  --------------  -------------------  ----------------------
/opt/airflow/dags/pipeline.py                           1           0  0.27s           2026-09-11T19:02:17                      10
================================================================================
[2026-09-11T19:02:59.771+0000] {manager.py:997} INFO - 
================================================================================
DAG File Processing Stats

File Path                      PID    Runtime      # DAGs    # Errors  Last Runtime    Last Run               Last # of DB Queries
-----------------------------  -----  ---------  --------  ----------  --------------  -------------------  ----------------------
/opt/airflow/dags/pipeline.py                           1           0  0.28s           2026-09-11T19:02:47                      10
================================================================================
[2026-09-11T19:03:30.304+0000] {manager.py:997} INFO - 
================================================================================
DAG File Processing Stats

File Path                      PID    Runtime      # DAGs    # Errors  Last Runtime    Last Run               Last # of DB Queries
-----------------------------  -----  ---------  --------  ----------  --------------  -------------------  ----------------------
/opt/airflow/dags/pipeline.py                           1           0  0.27s           2026-09-11T19:03:18                      10
================================================================================
[2026-09-11T19:04:00.689+0000] {manager.py:997} INFO - 
================================================================================
DAG File Processing Stats

File Path                      PID    Runtime      # DAGs    # Errors  Last Runtime    Last Run               Last # of DB Queries
-----------------------------  -----  ---------  --------  ----------  --------------  -------------------  ----------------------
/opt/airflow/dags/pipeline.py                           1           0  0.29s           2026-09-11T19:03:48                      10
================================================================================
[2026-09-11T19:04:31.263+0000] {manager.py:821} INFO - Searching for files in /opt/airflow/dags
[2026-09-11T19:04:31.311+0000] {manager.py:824} INFO - There are 1 files in /opt/airflow/dags
[2026-09-11T19:04:31.340+0000] {manager.py:997} INFO - 
================================================================================
DAG File Processing Stats

File Path                      PID    Runtime      # DAGs    # Errors  Last Runtime    Last Run               Last # of DB Queries
-----------------------------  -----  ---------  --------  ----------  --------------  -------------------  ----------------------
/opt/airflow/dags/pipeline.py                           1           0  0.28s           2026-09-11T19:04:19                      10
================================================================================
[2026-09-11T19:05:01.716+0000] {manager.py:997} INFO - 
================================================================================
DAG File Processing Stats

File Path                      PID    Runtime      # DAGs    # Errors  Last Runtime    Last Run               Last # of DB Queries
-----------------------------  -----  ---------  --------  ----------  --------------  -------------------  ----------------------
/opt/airflow/dags/pipeline.py                           1           0  0.27s           2026-09-11T19:04:49                      10
================================================================================
[2026-09-11T19:05:32.276+0000] {manager.py:997} INFO - 
================================================================================
DAG File Processing Stats

File Path                      PID    Runtime      # DAGs    # Errors  Last Runtime    Last Run               Last # of DB Queries
-----------------------------  -----  ---------  --------  ----------  --------------  -------------------  ----------------------
/opt/airflow/dags/pipeline.py                           1           0  0.29s           2026-09-11T19:05:20                      10
================================================================================
[2026-09-11T19:06:02.677+0000] {manager.py:997} INFO - 
================================================================================
DAG File Processing Stats

File Path                      PID    Runtime      # DAGs    # Errors  Last Runtime    Last Run               Last # of DB Queries
-----------------------------  -----  ---------  --------  ----------  --------------  -------------------  ----------------------
/opt/airflow/dags/pipeline.py                           1           0  0.25s           2026-09-11T19:05:50                      10
================================================================================
[2026-09-11T19:06:33.204+0000] {manager.py:997} INFO - 
================================================================================
DAG File Processing Stats

File Path                      PID    Runtime      # DAGs    # Errors  Last Runtime    Last Run               Last # of DB Queries
-----------------------------  -----  ---------  --------  ----------  --------------  -------------------  ----------------------
/opt/airflow/dags/pipeline.py                           1           0  0.27s           2026-09-11T19:06:21                      10
================================================================================
[2026-09-11T19:07:03.629+0000] {manager.py:997} INFO - 
================================================================================
DAG File Processing Stats

File Path                      PID    Runtime      # DAGs    # Errors  Last Runtime    Last Run               Last # of DB Queries
-----------------------------  -----  ---------  --------  ----------  --------------  -------------------  ----------------------
/opt/airflow/dags/pipeline.py                           1           0  0.23s           2026-09-11T19:06:51                      10
================================================================================
[2026-09-11T19:07:34.101+0000] {manager.py:997} INFO - 
================================================================================
DAG File Processing Stats

File Path                      PID    Runtime      # DAGs    # Errors  Last Runtime    Last Run               Last # of DB Queries
-----------------------------  -----  ---------  --------  ----------  --------------  -------------------  ----------------------
/opt/airflow/dags/pipeline.py                           1           0  0.26s           2026-09-11T19:07:22                      10
================================================================================
[2026-09-11T19:08:04.569+0000] {manager.py:997} INFO - 
================================================================================
DAG File Processing Stats

File Path                      PID    Runtime      # DAGs    # Errors  Last Runtime    Last Run               Last # of DB Queries
-----------------------------  -----  ---------  --------  ----------  --------------  -------------------  ----------------------
/opt/airflow/dags/pipeline.py                           1           0  0.23s           2026-09-11T19:07:52                      10
================================================================================
[2026-09-11T19:08:35.077+0000] {manager.py:997} INFO - 
================================================================================
DAG File Processing Stats

File Path                      PID    Runtime      # DAGs    # Errors  Last Runtime    Last Run               Last # of DB Queries
-----------------------------  -----  ---------  --------  ----------  --------------  -------------------  ----------------------
/opt/airflow/dags/pipeline.py                           1           0  0.26s           2026-09-11T19:08:23                      10
================================================================================
[2026-09-11T19:09:05.510+0000] {manager.py:997} INFO - 
================================================================================
DAG File Processing Stats

File Path                      PID    Runtime      # DAGs    # Errors  Last Runtime    Last Run               Last # of DB Queries
-----------------------------  -----  ---------  --------  ----------  --------------  -------------------  ----------------------
/opt/airflow/dags/pipeline.py                           1           0  0.23s           2026-09-11T19:08:53                      10
================================================================================
[2026-09-11T19:09:31.905+0000] {manager.py:821} INFO - Searching for files in /opt/airflow/dags
[2026-09-11T19:09:31.966+0000] {manager.py:824} INFO - There are 1 files in /opt/airflow/dags
[2026-09-11T19:09:36.036+0000] {manager.py:997} INFO - 
================================================================================
DAG File Processing Stats

File Path                      PID    Runtime      # DAGs    # Errors  Last Runtime    Last Run               Last # of DB Queries
-----------------------------  -----  ---------  --------  ----------  --------------  -------------------  ----------------------
/opt/airflow/dags/pipeline.py                           1           0  0.24s           2026-09-11T19:09:23                      10
================================================================================
[2026-09-11T19:10:06.414+0000] {manager.py:997} INFO - 
================================================================================
DAG File Processing Stats

File Path                      PID    Runtime      # DAGs    # Errors  Last Runtime    Last Run               Last # of DB Queries
-----------------------------  -----  ---------  --------  ----------  --------------  -------------------  ----------------------
/opt/airflow/dags/pipeline.py                           1           0  0.25s           2026-09-11T19:09:54                      10
================================================================================
[2026-09-11T19:10:36.940+0000] {manager.py:997} INFO - 
================================================================================
DAG File Processing Stats

File Path                      PID    Runtime      # DAGs    # Errors  Last Runtime    Last Run               Last # of DB Queries
-----------------------------  -----  ---------  --------  ----------  --------------  -------------------  ----------------------
/opt/airflow/dags/pipeline.py                           1           0  0.21s           2026-09-11T19:10:24                      10
================================================================================
[2026-09-11T19:11:07.313+0000] {manager.py:997} INFO - 
================================================================================
DAG File Processing Stats

File Path                      PID    Runtime      # DAGs    # Errors  Last Runtime    Last Run               Last # of DB Queries
-----------------------------  -----  ---------  --------  ----------  --------------  -------------------  ----------------------
/opt/airflow/dags/pipeline.py                           1           0  0.24s           2026-09-11T19:10:55                      10
================================================================================
[2026-09-11T19:11:37.841+0000] {manager.py:997} INFO - 
================================================================================
DAG File Processing Stats

File Path                      PID    Runtime      # DAGs    # Errors  Last Runtime    Last Run               Last # of DB Queries
-----------------------------  -----  ---------  --------  ----------  --------------  -------------------  ----------------------
/opt/airflow/dags/pipeline.py                           1           0  0.26s           2026-09-11T19:11:25                      10
================================================================================
[2026-09-11T19:12:08.231+0000] {manager.py:997} INFO - 
================================================================================
DAG File Processing Stats

File Path                      PID    Runtime      # DAGs    # Errors  Last Runtime    Last Run               Last # of DB Queries
-----------------------------  -----  ---------  --------  ----------  --------------  -------------------  ----------------------
/opt/airflow/dags/pipeline.py                           1           0  0.26s           2026-09-11T19:11:56                      10
================================================================================
[2026-09-11T19:12:38.589+0000] {manager.py:997} INFO - 
================================================================================
DAG File Processing Stats

File Path                      PID    Runtime      # DAGs    # Errors  Last Runtime    Last Run               Last # of DB Queries
-----------------------------  -----  ---------  --------  ----------  --------------  -------------------  ----------------------
/opt/airflow/dags/pipeline.py                           1           0  0.23s           2026-09-11T19:12:26                      10
================================================================================
[2026-09-11T19:13:09.098+0000] {manager.py:997} INFO - 
================================================================================
DAG File Processing Stats

File Path                      PID    Runtime      # DAGs    # Errors  Last Runtime    Last Run               Last # of DB Queries
-----------------------------  -----  ---------  --------  ----------  --------------  -------------------  ----------------------
/opt/airflow/dags/pipeline.py                           1           0  0.27s           2026-09-11T19:12:57                      10
================================================================================
[2026-09-11T19:13:39.617+0000] {manager.py:997} INFO - 
================================================================================
DAG File Processing Stats

File Path                      PID    Runtime      # DAGs    # Errors  Last Runtime    Last Run               Last # of DB Queries
-----------------------------  -----  ---------  --------  ----------  --------------  -------------------  ----------------------
/opt/airflow/dags/pipeline.py                           1           0  0.24s           2026-09-11T19:13:27                      10
================================================================================
[2026-09-11T19:14:10.057+0000] {manager.py:997} INFO - 
================================================================================
DAG File Processing Stats

File Path                      PID    Runtime      # DAGs    # Errors  Last Runtime    Last Run               Last # of DB Queries
-----------------------------  -----  ---------  --------  ----------  --------------  -------------------  ----------------------
/opt/airflow/dags/pipeline.py                           1           0  0.23s           2026-09-11T19:13:58                      10
================================================================================
[2026-09-11T19:14:32.465+0000] {manager.py:821} INFO - Searching for files in /opt/airflow/dags
[2026-09-11T19:14:32.501+0000] {manager.py:824} INFO - There are 1 files in /opt/airflow/dags
[2026-09-11T19:14:40.614+0000] {manager.py:997} INFO - 
================================================================================
DAG File Processing Stats

File Path                      PID    Runtime      # DAGs    # Errors  Last Runtime    Last Run               Last # of DB Queries
-----------------------------  -----  ---------  --------  ----------  --------------  -------------------  ----------------------
/opt/airflow/dags/pipeline.py                           1           0  0.29s           2026-09-11T19:14:28                      10
================================================================================
[2026-09-11T19:15:11.055+0000] {manager.py:997} INFO - 
================================================================================
DAG File Processing Stats

File Path                      PID    Runtime      # DAGs    # Errors  Last Runtime    Last Run               Last # of DB Queries
-----------------------------  -----  ---------  --------  ----------  --------------  -------------------  ----------------------
/opt/airflow/dags/pipeline.py                           1           0  0.28s           2026-09-11T19:14:59                      10
================================================================================
[2026-09-11T19:15:41.555+0000] {manager.py:997} INFO - 
================================================================================
DAG File Processing Stats

File Path                      PID    Runtime      # DAGs    # Errors  Last Runtime    Last Run               Last # of DB Queries
-----------------------------  -----  ---------  --------  ----------  --------------  -------------------  ----------------------
/opt/airflow/dags/pipeline.py                           1           0  0.31s           2026-09-11T19:15:29                      10
================================================================================
[2026-09-11T19:16:12.017+0000] {manager.py:997} INFO - 
================================================================================
DAG File Processing Stats

File Path                      PID    Runtime      # DAGs    # Errors  Last Runtime    Last Run               Last # of DB Queries
-----------------------------  -----  ---------  --------  ----------  --------------  -------------------  ----------------------
/opt/airflow/dags/pipeline.py                           1           0  0.24s           2026-09-11T19:16:00                      10
================================================================================
[2026-09-11T19:16:42.456+0000] {manager.py:997} INFO - 
================================================================================
DAG File Processing Stats

File Path                      PID    Runtime      # DAGs    # Errors  Last Runtime    Last Run               Last # of DB Queries
-----------------------------  -----  ---------  --------  ----------  --------------  -------------------  ----------------------
/opt/airflow/dags/pipeline.py                           1           0  0.22s           2026-09-11T19:16:30                      10
================================================================================
[2026-09-11T19:17:12.890+0000] {manager.py:997} INFO - 
================================================================================
DAG File Processing Stats

File Path                      PID    Runtime      # DAGs    # Errors  Last Runtime    Last Run               Last # of DB Queries
-----------------------------  -----  ---------  --------  ----------  --------------  -------------------  ----------------------
/opt/airflow/dags/pipeline.py                           1           0  0.33s           2026-09-11T19:17:01                      10
================================================================================
[2026-09-11T19:17:43.465+0000] {manager.py:997} INFO - 
================================================================================
DAG File Processing Stats

File Path                      PID    Runtime      # DAGs    # Errors  Last Runtime    Last Run               Last # of DB Queries
-----------------------------  -----  ---------  --------  ----------  --------------  -------------------  ----------------------
/opt/airflow/dags/pipeline.py                           1           0  0.26s           2026-09-11T19:17:31                      10
================================================================================
[2026-09-11T19:18:13.857+0000] {manager.py:997} INFO - 
================================================================================
DAG File Processing Stats

File Path                      PID    Runtime      # DAGs    # Errors  Last Runtime    Last Run               Last # of DB Queries
-----------------------------  -----  ---------  --------  ----------  --------------  -------------------  ----------------------
/opt/airflow/dags/pipeline.py                           1           0  0.26s           2026-09-11T19:18:01                      10
================================================================================
[2026-09-11T19:18:44.368+0000] {manager.py:997} INFO - 
================================================================================
DAG File Processing Stats

File Path                      PID    Runtime      # DAGs    # Errors  Last Runtime    Last Run               Last # of DB Queries
-----------------------------  -----  ---------  --------  ----------  --------------  -------------------  ----------------------
/opt/airflow/dags/pipeline.py                           1           0  0.27s           2026-09-11T19:18:32                      10
================================================================================
[2026-09-11T19:19:14.785+0000] {manager.py:997} INFO - 
================================================================================
DAG File Processing Stats

File Path                      PID    Runtime      # DAGs    # Errors  Last Runtime    Last Run               Last # of DB Queries
-----------------------------  -----  ---------  --------  ----------  --------------  -------------------  ----------------------
/opt/airflow/dags/pipeline.py                           1           0  0.27s           2026-09-11T19:19:02                      10
================================================================================
[2026-09-11T19:19:33.014+0000] {manager.py:821} INFO - Searching for files in /opt/airflow/dags
[2026-09-11T19:19:33.057+0000] {manager.py:824} INFO - There are 1 files in /opt/airflow/dags
[2026-09-11T19:19:45.322+0000] {manager.py:997} INFO - 
================================================================================
DAG File Processing Stats

File Path                      PID    Runtime      # DAGs    # Errors  Last Runtime    Last Run               Last # of DB Queries
-----------------------------  -----  ---------  --------  ----------  --------------  -------------------  ----------------------
/opt/airflow/dags/pipeline.py                           1           0  0.24s           2026-09-11T19:19:33                      10
================================================================================
[2026-09-11T19:20:15.816+0000] {manager.py:997} INFO - 
================================================================================
DAG File Processing Stats

File Path                      PID    Runtime      # DAGs    # Errors  Last Runtime    Last Run               Last # of DB Queries
-----------------------------  -----  ---------  --------  ----------  --------------  -------------------  ----------------------
/opt/airflow/dags/pipeline.py                           1           0  0.27s           2026-09-11T19:20:03                      10
================================================================================
[2026-09-11T19:20:46.283+0000] {manager.py:997} INFO - 
================================================================================
DAG File Processing Stats

File Path                      PID    Runtime      # DAGs    # Errors  Last Runtime    Last Run               Last # of DB Queries
-----------------------------  -----  ---------  --------  ----------  --------------  -------------------  ----------------------
/opt/airflow/dags/pipeline.py                           1           0  0.24s           2026-09-11T19:20:34                      10
================================================================================
[2026-09-11T19:21:16.727+0000] {manager.py:997} INFO - 
================================================================================
DAG File Processing Stats

File Path                      PID    Runtime      # DAGs    # Errors  Last Runtime    Last Run               Last # of DB Queries
-----------------------------  -----  ---------  --------  ----------  --------------  -------------------  ----------------------
/opt/airflow/dags/pipeline.py                           1           0  0.24s           2026-09-11T19:21:04                      10
================================================================================
[2026-09-11T19:21:47.182+0000] {manager.py:997} INFO - 
================================================================================
DAG File Processing Stats

File Path                      PID    Runtime      # DAGs    # Errors  Last Runtime    Last Run               Last # of DB Queries
-----------------------------  -----  ---------  --------  ----------  --------------  -------------------  ----------------------
/opt/airflow/dags/pipeline.py                           1           0  0.25s           2026-09-11T19:21:35                      10
================================================================================
[2026-09-11T19:22:17.723+0000] {manager.py:997} INFO - 
================================================================================
DAG File Processing Stats

File Path                      PID    Runtime      # DAGs    # Errors  Last Runtime    Last Run               Last # of DB Queries
-----------------------------  -----  ---------  --------  ----------  --------------  -------------------  ----------------------
/opt/airflow/dags/pipeline.py                           1           0  0.25s           2026-09-11T19:22:05                      10
================================================================================
[2026-09-11T19:22:48.159+0000] {manager.py:997} INFO - 
================================================================================
DAG File Processing Stats

File Path                      PID    Runtime      # DAGs    # Errors  Last Runtime    Last Run               Last # of DB Queries
-----------------------------  -----  ---------  --------  ----------  --------------  -------------------  ----------------------
/opt/airflow/dags/pipeline.py                           1           0  0.26s           2026-09-11T19:22:36                      10
================================================================================
[2026-09-11T19:23:18.488+0000] {manager.py:997} INFO - 
================================================================================
DAG File Processing Stats

File Path                      PID    Runtime      # DAGs    # Errors  Last Runtime    Last Run               Last # of DB Queries
-----------------------------  -----  ---------  --------  ----------  --------------  -------------------  ----------------------
/opt/airflow/dags/pipeline.py                           1           0  0.23s           2026-09-11T19:23:06                      10
================================================================================
[2026-09-11T19:23:48.825+0000] {manager.py:997} INFO - 
================================================================================
DAG File Processing Stats

File Path                      PID    Runtime      # DAGs    # Errors  Last Runtime    Last Run               Last # of DB Queries
-----------------------------  -----  ---------  --------  ----------  --------------  -------------------  ----------------------
/opt/airflow/dags/pipeline.py                           1           0  0.23s           2026-09-11T19:23:36                      10
================================================================================
[2026-09-11T19:24:19.363+0000] {manager.py:997} INFO - 
================================================================================
DAG File Processing Stats

File Path                      PID    Runtime      # DAGs    # Errors  Last Runtime    Last Run               Last # of DB Queries
-----------------------------  -----  ---------  --------  ----------  --------------  -------------------  ----------------------
/opt/airflow/dags/pipeline.py                           1           0  0.25s           2026-09-11T19:24:07                      10
================================================================================
[2026-09-11T19:24:33.513+0000] {manager.py:821} INFO - Searching for files in /opt/airflow/dags
[2026-09-11T19:24:33.548+0000] {manager.py:824} INFO - There are 1 files in /opt/airflow/dags
[2026-09-11T19:24:49.925+0000] {manager.py:997} INFO - 
================================================================================
DAG File Processing Stats

File Path                      PID    Runtime      # DAGs    # Errors  Last Runtime    Last Run               Last # of DB Queries
-----------------------------  -----  ---------  --------  ----------  --------------  -------------------  ----------------------
/opt/airflow/dags/pipeline.py                           1           0  0.28s           2026-09-11T19:24:37                      10
================================================================================
[2026-09-11T19:25:20.385+0000] {manager.py:997} INFO - 
================================================================================
DAG File Processing Stats

File Path                      PID    Runtime      # DAGs    # Errors  Last Runtime    Last Run               Last # of DB Queries
-----------------------------  -----  ---------  --------  ----------  --------------  -------------------  ----------------------
/opt/airflow/dags/pipeline.py                           1           0  0.25s           2026-09-11T19:25:08                      10
================================================================================
[2026-09-11T19:25:50.860+0000] {manager.py:997} INFO - 
================================================================================
DAG File Processing Stats

File Path                      PID    Runtime      # DAGs    # Errors  Last Runtime    Last Run               Last # of DB Queries
-----------------------------  -----  ---------  --------  ----------  --------------  -------------------  ----------------------
/opt/airflow/dags/pipeline.py                           1           0  0.27s           2026-09-11T19:25:38                      10
================================================================================
[2026-09-11T19:26:21.375+0000] {manager.py:997} INFO - 
================================================================================
DAG File Processing Stats

File Path                      PID    Runtime      # DAGs    # Errors  Last Runtime    Last Run               Last # of DB Queries
-----------------------------  -----  ---------  --------  ----------  --------------  -------------------  ----------------------
/opt/airflow/dags/pipeline.py                           1           0  0.29s           2026-09-11T19:26:09                      10
================================================================================
[2026-09-11T19:26:51.832+0000] {manager.py:997} INFO - 
================================================================================
DAG File Processing Stats

File Path                      PID    Runtime      # DAGs    # Errors  Last Runtime    Last Run               Last # of DB Queries
-----------------------------  -----  ---------  --------  ----------  --------------  -------------------  ----------------------
/opt/airflow/dags/pipeline.py                           1           0  0.28s           2026-09-11T19:26:39                      10
================================================================================
[2026-09-11T19:27:22.324+0000] {manager.py:997} INFO - 
================================================================================
DAG File Processing Stats

File Path                      PID    Runtime      # DAGs    # Errors  Last Runtime    Last Run               Last # of DB Queries
-----------------------------  -----  ---------  --------  ----------  --------------  -------------------  ----------------------
/opt/airflow/dags/pipeline.py                           1           0  0.32s           2026-09-11T19:27:10                      10
================================================================================
[2026-09-11T19:27:52.829+0000] {manager.py:997} INFO - 
================================================================================
DAG File Processing Stats

File Path                      PID    Runtime      # DAGs    # Errors  Last Runtime    Last Run               Last # of DB Queries
-----------------------------  -----  ---------  --------  ----------  --------------  -------------------  ----------------------
/opt/airflow/dags/pipeline.py                           1           0  0.27s           2026-09-11T19:27:40                      10
================================================================================
[2026-09-11T19:28:23.341+0000] {manager.py:997} INFO - 
================================================================================
DAG File Processing Stats

File Path                      PID    Runtime      # DAGs    # Errors  Last Runtime    Last Run               Last # of DB Queries
-----------------------------  -----  ---------  --------  ----------  --------------  -------------------  ----------------------
/opt/airflow/dags/pipeline.py                           1           0  0.28s           2026-09-11T19:28:11                      10
================================================================================
[2026-09-11T19:28:53.768+0000] {manager.py:997} INFO - 
================================================================================
DAG File Processing Stats

File Path                      PID    Runtime      # DAGs    # Errors  Last Runtime    Last Run               Last # of DB Queries
-----------------------------  -----  ---------  --------  ----------  --------------  -------------------  ----------------------
/opt/airflow/dags/pipeline.py                           1           0  0.23s           2026-09-11T19:28:41                      10
================================================================================
[2026-09-11T19:29:24.233+0000] {manager.py:997} INFO - 
================================================================================
DAG File Processing Stats

File Path                      PID    Runtime      # DAGs    # Errors  Last Runtime    Last Run               Last # of DB Queries
-----------------------------  -----  ---------  --------  ----------  --------------  -------------------  ----------------------
/opt/airflow/dags/pipeline.py                           1           0  0.26s           2026-09-11T19:29:12                      10
================================================================================
[2026-09-11T19:29:34.336+0000] {manager.py:821} INFO - Searching for files in /opt/airflow/dags
[2026-09-11T19:29:34.372+0000] {manager.py:824} INFO - There are 1 files in /opt/airflow/dags
[2026-09-11T19:29:54.747+0000] {manager.py:997} INFO - 
================================================================================
DAG File Processing Stats

File Path                      PID    Runtime      # DAGs    # Errors  Last Runtime    Last Run               Last # of DB Queries
-----------------------------  -----  ---------  --------  ----------  --------------  -------------------  ----------------------
/opt/airflow/dags/pipeline.py                           1           0  0.27s           2026-09-11T19:29:42                      10
================================================================================
[2026-09-11T19:30:25.234+0000] {manager.py:997} INFO - 
================================================================================
DAG File Processing Stats

File Path                      PID    Runtime      # DAGs    # Errors  Last Runtime    Last Run               Last # of DB Queries
-----------------------------  -----  ---------  --------  ----------  --------------  -------------------  ----------------------
/opt/airflow/dags/pipeline.py                           1           0  0.25s           2026-09-11T19:30:13                      10
================================================================================
[2026-09-11T19:30:55.674+0000] {manager.py:997} INFO - 
================================================================================
DAG File Processing Stats

File Path                      PID    Runtime      # DAGs    # Errors  Last Runtime    Last Run               Last # of DB Queries
-----------------------------  -----  ---------  --------  ----------  --------------  -------------------  ----------------------
/opt/airflow/dags/pipeline.py                           1           0  0.24s           2026-09-11T19:30:43                      10
================================================================================
[2026-09-11T19:31:26.128+0000] {manager.py:997} INFO - 
================================================================================
DAG File Processing Stats

File Path                      PID    Runtime      # DAGs    # Errors  Last Runtime    Last Run               Last # of DB Queries
-----------------------------  -----  ---------  --------  ----------  --------------  -------------------  ----------------------
/opt/airflow/dags/pipeline.py                           1           0  0.28s           2026-09-11T19:31:14                      10
================================================================================
[2026-09-11T19:31:56.615+0000] {manager.py:997} INFO - 
================================================================================
DAG File Processing Stats

File Path                      PID    Runtime      # DAGs    # Errors  Last Runtime    Last Run               Last # of DB Queries
-----------------------------  -----  ---------  --------  ----------  --------------  -------------------  ----------------------
/opt/airflow/dags/pipeline.py                           1           0  0.26s           2026-09-11T19:31:44                      10
================================================================================
[2026-09-11T19:32:27.044+0000] {manager.py:997} INFO - 
================================================================================
DAG File Processing Stats

File Path                      PID    Runtime      # DAGs    # Errors  Last Runtime    Last Run               Last # of DB Queries
-----------------------------  -----  ---------  --------  ----------  --------------  -------------------  ----------------------
/opt/airflow/dags/pipeline.py                           1           0  0.23s           2026-09-11T19:32:15                      10
================================================================================
[2026-09-11T19:32:57.511+0000] {manager.py:997} INFO - 
================================================================================
DAG File Processing Stats

File Path                      PID    Runtime      # DAGs    # Errors  Last Runtime    Last Run               Last # of DB Queries
-----------------------------  -----  ---------  --------  ----------  --------------  -------------------  ----------------------
/opt/airflow/dags/pipeline.py                           1           0  0.26s           2026-09-11T19:32:45                      10
================================================================================
[2026-09-11T19:33:27.973+0000] {manager.py:997} INFO - 
================================================================================
DAG File Processing Stats

File Path                      PID    Runtime      # DAGs    # Errors  Last Runtime    Last Run               Last # of DB Queries
-----------------------------  -----  ---------  --------  ----------  --------------  -------------------  ----------------------
/opt/airflow/dags/pipeline.py                           1           0  0.27s           2026-09-11T19:33:15                      10
================================================================================
[2026-09-11T19:33:58.448+0000] {manager.py:997} INFO - 
================================================================================
DAG File Processing Stats

File Path                      PID    Runtime      # DAGs    # Errors  Last Runtime    Last Run               Last # of DB Queries
-----------------------------  -----  ---------  --------  ----------  --------------  -------------------  ----------------------
/opt/airflow/dags/pipeline.py                           1           0  0.25s           2026-09-11T19:33:46                      10
================================================================================
[2026-09-11T19:34:28.981+0000] {manager.py:997} INFO - 
================================================================================
DAG File Processing Stats

File Path                      PID    Runtime      # DAGs    # Errors  Last Runtime    Last Run               Last # of DB Queries
-----------------------------  -----  ---------  --------  ----------  --------------  -------------------  ----------------------
/opt/airflow/dags/pipeline.py                           1           0  0.26s           2026-09-11T19:34:16                      10
================================================================================
[2026-09-11T19:34:35.041+0000] {manager.py:821} INFO - Searching for files in /opt/airflow/dags
[2026-09-11T19:34:35.078+0000] {manager.py:824} INFO - There are 1 files in /opt/airflow/dags
[2026-09-11T19:34:59.412+0000] {manager.py:997} INFO - 
================================================================================
DAG File Processing Stats

File Path                      PID    Runtime      # DAGs    # Errors  Last Runtime    Last Run               Last # of DB Queries
-----------------------------  -----  ---------  --------  ----------  --------------  -------------------  ----------------------
/opt/airflow/dags/pipeline.py                           1           0  0.25s           2026-09-11T19:34:47                      10
================================================================================
[2026-09-11T19:35:29.973+0000] {manager.py:997} INFO - 
================================================================================
DAG File Processing Stats

File Path                      PID    Runtime      # DAGs    # Errors  Last Runtime    Last Run               Last # of DB Queries
-----------------------------  -----  ---------  --------  ----------  --------------  -------------------  ----------------------
/opt/airflow/dags/pipeline.py                           1           0  0.24s           2026-09-11T19:35:17                      10
================================================================================
[2026-09-11T19:36:00.351+0000] {manager.py:997} INFO - 
================================================================================
DAG File Processing Stats

File Path                      PID    Runtime      # DAGs    # Errors  Last Runtime    Last Run               Last # of DB Queries
-----------------------------  -----  ---------  --------  ----------  --------------  -------------------  ----------------------
/opt/airflow/dags/pipeline.py                           1           0  0.23s           2026-09-11T19:35:48                      10
================================================================================
[2026-09-11T19:36:30.837+0000] {manager.py:997} INFO - 
================================================================================
DAG File Processing Stats

File Path                      PID    Runtime      # DAGs    # Errors  Last Runtime    Last Run               Last # of DB Queries
-----------------------------  -----  ---------  --------  ----------  --------------  -------------------  ----------------------
/opt/airflow/dags/pipeline.py                           1           0  0.26s           2026-09-11T19:36:18                      10
================================================================================
[2026-09-11T19:37:01.259+0000] {manager.py:997} INFO - 
================================================================================
DAG File Processing Stats

File Path                      PID    Runtime      # DAGs    # Errors  Last Runtime    Last Run               Last # of DB Queries
-----------------------------  -----  ---------  --------  ----------  --------------  -------------------  ----------------------
/opt/airflow/dags/pipeline.py                           1           0  0.24s           2026-09-11T19:36:49                      10
================================================================================
[2026-09-11T19:37:31.765+0000] {manager.py:997} INFO - 
================================================================================
DAG File Processing Stats

File Path                      PID    Runtime      # DAGs    # Errors  Last Runtime    Last Run               Last # of DB Queries
-----------------------------  -----  ---------  --------  ----------  --------------  -------------------  ----------------------
/opt/airflow/dags/pipeline.py                           1           0  0.27s           2026-09-11T19:37:19                      10
================================================================================
[2026-09-11T19:38:02.206+0000] {manager.py:997} INFO - 
================================================================================
DAG File Processing Stats

File Path                      PID    Runtime      # DAGs    # Errors  Last Runtime    Last Run               Last # of DB Queries
-----------------------------  -----  ---------  --------  ----------  --------------  -------------------  ----------------------
/opt/airflow/dags/pipeline.py                           1           0  0.26s           2026-09-11T19:37:50                      10
================================================================================
[2026-09-11T19:38:32.754+0000] {manager.py:997} INFO - 
================================================================================
DAG File Processing Stats

File Path                      PID    Runtime      # DAGs    # Errors  Last Runtime    Last Run               Last # of DB Queries
-----------------------------  -----  ---------  --------  ----------  --------------  -------------------  ----------------------
/opt/airflow/dags/pipeline.py                           1           0  0.30s           2026-09-11T19:38:20                      10
================================================================================
[2026-09-11T19:39:03.190+0000] {manager.py:997} INFO - 
================================================================================
DAG File Processing Stats

File Path                      PID    Runtime      # DAGs    # Errors  Last Runtime    Last Run               Last # of DB Queries
-----------------------------  -----  ---------  --------  ----------  --------------  -------------------  ----------------------
/opt/airflow/dags/pipeline.py                           1           0  0.23s           2026-09-11T19:38:51                      10
================================================================================
[2026-09-11T19:39:33.655+0000] {manager.py:997} INFO - 
================================================================================
DAG File Processing Stats

File Path                      PID    Runtime      # DAGs    # Errors  Last Runtime    Last Run               Last # of DB Queries
-----------------------------  -----  ---------  --------  ----------  --------------  -------------------  ----------------------
/opt/airflow/dags/pipeline.py                           1           0  0.25s           2026-09-11T19:39:21                      10
================================================================================
[2026-09-11T19:39:35.674+0000] {manager.py:821} INFO - Searching for files in /opt/airflow/dags
[2026-09-11T19:39:35.712+0000] {manager.py:824} INFO - There are 1 files in /opt/airflow/dags
[2026-09-11T19:40:04.135+0000] {manager.py:997} INFO - 
================================================================================
DAG File Processing Stats

File Path                      PID    Runtime      # DAGs    # Errors  Last Runtime    Last Run               Last # of DB Queries
-----------------------------  -----  ---------  --------  ----------  --------------  -------------------  ----------------------
/opt/airflow/dags/pipeline.py                           1           0  0.23s           2026-09-11T19:39:52                      10
================================================================================
[2026-09-11T19:40:34.605+0000] {manager.py:997} INFO - 
================================================================================
DAG File Processing Stats

File Path                      PID    Runtime      # DAGs    # Errors  Last Runtime    Last Run               Last # of DB Queries
-----------------------------  -----  ---------  --------  ----------  --------------  -------------------  ----------------------
/opt/airflow/dags/pipeline.py                           1           0  0.25s           2026-09-11T19:40:22                      10
================================================================================
[2026-09-11T19:41:05.044+0000] {manager.py:997} INFO - 
================================================================================
DAG File Processing Stats

File Path                      PID    Runtime      # DAGs    # Errors  Last Runtime    Last Run               Last # of DB Queries
-----------------------------  -----  ---------  --------  ----------  --------------  -------------------  ----------------------
/opt/airflow/dags/pipeline.py                           1           0  0.26s           2026-09-11T19:40:53                      10
================================================================================
[2026-09-11T19:41:35.515+0000] {manager.py:997} INFO - 
================================================================================
DAG File Processing Stats

File Path                      PID    Runtime      # DAGs    # Errors  Last Runtime    Last Run               Last # of DB Queries
-----------------------------  -----  ---------  --------  ----------  --------------  -------------------  ----------------------
/opt/airflow/dags/pipeline.py                           1           0  0.24s           2026-09-11T19:41:23                      10
================================================================================
[2026-09-11T19:42:05.942+0000] {manager.py:997} INFO - 
================================================================================
DAG File Processing Stats

File Path                      PID    Runtime      # DAGs    # Errors  Last Runtime    Last Run               Last # of DB Queries
-----------------------------  -----  ---------  --------  ----------  --------------  -------------------  ----------------------
/opt/airflow/dags/pipeline.py                           1           0  0.23s           2026-09-11T19:41:53                      10
================================================================================
[2026-09-11T19:42:36.420+0000] {manager.py:997} INFO - 
================================================================================
DAG File Processing Stats

File Path                      PID    Runtime      # DAGs    # Errors  Last Runtime    Last Run               Last # of DB Queries
-----------------------------  -----  ---------  --------  ----------  --------------  -------------------  ----------------------
/opt/airflow/dags/pipeline.py                           1           0  0.27s           2026-09-11T19:42:24                      10
================================================================================
[2026-09-11T19:43:06.969+0000] {manager.py:997} INFO - 
================================================================================
DAG File Processing Stats

File Path                      PID    Runtime      # DAGs    # Errors  Last Runtime    Last Run               Last # of DB Queries
-----------------------------  -----  ---------  --------  ----------  --------------  -------------------  ----------------------
/opt/airflow/dags/pipeline.py                           1           0  0.28s           2026-09-11T19:42:54                      10
================================================================================
[2026-09-11T19:43:37.396+0000] {manager.py:997} INFO - 
================================================================================
DAG File Processing Stats

File Path                      PID    Runtime      # DAGs    # Errors  Last Runtime    Last Run               Last # of DB Queries
-----------------------------  -----  ---------  --------  ----------  --------------  -------------------  ----------------------
/opt/airflow/dags/pipeline.py                           1           0  0.24s           2026-09-11T19:43:25                      10
================================================================================
[2026-09-11T19:44:07.888+0000] {manager.py:997} INFO - 
================================================================================
DAG File Processing Stats

File Path                      PID    Runtime      # DAGs    # Errors  Last Runtime    Last Run               Last # of DB Queries
-----------------------------  -----  ---------  --------  ----------  --------------  -------------------  ----------------------
/opt/airflow/dags/pipeline.py                           1           0  0.26s           2026-09-11T19:43:55                      10
================================================================================
[2026-09-11T19:44:36.346+0000] {manager.py:821} INFO - Searching for files in /opt/airflow/dags
[2026-09-11T19:44:36.394+0000] {manager.py:824} INFO - There are 1 files in /opt/airflow/dags
[2026-09-11T19:44:38.450+0000] {manager.py:997} INFO - 
================================================================================
DAG File Processing Stats

File Path                      PID    Runtime      # DAGs    # Errors  Last Runtime    Last Run               Last # of DB Queries
-----------------------------  -----  ---------  --------  ----------  --------------  -------------------  ----------------------
/opt/airflow/dags/pipeline.py                           1           0  0.23s           2026-09-11T19:44:26                      10
================================================================================
[2026-09-11T19:45:08.839+0000] {manager.py:997} INFO - 
================================================================================
DAG File Processing Stats

File Path                      PID    Runtime      # DAGs    # Errors  Last Runtime    Last Run               Last # of DB Queries
-----------------------------  -----  ---------  --------  ----------  --------------  -------------------  ----------------------
/opt/airflow/dags/pipeline.py                           1           0  0.25s           2026-09-11T19:44:56                      10
================================================================================
[2026-09-11T19:45:39.380+0000] {manager.py:997} INFO - 
================================================================================
DAG File Processing Stats

File Path                      PID    Runtime      # DAGs    # Errors  Last Runtime    Last Run               Last # of DB Queries
-----------------------------  -----  ---------  --------  ----------  --------------  -------------------  ----------------------
/opt/airflow/dags/pipeline.py                           1           0  0.26s           2026-09-11T19:45:27                      10
================================================================================
[2026-09-11T19:46:09.787+0000] {manager.py:997} INFO - 
================================================================================
DAG File Processing Stats

File Path                      PID    Runtime      # DAGs    # Errors  Last Runtime    Last Run               Last # of DB Queries
-----------------------------  -----  ---------  --------  ----------  --------------  -------------------  ----------------------
/opt/airflow/dags/pipeline.py                           1           0  0.27s           2026-09-11T19:45:57                      10
================================================================================
[2026-09-11T19:46:40.344+0000] {manager.py:997} INFO - 
================================================================================
DAG File Processing Stats

File Path                      PID    Runtime      # DAGs    # Errors  Last Runtime    Last Run               Last # of DB Queries
-----------------------------  -----  ---------  --------  ----------  --------------  -------------------  ----------------------
/opt/airflow/dags/pipeline.py                           1           0  0.28s           2026-09-11T19:46:28                      10
================================================================================
[2026-09-11T19:47:10.759+0000] {manager.py:997} INFO - 
================================================================================
DAG File Processing Stats

File Path                      PID    Runtime      # DAGs    # Errors  Last Runtime    Last Run               Last # of DB Queries
-----------------------------  -----  ---------  --------  ----------  --------------  -------------------  ----------------------
/opt/airflow/dags/pipeline.py                           1           0  0.30s           2026-09-11T19:46:58                      10
================================================================================
[2026-09-11T19:47:41.303+0000] {manager.py:997} INFO - 
================================================================================
DAG File Processing Stats

File Path                      PID    Runtime      # DAGs    # Errors  Last Runtime    Last Run               Last # of DB Queries
-----------------------------  -----  ---------  --------  ----------  --------------  -------------------  ----------------------
/opt/airflow/dags/pipeline.py                           1           0  0.26s           2026-09-11T19:47:29                      10
================================================================================
[2026-09-11T19:48:11.687+0000] {manager.py:997} INFO - 
================================================================================
DAG File Processing Stats

File Path                      PID    Runtime      # DAGs    # Errors  Last Runtime    Last Run               Last # of DB Queries
-----------------------------  -----  ---------  --------  ----------  --------------  -------------------  ----------------------
/opt/airflow/dags/pipeline.py                           1           0  0.25s           2026-09-11T19:47:59                      10
================================================================================
[2026-09-11T19:48:42.202+0000] {manager.py:997} INFO - 
================================================================================
DAG File Processing Stats

File Path                      PID    Runtime      # DAGs    # Errors  Last Runtime    Last Run               Last # of DB Queries
-----------------------------  -----  ---------  --------  ----------  --------------  -------------------  ----------------------
/opt/airflow/dags/pipeline.py                           1           0  0.27s           2026-09-11T19:48:30                      10
================================================================================
[2026-09-11T19:49:12.614+0000] {manager.py:997} INFO - 
================================================================================
DAG File Processing Stats

File Path                      PID    Runtime      # DAGs    # Errors  Last Runtime    Last Run               Last # of DB Queries
-----------------------------  -----  ---------  --------  ----------  --------------  -------------------  ----------------------
/opt/airflow/dags/pipeline.py                           1           0  0.26s           2026-09-11T19:49:00                      10
================================================================================
[2026-09-11T19:49:37.055+0000] {manager.py:821} INFO - Searching for files in /opt/airflow/dags
[2026-09-11T19:49:37.093+0000] {manager.py:824} INFO - There are 1 files in /opt/airflow/dags
[2026-09-11T19:49:43.180+0000] {manager.py:997} INFO - 
================================================================================
DAG File Processing Stats

File Path                      PID    Runtime      # DAGs    # Errors  Last Runtime    Last Run               Last # of DB Queries
-----------------------------  -----  ---------  --------  ----------  --------------  -------------------  ----------------------
/opt/airflow/dags/pipeline.py                           1           0  0.29s           2026-09-11T19:49:31                      10
================================================================================
[2026-09-11T19:50:13.596+0000] {manager.py:997} INFO - 
================================================================================
DAG File Processing Stats

File Path                      PID    Runtime      # DAGs    # Errors  Last Runtime    Last Run               Last # of DB Queries
-----------------------------  -----  ---------  --------  ----------  --------------  -------------------  ----------------------
/opt/airflow/dags/pipeline.py                           1           0  0.30s           2026-09-11T19:50:01                      10
================================================================================
[2026-09-11T19:50:44.137+0000] {manager.py:997} INFO - 
================================================================================
DAG File Processing Stats

File Path                      PID    Runtime      # DAGs    # Errors  Last Runtime    Last Run               Last # of DB Queries
-----------------------------  -----  ---------  --------  ----------  --------------  -------------------  ----------------------
/opt/airflow/dags/pipeline.py                           1           0  0.24s           2026-09-11T19:50:32                      10
================================================================================
[2026-09-11T19:51:14.622+0000] {manager.py:997} INFO - 
================================================================================
DAG File Processing Stats

File Path                      PID    Runtime      # DAGs    # Errors  Last Runtime    Last Run               Last # of DB Queries
-----------------------------  -----  ---------  --------  ----------  --------------  -------------------  ----------------------
/opt/airflow/dags/pipeline.py                           1           0  0.23s           2026-09-11T19:51:02                      10
================================================================================
[2026-09-11T19:51:45.088+0000] {manager.py:997} INFO - 
================================================================================
DAG File Processing Stats

File Path                      PID    Runtime      # DAGs    # Errors  Last Runtime    Last Run               Last # of DB Queries
-----------------------------  -----  ---------  --------  ----------  --------------  -------------------  ----------------------
/opt/airflow/dags/pipeline.py                           1           0  0.23s           2026-09-11T19:51:33                      10
================================================================================
[2026-09-11T19:52:15.604+0000] {manager.py:997} INFO - 
================================================================================
DAG File Processing Stats

File Path                      PID    Runtime      # DAGs    # Errors  Last Runtime    Last Run               Last # of DB Queries
-----------------------------  -----  ---------  --------  ----------  --------------  -------------------  ----------------------
/opt/airflow/dags/pipeline.py                           1           0  0.24s           2026-09-11T19:52:03                      10
================================================================================
[2026-09-11T19:52:46.000+0000] {manager.py:997} INFO - 
================================================================================
DAG File Processing Stats

File Path                      PID    Runtime      # DAGs    # Errors  Last Runtime    Last Run               Last # of DB Queries
-----------------------------  -----  ---------  --------  ----------  --------------  -------------------  ----------------------
/opt/airflow/dags/pipeline.py                           1           0  0.24s           2026-09-11T19:52:34                      10
================================================================================
[2026-09-11T19:53:16.526+0000] {manager.py:997} INFO - 
================================================================================
DAG File Processing Stats

File Path                      PID    Runtime      # DAGs    # Errors  Last Runtime    Last Run               Last # of DB Queries
-----------------------------  -----  ---------  --------  ----------  --------------  -------------------  ----------------------
/opt/airflow/dags/pipeline.py                           1           0  0.24s           2026-09-11T19:53:04                      10
================================================================================
[2026-09-11T19:53:46.949+0000] {manager.py:997} INFO - 
================================================================================
DAG File Processing Stats

File Path                      PID    Runtime      # DAGs    # Errors  Last Runtime    Last Run               Last # of DB Queries
-----------------------------  -----  ---------  --------  ----------  --------------  -------------------  ----------------------
/opt/airflow/dags/pipeline.py                           1           0  0.24s           2026-09-11T19:53:34                      10
================================================================================
[2026-09-11T19:54:17.465+0000] {manager.py:997} INFO - 
================================================================================
DAG File Processing Stats

File Path                      PID    Runtime      # DAGs    # Errors  Last Runtime    Last Run               Last # of DB Queries
-----------------------------  -----  ---------  --------  ----------  --------------  -------------------  ----------------------
/opt/airflow/dags/pipeline.py                           1           0  0.24s           2026-09-11T19:54:05                      10
================================================================================
[2026-09-11T19:54:37.740+0000] {manager.py:821} INFO - Searching for files in /opt/airflow/dags
[2026-09-11T19:54:37.790+0000] {manager.py:824} INFO - There are 1 files in /opt/airflow/dags
[2026-09-11T19:54:47.927+0000] {manager.py:997} INFO - 
================================================================================
DAG File Processing Stats

File Path                      PID    Runtime      # DAGs    # Errors  Last Runtime    Last Run               Last # of DB Queries
-----------------------------  -----  ---------  --------  ----------  --------------  -------------------  ----------------------
/opt/airflow/dags/pipeline.py                           1           0  0.24s           2026-09-11T19:54:35                      10
================================================================================
[2026-09-11T19:55:18.382+0000] {manager.py:997} INFO - 
================================================================================
DAG File Processing Stats

File Path                      PID    Runtime      # DAGs    # Errors  Last Runtime    Last Run               Last # of DB Queries
-----------------------------  -----  ---------  --------  ----------  --------------  -------------------  ----------------------
/opt/airflow/dags/pipeline.py                           1           0  0.29s           2026-09-11T19:55:06                      10
================================================================================
[2026-09-11T19:55:48.881+0000] {manager.py:997} INFO - 
================================================================================
DAG File Processing Stats

File Path                      PID    Runtime      # DAGs    # Errors  Last Runtime    Last Run               Last # of DB Queries
-----------------------------  -----  ---------  --------  ----------  --------------  -------------------  ----------------------
/opt/airflow/dags/pipeline.py                           1           0  0.27s           2026-09-11T19:55:36                      10
================================================================================
[2026-09-11T19:56:19.291+0000] {manager.py:997} INFO - 
================================================================================
DAG File Processing Stats

File Path                      PID    Runtime      # DAGs    # Errors  Last Runtime    Last Run               Last # of DB Queries
-----------------------------  -----  ---------  --------  ----------  --------------  -------------------  ----------------------
/opt/airflow/dags/pipeline.py                           1           0  0.25s           2026-09-11T19:56:07                      10
================================================================================
[2026-09-11T19:56:49.806+0000] {manager.py:997} INFO - 
================================================================================
DAG File Processing Stats

File Path                      PID    Runtime      # DAGs    # Errors  Last Runtime    Last Run               Last # of DB Queries
-----------------------------  -----  ---------  --------  ----------  --------------  -------------------  ----------------------
/opt/airflow/dags/pipeline.py                           1           0  0.25s           2026-09-11T19:56:37                      10
================================================================================
[2026-09-11T19:57:20.202+0000] {manager.py:997} INFO - 
================================================================================
DAG File Processing Stats

File Path                      PID    Runtime      # DAGs    # Errors  Last Runtime    Last Run               Last # of DB Queries
-----------------------------  -----  ---------  --------  ----------  --------------  -------------------  ----------------------
/opt/airflow/dags/pipeline.py                           1           0  0.23s           2026-09-11T19:57:08                      10
================================================================================
[2026-09-11T19:57:50.702+0000] {manager.py:997} INFO - 
================================================================================
DAG File Processing Stats

File Path                      PID    Runtime      # DAGs    # Errors  Last Runtime    Last Run               Last # of DB Queries
-----------------------------  -----  ---------  --------  ----------  --------------  -------------------  ----------------------
/opt/airflow/dags/pipeline.py                           1           0  0.25s           2026-09-11T19:57:38                      10
================================================================================
[2026-09-11T19:58:21.189+0000] {manager.py:997} INFO - 
================================================================================
DAG File Processing Stats

File Path                      PID    Runtime      # DAGs    # Errors  Last Runtime    Last Run               Last # of DB Queries
-----------------------------  -----  ---------  --------  ----------  --------------  -------------------  ----------------------
/opt/airflow/dags/pipeline.py                           1           0  0.23s           2026-09-11T19:58:09                      10
================================================================================
[2026-09-11T19:58:51.607+0000] {manager.py:997} INFO - 
================================================================================
DAG File Processing Stats

File Path                      PID    Runtime      # DAGs    # Errors  Last Runtime    Last Run               Last # of DB Queries
-----------------------------  -----  ---------  --------  ----------  --------------  -------------------  ----------------------
/opt/airflow/dags/pipeline.py                           1           0  0.29s           2026-09-11T19:58:39                      10
================================================================================
[2026-09-11T19:59:22.191+0000] {manager.py:997} INFO - 
================================================================================
DAG File Processing Stats

File Path                      PID    Runtime      # DAGs    # Errors  Last Runtime    Last Run               Last # of DB Queries
-----------------------------  -----  ---------  --------  ----------  --------------  -------------------  ----------------------
/opt/airflow/dags/pipeline.py                           1           0  0.28s           2026-09-11T19:59:10                      10
================================================================================
[2026-09-11T19:59:38.360+0000] {manager.py:821} INFO - Searching for files in /opt/airflow/dags
[2026-09-11T19:59:38.403+0000] {manager.py:824} INFO - There are 1 files in /opt/airflow/dags
[2026-09-11T19:59:52.348+0000] {manager.py:997} INFO - 
================================================================================
DAG File Processing Stats

File Path                      PID    Runtime      # DAGs    # Errors  Last Runtime    Last Run               Last # of DB Queries
-----------------------------  -----  ---------  --------  ----------  --------------  -------------------  ----------------------
/opt/airflow/dags/pipeline.py                           1           0  0.32s           2026-09-11T19:59:43                      10
================================================================================
[2026-09-11T20:00:22.394+0000] {manager.py:997} INFO - 
================================================================================
DAG File Processing Stats

File Path                      PID    Runtime      # DAGs    # Errors  Last Runtime    Last Run               Last # of DB Queries
-----------------------------  -----  ---------  --------  ----------  --------------  -------------------  ----------------------
/opt/airflow/dags/pipeline.py                           1           0  0.28s           2026-09-11T20:00:11                      10
================================================================================
[2026-09-11T20:00:52.787+0000] {manager.py:997} INFO - 
================================================================================
DAG File Processing Stats

File Path                      PID    Runtime      # DAGs    # Errors  Last Runtime    Last Run               Last # of DB Queries
-----------------------------  -----  ---------  --------  ----------  --------------  -------------------  ----------------------
/opt/airflow/dags/pipeline.py                           1           0  0.29s           2026-09-11T20:00:41                      10
================================================================================
[2026-09-11T20:01:23.337+0000] {manager.py:997} INFO - 
================================================================================
DAG File Processing Stats

File Path                      PID    Runtime      # DAGs    # Errors  Last Runtime    Last Run               Last # of DB Queries
-----------------------------  -----  ---------  --------  ----------  --------------  -------------------  ----------------------
/opt/airflow/dags/pipeline.py                           1           0  0.27s           2026-09-11T20:01:12                      10
================================================================================
[2026-09-11T20:01:53.745+0000] {manager.py:997} INFO - 
================================================================================
DAG File Processing Stats

File Path                      PID    Runtime      # DAGs    # Errors  Last Runtime    Last Run               Last # of DB Queries
-----------------------------  -----  ---------  --------  ----------  --------------  -------------------  ----------------------
/opt/airflow/dags/pipeline.py                           1           0  0.31s           2026-09-11T20:01:42                      10
================================================================================
[2026-09-11T20:02:24.348+0000] {manager.py:997} INFO - 
================================================================================
DAG File Processing Stats

File Path                      PID    Runtime      # DAGs    # Errors  Last Runtime    Last Run               Last # of DB Queries
-----------------------------  -----  ---------  --------  ----------  --------------  -------------------  ----------------------
/opt/airflow/dags/pipeline.py                           1           0  0.29s           2026-09-11T20:02:13                      10
================================================================================
[2026-09-11T20:02:54.732+0000] {manager.py:997} INFO - 
================================================================================
DAG File Processing Stats

File Path                      PID    Runtime      # DAGs    # Errors  Last Runtime    Last Run               Last # of DB Queries
-----------------------------  -----  ---------  --------  ----------  --------------  -------------------  ----------------------
/opt/airflow/dags/pipeline.py                           1           0  0.25s           2026-09-11T20:02:43                      10
================================================================================
[2026-09-11T20:03:25.313+0000] {manager.py:997} INFO - 
================================================================================
DAG File Processing Stats

File Path                      PID    Runtime      # DAGs    # Errors  Last Runtime    Last Run               Last # of DB Queries
-----------------------------  -----  ---------  --------  ----------  --------------  -------------------  ----------------------
/opt/airflow/dags/pipeline.py                           1           0  0.27s           2026-09-11T20:03:14                      10
================================================================================
[2026-09-11T20:03:55.737+0000] {manager.py:997} INFO - 
================================================================================
DAG File Processing Stats

File Path                      PID    Runtime      # DAGs    # Errors  Last Runtime    Last Run               Last # of DB Queries
-----------------------------  -----  ---------  --------  ----------  --------------  -------------------  ----------------------
/opt/airflow/dags/pipeline.py                           1           0  0.29s           2026-09-11T20:03:44                      10
================================================================================
[2026-09-11T20:04:26.288+0000] {manager.py:997} INFO - 
================================================================================
DAG File Processing Stats

File Path                      PID    Runtime      # DAGs    # Errors  Last Runtime    Last Run               Last # of DB Queries
-----------------------------  -----  ---------  --------  ----------  --------------  -------------------  ----------------------
/opt/airflow/dags/pipeline.py                           1           0  0.29s           2026-09-11T20:04:15                      10
================================================================================
[2026-09-11T20:04:38.460+0000] {manager.py:821} INFO - Searching for files in /opt/airflow/dags
[2026-09-11T20:04:38.517+0000] {manager.py:824} INFO - There are 1 files in /opt/airflow/dags
[2026-09-11T20:04:56.793+0000] {manager.py:997} INFO - 
================================================================================
DAG File Processing Stats

File Path                      PID    Runtime      # DAGs    # Errors  Last Runtime    Last Run               Last # of DB Queries
-----------------------------  -----  ---------  --------  ----------  --------------  -------------------  ----------------------
/opt/airflow/dags/pipeline.py                           1           0  0.26s           2026-09-11T20:04:45                      10
================================================================================
[2026-09-11T20:05:27.383+0000] {manager.py:997} INFO - 
================================================================================
DAG File Processing Stats

File Path                      PID    Runtime      # DAGs    # Errors  Last Runtime    Last Run               Last # of DB Queries
-----------------------------  -----  ---------  --------  ----------  --------------  -------------------  ----------------------
/opt/airflow/dags/pipeline.py                           1           0  0.25s           2026-09-11T20:05:16                      10
================================================================================
[2026-09-11T20:05:57.763+0000] {manager.py:997} INFO - 
================================================================================
DAG File Processing Stats

File Path                      PID    Runtime      # DAGs    # Errors  Last Runtime    Last Run               Last # of DB Queries
-----------------------------  -----  ---------  --------  ----------  --------------  -------------------  ----------------------
/opt/airflow/dags/pipeline.py                           1           0  0.27s           2026-09-11T20:05:46                      10
================================================================================
[2026-09-11T20:06:28.333+0000] {manager.py:997} INFO - 
================================================================================
DAG File Processing Stats

File Path                      PID    Runtime      # DAGs    # Errors  Last Runtime    Last Run               Last # of DB Queries
-----------------------------  -----  ---------  --------  ----------  --------------  -------------------  ----------------------
/opt/airflow/dags/pipeline.py                           1           0  0.29s           2026-09-11T20:06:17                      10
================================================================================
[2026-09-11T20:06:58.718+0000] {manager.py:997} INFO - 
================================================================================
DAG File Processing Stats

File Path                      PID    Runtime      # DAGs    # Errors  Last Runtime    Last Run               Last # of DB Queries
-----------------------------  -----  ---------  --------  ----------  --------------  -------------------  ----------------------
/opt/airflow/dags/pipeline.py                           1           0  0.23s           2026-09-11T20:06:47                      10
================================================================================
[2026-09-11T20:07:29.238+0000] {manager.py:997} INFO - 
================================================================================
DAG File Processing Stats

File Path                      PID    Runtime      # DAGs    # Errors  Last Runtime    Last Run               Last # of DB Queries
-----------------------------  -----  ---------  --------  ----------  --------------  -------------------  ----------------------
/opt/airflow/dags/pipeline.py                           1           0  0.27s           2026-09-11T20:07:18                      10
================================================================================
[2026-09-11T20:07:59.694+0000] {manager.py:997} INFO - 
================================================================================
DAG File Processing Stats

File Path                      PID    Runtime      # DAGs    # Errors  Last Runtime    Last Run               Last # of DB Queries
-----------------------------  -----  ---------  --------  ----------  --------------  -------------------  ----------------------
/opt/airflow/dags/pipeline.py                           1           0  0.27s           2026-09-11T20:07:48                      10
================================================================================
[2026-09-11T20:08:30.197+0000] {manager.py:997} INFO - 
================================================================================
DAG File Processing Stats

File Path                      PID    Runtime      # DAGs    # Errors  Last Runtime    Last Run               Last # of DB Queries
-----------------------------  -----  ---------  --------  ----------  --------------  -------------------  ----------------------
/opt/airflow/dags/pipeline.py                           1           0  0.26s           2026-09-11T20:08:19                      10
================================================================================
[2026-09-11T20:09:00.630+0000] {manager.py:997} INFO - 
================================================================================
DAG File Processing Stats

File Path                      PID    Runtime      # DAGs    # Errors  Last Runtime    Last Run               Last # of DB Queries
-----------------------------  -----  ---------  --------  ----------  --------------  -------------------  ----------------------
/opt/airflow/dags/pipeline.py                           1           0  0.26s           2026-09-11T20:08:49                      10
================================================================================
[2026-09-11T20:09:31.139+0000] {manager.py:997} INFO - 
================================================================================
DAG File Processing Stats

File Path                      PID    Runtime      # DAGs    # Errors  Last Runtime    Last Run               Last # of DB Queries
-----------------------------  -----  ---------  --------  ----------  --------------  -------------------  ----------------------
/opt/airflow/dags/pipeline.py                           1           0  0.25s           2026-09-11T20:09:20                      10
================================================================================
[2026-09-11T20:09:39.263+0000] {manager.py:821} INFO - Searching for files in /opt/airflow/dags
[2026-09-11T20:09:39.305+0000] {manager.py:824} INFO - There are 1 files in /opt/airflow/dags
