[2026-09-10T10:24:24.769+0000] {processor.py:186} INFO - Started process (PID=41) to work on /opt/airflow/dags/pipeline.py
[2026-09-10T10:24:24.774+0000] {processor.py:914} INFO - Processing file /opt/airflow/dags/pipeline.py for tasks to queue
[2026-09-10T10:24:24.814+0000] {logging_mixin.py:190} INFO - [2026-09-10T10:24:24.811+0000] {dagbag.py:588} INFO - Filling up the DagBag from /opt/airflow/dags/pipeline.py
[2026-09-10T10:24:24.933+0000] {logging_mixin.py:190} INFO - [2026-09-10T10:24:24.905+0000] {dagbag.py:387} ERROR - Failed to import: /opt/airflow/dags/pipeline.py
Traceback (most recent call last):
  File "/home/airflow/.local/lib/python3.12/site-packages/airflow/models/dagbag.py", line 383, in parse
    loader.exec_module(new_module)
  File "<frozen importlib._bootstrap_external>", line 999, in exec_module
  File "<frozen importlib._bootstrap>", line 488, in _call_with_frames_removed
  File "/opt/airflow/dags/pipeline.py", line 6, in <module>
    from failure_handler import send_slack_failure_alert
ModuleNotFoundError: No module named 'failure_handler'
[2026-09-10T10:24:24.943+0000] {processor.py:927} WARNING - No viable dags retrieved from /opt/airflow/dags/pipeline.py
[2026-09-10T10:24:25.053+0000] {processor.py:208} INFO - Processing /opt/airflow/dags/pipeline.py took 0.322 seconds
[2026-09-10T10:24:55.540+0000] {processor.py:186} INFO - Started process (PID=42) to work on /opt/airflow/dags/pipeline.py
[2026-09-10T10:24:55.543+0000] {processor.py:914} INFO - Processing file /opt/airflow/dags/pipeline.py for tasks to queue
[2026-09-10T10:24:55.552+0000] {logging_mixin.py:190} INFO - [2026-09-10T10:24:55.551+0000] {dagbag.py:588} INFO - Filling up the DagBag from /opt/airflow/dags/pipeline.py
[2026-09-10T10:24:55.603+0000] {logging_mixin.py:190} INFO - [2026-09-10T10:24:55.591+0000] {dagbag.py:387} ERROR - Failed to import: /opt/airflow/dags/pipeline.py
Traceback (most recent call last):
  File "/home/airflow/.local/lib/python3.12/site-packages/airflow/models/dagbag.py", line 383, in parse
    loader.exec_module(new_module)
  File "<frozen importlib._bootstrap_external>", line 999, in exec_module
  File "<frozen importlib._bootstrap>", line 488, in _call_with_frames_removed
  File "/opt/airflow/dags/pipeline.py", line 6, in <module>
    from failure_handler import send_slack_failure_alert
ModuleNotFoundError: No module named 'failure_handler'
[2026-09-10T10:24:55.607+0000] {processor.py:927} WARNING - No viable dags retrieved from /opt/airflow/dags/pipeline.py
[2026-09-10T10:24:55.664+0000] {processor.py:208} INFO - Processing /opt/airflow/dags/pipeline.py took 0.139 seconds
[2026-09-10T10:25:25.913+0000] {processor.py:186} INFO - Started process (PID=50) to work on /opt/airflow/dags/pipeline.py
[2026-09-10T10:25:25.921+0000] {processor.py:914} INFO - Processing file /opt/airflow/dags/pipeline.py for tasks to queue
[2026-09-10T10:25:25.935+0000] {logging_mixin.py:190} INFO - [2026-09-10T10:25:25.934+0000] {dagbag.py:588} INFO - Filling up the DagBag from /opt/airflow/dags/pipeline.py
[2026-09-10T10:25:25.974+0000] {logging_mixin.py:190} INFO - [2026-09-10T10:25:25.965+0000] {dagbag.py:387} ERROR - Failed to import: /opt/airflow/dags/pipeline.py
Traceback (most recent call last):
  File "/home/airflow/.local/lib/python3.12/site-packages/airflow/models/dagbag.py", line 383, in parse
    loader.exec_module(new_module)
  File "<frozen importlib._bootstrap_external>", line 999, in exec_module
  File "<frozen importlib._bootstrap>", line 488, in _call_with_frames_removed
  File "/opt/airflow/dags/pipeline.py", line 6, in <module>
    from failure_handler import send_slack_failure_alert
ModuleNotFoundError: No module named 'failure_handler'
[2026-09-10T10:25:25.978+0000] {processor.py:927} WARNING - No viable dags retrieved from /opt/airflow/dags/pipeline.py
[2026-09-10T10:25:26.030+0000] {processor.py:208} INFO - Processing /opt/airflow/dags/pipeline.py took 0.161 seconds
[2026-09-10T10:25:56.402+0000] {processor.py:186} INFO - Started process (PID=51) to work on /opt/airflow/dags/pipeline.py
[2026-09-10T10:25:56.405+0000] {processor.py:914} INFO - Processing file /opt/airflow/dags/pipeline.py for tasks to queue
[2026-09-10T10:25:56.415+0000] {logging_mixin.py:190} INFO - [2026-09-10T10:25:56.413+0000] {dagbag.py:588} INFO - Filling up the DagBag from /opt/airflow/dags/pipeline.py
[2026-09-10T10:25:56.471+0000] {logging_mixin.py:190} INFO - [2026-09-10T10:25:56.460+0000] {dagbag.py:387} ERROR - Failed to import: /opt/airflow/dags/pipeline.py
Traceback (most recent call last):
  File "/home/airflow/.local/lib/python3.12/site-packages/airflow/models/dagbag.py", line 383, in parse
    loader.exec_module(new_module)
  File "<frozen importlib._bootstrap_external>", line 999, in exec_module
  File "<frozen importlib._bootstrap>", line 488, in _call_with_frames_removed
  File "/opt/airflow/dags/pipeline.py", line 6, in <module>
    from failure_handler import send_slack_failure_alert
ModuleNotFoundError: No module named 'failure_handler'
[2026-09-10T10:25:56.475+0000] {processor.py:927} WARNING - No viable dags retrieved from /opt/airflow/dags/pipeline.py
[2026-09-10T10:25:56.522+0000] {processor.py:208} INFO - Processing /opt/airflow/dags/pipeline.py took 0.133 seconds
[2026-09-10T10:26:26.782+0000] {processor.py:186} INFO - Started process (PID=52) to work on /opt/airflow/dags/pipeline.py
[2026-09-10T10:26:26.786+0000] {processor.py:914} INFO - Processing file /opt/airflow/dags/pipeline.py for tasks to queue
[2026-09-10T10:26:26.792+0000] {logging_mixin.py:190} INFO - [2026-09-10T10:26:26.791+0000] {dagbag.py:588} INFO - Filling up the DagBag from /opt/airflow/dags/pipeline.py
[2026-09-10T10:26:26.878+0000] {processor.py:925} INFO - DAG(s) 'credit_risk_analysis_pipeline' retrieved from /opt/airflow/dags/pipeline.py
[2026-09-10T10:26:27.264+0000] {logging_mixin.py:190} INFO - [2026-09-10T10:26:27.262+0000] {override.py:1912} INFO - Created Permission View: can edit on DAG:credit_risk_analysis_pipeline
[2026-09-10T10:26:27.286+0000] {logging_mixin.py:190} INFO - [2026-09-10T10:26:27.286+0000] {override.py:1912} INFO - Created Permission View: can read on DAG:credit_risk_analysis_pipeline
[2026-09-10T10:26:27.300+0000] {logging_mixin.py:190} INFO - [2026-09-10T10:26:27.300+0000] {override.py:1912} INFO - Created Permission View: can delete on DAG:credit_risk_analysis_pipeline
[2026-09-10T10:26:27.316+0000] {logging_mixin.py:190} INFO - [2026-09-10T10:26:27.315+0000] {override.py:1912} INFO - Created Permission View: can create on DAG Run:credit_risk_analysis_pipeline
[2026-09-10T10:26:27.329+0000] {logging_mixin.py:190} INFO - [2026-09-10T10:26:27.328+0000] {override.py:1912} INFO - Created Permission View: menu access on DAG Run:credit_risk_analysis_pipeline
[2026-09-10T10:26:27.343+0000] {logging_mixin.py:190} INFO - [2026-09-10T10:26:27.342+0000] {override.py:1912} INFO - Created Permission View: can read on DAG Run:credit_risk_analysis_pipeline
[2026-09-10T10:26:27.356+0000] {logging_mixin.py:190} INFO - [2026-09-10T10:26:27.356+0000] {override.py:1912} INFO - Created Permission View: can delete on DAG Run:credit_risk_analysis_pipeline
[2026-09-10T10:26:27.358+0000] {logging_mixin.py:190} INFO - [2026-09-10T10:26:27.358+0000] {dag.py:3239} INFO - Sync 1 DAGs
[2026-09-10T10:26:28.254+0000] {logging_mixin.py:190} INFO - [2026-09-10T10:26:28.254+0000] {dag.py:3262} INFO - Creating ORM DAG for credit_risk_analysis_pipeline
[2026-09-10T10:26:28.256+0000] {logging_mixin.py:190} INFO - [2026-09-10T10:26:28.256+0000] {dag.py:4180} INFO - Setting next_dagrun for credit_risk_analysis_pipeline to None, run_after=None
[2026-09-10T10:26:28.307+0000] {processor.py:208} INFO - Processing /opt/airflow/dags/pipeline.py took 1.548 seconds
[2026-09-10T10:26:28.952+0000] {processor.py:186} INFO - Started process (PID=53) to work on /opt/airflow/dags/pipeline.py
[2026-09-10T10:26:28.954+0000] {processor.py:914} INFO - Processing file /opt/airflow/dags/pipeline.py for tasks to queue
[2026-09-10T10:26:28.960+0000] {logging_mixin.py:190} INFO - [2026-09-10T10:26:28.959+0000] {dagbag.py:588} INFO - Filling up the DagBag from /opt/airflow/dags/pipeline.py
[2026-09-10T10:26:29.008+0000] {processor.py:925} INFO - DAG(s) 'credit_risk_analysis_pipeline' retrieved from /opt/airflow/dags/pipeline.py
[2026-09-10T10:26:29.041+0000] {logging_mixin.py:190} INFO - [2026-09-10T10:26:29.040+0000] {dag.py:3239} INFO - Sync 1 DAGs
[2026-09-10T10:26:29.082+0000] {logging_mixin.py:190} INFO - [2026-09-10T10:26:29.081+0000] {dag.py:4180} INFO - Setting next_dagrun for credit_risk_analysis_pipeline to None, run_after=None
[2026-09-10T10:26:29.133+0000] {processor.py:208} INFO - Processing /opt/airflow/dags/pipeline.py took 0.193 seconds
[2026-09-10T10:26:59.314+0000] {processor.py:186} INFO - Started process (PID=54) to work on /opt/airflow/dags/pipeline.py
[2026-09-10T10:26:59.318+0000] {processor.py:914} INFO - Processing file /opt/airflow/dags/pipeline.py for tasks to queue
[2026-09-10T10:26:59.323+0000] {logging_mixin.py:190} INFO - [2026-09-10T10:26:59.323+0000] {dagbag.py:588} INFO - Filling up the DagBag from /opt/airflow/dags/pipeline.py
[2026-09-10T10:26:59.382+0000] {processor.py:925} INFO - DAG(s) 'credit_risk_analysis_pipeline' retrieved from /opt/airflow/dags/pipeline.py
[2026-09-10T10:26:59.448+0000] {logging_mixin.py:190} INFO - [2026-09-10T10:26:59.448+0000] {dag.py:3239} INFO - Sync 1 DAGs
[2026-09-10T10:26:59.486+0000] {logging_mixin.py:190} INFO - [2026-09-10T10:26:59.485+0000] {dag.py:4180} INFO - Setting next_dagrun for credit_risk_analysis_pipeline to None, run_after=None
[2026-09-10T10:26:59.536+0000] {processor.py:208} INFO - Processing /opt/airflow/dags/pipeline.py took 0.235 seconds
[2026-09-10T10:27:29.884+0000] {processor.py:186} INFO - Started process (PID=62) to work on /opt/airflow/dags/pipeline.py
[2026-09-10T10:27:29.888+0000] {processor.py:914} INFO - Processing file /opt/airflow/dags/pipeline.py for tasks to queue
[2026-09-10T10:27:29.893+0000] {logging_mixin.py:190} INFO - [2026-09-10T10:27:29.893+0000] {dagbag.py:588} INFO - Filling up the DagBag from /opt/airflow/dags/pipeline.py
[2026-09-10T10:27:29.926+0000] {processor.py:925} INFO - DAG(s) 'credit_risk_analysis_pipeline' retrieved from /opt/airflow/dags/pipeline.py
[2026-09-10T10:27:29.985+0000] {logging_mixin.py:190} INFO - [2026-09-10T10:27:29.984+0000] {dag.py:3239} INFO - Sync 1 DAGs
[2026-09-10T10:27:30.021+0000] {logging_mixin.py:190} INFO - [2026-09-10T10:27:30.020+0000] {dag.py:4180} INFO - Setting next_dagrun for credit_risk_analysis_pipeline to None, run_after=None
[2026-09-10T10:27:30.066+0000] {processor.py:208} INFO - Processing /opt/airflow/dags/pipeline.py took 0.194 seconds
[2026-09-10T10:28:00.341+0000] {processor.py:186} INFO - Started process (PID=70) to work on /opt/airflow/dags/pipeline.py
[2026-09-10T10:28:00.345+0000] {processor.py:914} INFO - Processing file /opt/airflow/dags/pipeline.py for tasks to queue
[2026-09-10T10:28:00.351+0000] {logging_mixin.py:190} INFO - [2026-09-10T10:28:00.350+0000] {dagbag.py:588} INFO - Filling up the DagBag from /opt/airflow/dags/pipeline.py
[2026-09-10T10:28:00.387+0000] {processor.py:925} INFO - DAG(s) 'credit_risk_analysis_pipeline' retrieved from /opt/airflow/dags/pipeline.py
[2026-09-10T10:28:00.452+0000] {logging_mixin.py:190} INFO - [2026-09-10T10:28:00.451+0000] {dag.py:3239} INFO - Sync 1 DAGs
[2026-09-10T10:28:00.494+0000] {logging_mixin.py:190} INFO - [2026-09-10T10:28:00.493+0000] {dag.py:4180} INFO - Setting next_dagrun for credit_risk_analysis_pipeline to None, run_after=None
[2026-09-10T10:28:01.010+0000] {processor.py:208} INFO - Processing /opt/airflow/dags/pipeline.py took 0.686 seconds
[2026-09-10T10:28:31.425+0000] {processor.py:186} INFO - Started process (PID=71) to work on /opt/airflow/dags/pipeline.py
[2026-09-10T10:28:31.428+0000] {processor.py:914} INFO - Processing file /opt/airflow/dags/pipeline.py for tasks to queue
[2026-09-10T10:28:31.434+0000] {logging_mixin.py:190} INFO - [2026-09-10T10:28:31.433+0000] {dagbag.py:588} INFO - Filling up the DagBag from /opt/airflow/dags/pipeline.py
[2026-09-10T10:28:31.470+0000] {processor.py:925} INFO - DAG(s) 'credit_risk_analysis_pipeline' retrieved from /opt/airflow/dags/pipeline.py
[2026-09-10T10:28:31.532+0000] {logging_mixin.py:190} INFO - [2026-09-10T10:28:31.532+0000] {dag.py:3239} INFO - Sync 1 DAGs
[2026-09-10T10:28:31.563+0000] {logging_mixin.py:190} INFO - [2026-09-10T10:28:31.562+0000] {dag.py:4180} INFO - Setting next_dagrun for credit_risk_analysis_pipeline to None, run_after=None
[2026-09-10T10:28:31.613+0000] {processor.py:208} INFO - Processing /opt/airflow/dags/pipeline.py took 0.203 seconds
[2026-09-10T10:29:01.794+0000] {processor.py:186} INFO - Started process (PID=72) to work on /opt/airflow/dags/pipeline.py
[2026-09-10T10:29:01.798+0000] {processor.py:914} INFO - Processing file /opt/airflow/dags/pipeline.py for tasks to queue
[2026-09-10T10:29:01.805+0000] {logging_mixin.py:190} INFO - [2026-09-10T10:29:01.804+0000] {dagbag.py:588} INFO - Filling up the DagBag from /opt/airflow/dags/pipeline.py
[2026-09-10T10:29:01.842+0000] {processor.py:925} INFO - DAG(s) 'credit_risk_analysis_pipeline' retrieved from /opt/airflow/dags/pipeline.py
[2026-09-10T10:29:01.904+0000] {logging_mixin.py:190} INFO - [2026-09-10T10:29:01.903+0000] {dag.py:3239} INFO - Sync 1 DAGs
[2026-09-10T10:29:01.941+0000] {logging_mixin.py:190} INFO - [2026-09-10T10:29:01.940+0000] {dag.py:4180} INFO - Setting next_dagrun for credit_risk_analysis_pipeline to None, run_after=None
[2026-09-10T10:29:02.002+0000] {processor.py:208} INFO - Processing /opt/airflow/dags/pipeline.py took 0.220 seconds
[2026-09-10T10:29:32.444+0000] {processor.py:186} INFO - Started process (PID=73) to work on /opt/airflow/dags/pipeline.py
[2026-09-10T10:29:32.448+0000] {processor.py:914} INFO - Processing file /opt/airflow/dags/pipeline.py for tasks to queue
[2026-09-10T10:29:32.457+0000] {logging_mixin.py:190} INFO - [2026-09-10T10:29:32.455+0000] {dagbag.py:588} INFO - Filling up the DagBag from /opt/airflow/dags/pipeline.py
[2026-09-10T10:29:32.495+0000] {processor.py:925} INFO - DAG(s) 'credit_risk_analysis_pipeline' retrieved from /opt/airflow/dags/pipeline.py
[2026-09-10T10:29:32.575+0000] {logging_mixin.py:190} INFO - [2026-09-10T10:29:32.574+0000] {dag.py:3239} INFO - Sync 1 DAGs
[2026-09-10T10:29:32.627+0000] {logging_mixin.py:190} INFO - [2026-09-10T10:29:32.626+0000] {dag.py:4180} INFO - Setting next_dagrun for credit_risk_analysis_pipeline to None, run_after=None
[2026-09-10T10:29:32.700+0000] {processor.py:208} INFO - Processing /opt/airflow/dags/pipeline.py took 0.278 seconds
[2026-09-10T10:30:02.824+0000] {processor.py:186} INFO - Started process (PID=74) to work on /opt/airflow/dags/pipeline.py
[2026-09-10T10:30:02.827+0000] {processor.py:914} INFO - Processing file /opt/airflow/dags/pipeline.py for tasks to queue
[2026-09-10T10:30:02.834+0000] {logging_mixin.py:190} INFO - [2026-09-10T10:30:02.833+0000] {dagbag.py:588} INFO - Filling up the DagBag from /opt/airflow/dags/pipeline.py
[2026-09-10T10:30:02.866+0000] {processor.py:925} INFO - DAG(s) 'credit_risk_analysis_pipeline' retrieved from /opt/airflow/dags/pipeline.py
[2026-09-10T10:30:02.928+0000] {logging_mixin.py:190} INFO - [2026-09-10T10:30:02.927+0000] {dag.py:3239} INFO - Sync 1 DAGs
[2026-09-10T10:30:02.964+0000] {logging_mixin.py:190} INFO - [2026-09-10T10:30:02.964+0000] {dag.py:4180} INFO - Setting next_dagrun for credit_risk_analysis_pipeline to None, run_after=None
[2026-09-10T10:30:03.028+0000] {processor.py:208} INFO - Processing /opt/airflow/dags/pipeline.py took 0.221 seconds
[2026-09-10T10:30:33.174+0000] {processor.py:186} INFO - Started process (PID=75) to work on /opt/airflow/dags/pipeline.py
[2026-09-10T10:30:33.177+0000] {processor.py:914} INFO - Processing file /opt/airflow/dags/pipeline.py for tasks to queue
[2026-09-10T10:30:33.186+0000] {logging_mixin.py:190} INFO - [2026-09-10T10:30:33.186+0000] {dagbag.py:588} INFO - Filling up the DagBag from /opt/airflow/dags/pipeline.py
[2026-09-10T10:30:33.221+0000] {processor.py:925} INFO - DAG(s) 'credit_risk_analysis_pipeline' retrieved from /opt/airflow/dags/pipeline.py
[2026-09-10T10:30:33.293+0000] {logging_mixin.py:190} INFO - [2026-09-10T10:30:33.292+0000] {dag.py:3239} INFO - Sync 1 DAGs
[2026-09-10T10:30:33.327+0000] {logging_mixin.py:190} INFO - [2026-09-10T10:30:33.327+0000] {dag.py:4180} INFO - Setting next_dagrun for credit_risk_analysis_pipeline to None, run_after=None
[2026-09-10T10:30:33.370+0000] {processor.py:208} INFO - Processing /opt/airflow/dags/pipeline.py took 0.209 seconds
[2026-09-10T10:31:03.779+0000] {processor.py:186} INFO - Started process (PID=76) to work on /opt/airflow/dags/pipeline.py
[2026-09-10T10:31:03.781+0000] {processor.py:914} INFO - Processing file /opt/airflow/dags/pipeline.py for tasks to queue
[2026-09-10T10:31:03.787+0000] {logging_mixin.py:190} INFO - [2026-09-10T10:31:03.786+0000] {dagbag.py:588} INFO - Filling up the DagBag from /opt/airflow/dags/pipeline.py
[2026-09-10T10:31:03.823+0000] {processor.py:925} INFO - DAG(s) 'credit_risk_analysis_pipeline' retrieved from /opt/airflow/dags/pipeline.py
[2026-09-10T10:31:03.899+0000] {logging_mixin.py:190} INFO - [2026-09-10T10:31:03.898+0000] {dag.py:3239} INFO - Sync 1 DAGs
[2026-09-10T10:31:04.299+0000] {logging_mixin.py:190} INFO - [2026-09-10T10:31:04.299+0000] {dag.py:4180} INFO - Setting next_dagrun for credit_risk_analysis_pipeline to None, run_after=None
[2026-09-10T10:31:04.348+0000] {processor.py:208} INFO - Processing /opt/airflow/dags/pipeline.py took 0.580 seconds
[2026-09-10T10:31:34.764+0000] {processor.py:186} INFO - Started process (PID=77) to work on /opt/airflow/dags/pipeline.py
[2026-09-10T10:31:34.767+0000] {processor.py:914} INFO - Processing file /opt/airflow/dags/pipeline.py for tasks to queue
[2026-09-10T10:31:34.773+0000] {logging_mixin.py:190} INFO - [2026-09-10T10:31:34.772+0000] {dagbag.py:588} INFO - Filling up the DagBag from /opt/airflow/dags/pipeline.py
[2026-09-10T10:31:34.804+0000] {processor.py:925} INFO - DAG(s) 'credit_risk_analysis_pipeline' retrieved from /opt/airflow/dags/pipeline.py
[2026-09-10T10:31:34.865+0000] {logging_mixin.py:190} INFO - [2026-09-10T10:31:34.864+0000] {dag.py:3239} INFO - Sync 1 DAGs
[2026-09-10T10:31:34.895+0000] {logging_mixin.py:190} INFO - [2026-09-10T10:31:34.895+0000] {dag.py:4180} INFO - Setting next_dagrun for credit_risk_analysis_pipeline to None, run_after=None
[2026-09-10T10:31:34.946+0000] {processor.py:208} INFO - Processing /opt/airflow/dags/pipeline.py took 0.195 seconds
[2026-09-10T10:32:05.148+0000] {processor.py:186} INFO - Started process (PID=78) to work on /opt/airflow/dags/pipeline.py
[2026-09-10T10:32:05.151+0000] {processor.py:914} INFO - Processing file /opt/airflow/dags/pipeline.py for tasks to queue
[2026-09-10T10:32:05.157+0000] {logging_mixin.py:190} INFO - [2026-09-10T10:32:05.156+0000] {dagbag.py:588} INFO - Filling up the DagBag from /opt/airflow/dags/pipeline.py
[2026-09-10T10:32:05.187+0000] {processor.py:925} INFO - DAG(s) 'credit_risk_analysis_pipeline' retrieved from /opt/airflow/dags/pipeline.py
[2026-09-10T10:32:05.246+0000] {logging_mixin.py:190} INFO - [2026-09-10T10:32:05.246+0000] {dag.py:3239} INFO - Sync 1 DAGs
[2026-09-10T10:32:05.277+0000] {logging_mixin.py:190} INFO - [2026-09-10T10:32:05.276+0000] {dag.py:4180} INFO - Setting next_dagrun for credit_risk_analysis_pipeline to None, run_after=None
[2026-09-10T10:32:05.316+0000] {processor.py:208} INFO - Processing /opt/airflow/dags/pipeline.py took 0.196 seconds
[2026-09-10T10:32:35.496+0000] {processor.py:186} INFO - Started process (PID=79) to work on /opt/airflow/dags/pipeline.py
[2026-09-10T10:32:35.500+0000] {processor.py:914} INFO - Processing file /opt/airflow/dags/pipeline.py for tasks to queue
[2026-09-10T10:32:35.507+0000] {logging_mixin.py:190} INFO - [2026-09-10T10:32:35.506+0000] {dagbag.py:588} INFO - Filling up the DagBag from /opt/airflow/dags/pipeline.py
[2026-09-10T10:32:35.548+0000] {processor.py:925} INFO - DAG(s) 'credit_risk_analysis_pipeline' retrieved from /opt/airflow/dags/pipeline.py
[2026-09-10T10:32:35.610+0000] {logging_mixin.py:190} INFO - [2026-09-10T10:32:35.609+0000] {dag.py:3239} INFO - Sync 1 DAGs
[2026-09-10T10:32:35.644+0000] {logging_mixin.py:190} INFO - [2026-09-10T10:32:35.643+0000] {dag.py:4180} INFO - Setting next_dagrun for credit_risk_analysis_pipeline to None, run_after=None
[2026-09-10T10:32:35.700+0000] {processor.py:208} INFO - Processing /opt/airflow/dags/pipeline.py took 0.220 seconds
[2026-09-10T10:33:06.057+0000] {processor.py:186} INFO - Started process (PID=80) to work on /opt/airflow/dags/pipeline.py
[2026-09-10T10:33:06.060+0000] {processor.py:914} INFO - Processing file /opt/airflow/dags/pipeline.py for tasks to queue
[2026-09-10T10:33:06.068+0000] {logging_mixin.py:190} INFO - [2026-09-10T10:33:06.067+0000] {dagbag.py:588} INFO - Filling up the DagBag from /opt/airflow/dags/pipeline.py
[2026-09-10T10:33:06.106+0000] {processor.py:925} INFO - DAG(s) 'credit_risk_analysis_pipeline' retrieved from /opt/airflow/dags/pipeline.py
[2026-09-10T10:33:06.165+0000] {logging_mixin.py:190} INFO - [2026-09-10T10:33:06.164+0000] {dag.py:3239} INFO - Sync 1 DAGs
[2026-09-10T10:33:06.211+0000] {logging_mixin.py:190} INFO - [2026-09-10T10:33:06.211+0000] {dag.py:4180} INFO - Setting next_dagrun for credit_risk_analysis_pipeline to None, run_after=None
[2026-09-10T10:33:06.265+0000] {processor.py:208} INFO - Processing /opt/airflow/dags/pipeline.py took 0.221 seconds
[2026-09-10T10:33:36.450+0000] {processor.py:186} INFO - Started process (PID=81) to work on /opt/airflow/dags/pipeline.py
[2026-09-10T10:33:36.453+0000] {processor.py:914} INFO - Processing file /opt/airflow/dags/pipeline.py for tasks to queue
[2026-09-10T10:33:36.461+0000] {logging_mixin.py:190} INFO - [2026-09-10T10:33:36.460+0000] {dagbag.py:588} INFO - Filling up the DagBag from /opt/airflow/dags/pipeline.py
[2026-09-10T10:33:36.497+0000] {processor.py:925} INFO - DAG(s) 'credit_risk_analysis_pipeline' retrieved from /opt/airflow/dags/pipeline.py
[2026-09-10T10:33:36.568+0000] {logging_mixin.py:190} INFO - [2026-09-10T10:33:36.567+0000] {dag.py:3239} INFO - Sync 1 DAGs
[2026-09-10T10:33:36.603+0000] {logging_mixin.py:190} INFO - [2026-09-10T10:33:36.602+0000] {dag.py:4180} INFO - Setting next_dagrun for credit_risk_analysis_pipeline to None, run_after=None
[2026-09-10T10:33:36.650+0000] {processor.py:208} INFO - Processing /opt/airflow/dags/pipeline.py took 0.216 seconds
[2026-09-10T10:34:07.018+0000] {processor.py:186} INFO - Started process (PID=82) to work on /opt/airflow/dags/pipeline.py
[2026-09-10T10:34:07.022+0000] {processor.py:914} INFO - Processing file /opt/airflow/dags/pipeline.py for tasks to queue
[2026-09-10T10:34:07.031+0000] {logging_mixin.py:190} INFO - [2026-09-10T10:34:07.031+0000] {dagbag.py:588} INFO - Filling up the DagBag from /opt/airflow/dags/pipeline.py
[2026-09-10T10:34:07.073+0000] {processor.py:925} INFO - DAG(s) 'credit_risk_analysis_pipeline' retrieved from /opt/airflow/dags/pipeline.py
[2026-09-10T10:34:07.139+0000] {logging_mixin.py:190} INFO - [2026-09-10T10:34:07.138+0000] {dag.py:3239} INFO - Sync 1 DAGs
[2026-09-10T10:34:07.599+0000] {logging_mixin.py:190} INFO - [2026-09-10T10:34:07.598+0000] {dag.py:4180} INFO - Setting next_dagrun for credit_risk_analysis_pipeline to None, run_after=None
[2026-09-10T10:34:07.645+0000] {processor.py:208} INFO - Processing /opt/airflow/dags/pipeline.py took 0.647 seconds
[2026-09-10T10:34:38.137+0000] {processor.py:186} INFO - Started process (PID=83) to work on /opt/airflow/dags/pipeline.py
[2026-09-10T10:34:38.141+0000] {processor.py:914} INFO - Processing file /opt/airflow/dags/pipeline.py for tasks to queue
[2026-09-10T10:34:38.147+0000] {logging_mixin.py:190} INFO - [2026-09-10T10:34:38.146+0000] {dagbag.py:588} INFO - Filling up the DagBag from /opt/airflow/dags/pipeline.py
[2026-09-10T10:34:38.184+0000] {processor.py:925} INFO - DAG(s) 'credit_risk_analysis_pipeline' retrieved from /opt/airflow/dags/pipeline.py
[2026-09-10T10:34:38.244+0000] {logging_mixin.py:190} INFO - [2026-09-10T10:34:38.244+0000] {dag.py:3239} INFO - Sync 1 DAGs
[2026-09-10T10:34:38.279+0000] {logging_mixin.py:190} INFO - [2026-09-10T10:34:38.278+0000] {dag.py:4180} INFO - Setting next_dagrun for credit_risk_analysis_pipeline to None, run_after=None
[2026-09-10T10:34:38.333+0000] {processor.py:208} INFO - Processing /opt/airflow/dags/pipeline.py took 0.214 seconds
[2026-09-10T10:35:07.712+0000] {processor.py:186} INFO - Started process (PID=84) to work on /opt/airflow/dags/pipeline.py
[2026-09-10T10:35:07.715+0000] {processor.py:914} INFO - Processing file /opt/airflow/dags/pipeline.py for tasks to queue
[2026-09-10T10:35:07.721+0000] {logging_mixin.py:190} INFO - [2026-09-10T10:35:07.720+0000] {dagbag.py:588} INFO - Filling up the DagBag from /opt/airflow/dags/pipeline.py
[2026-09-10T10:35:07.783+0000] {processor.py:925} INFO - DAG(s) 'credit_risk_analysis_pipeline' retrieved from /opt/airflow/dags/pipeline.py
[2026-09-10T10:35:07.838+0000] {logging_mixin.py:190} INFO - [2026-09-10T10:35:07.838+0000] {dag.py:3239} INFO - Sync 1 DAGs
[2026-09-10T10:35:07.870+0000] {logging_mixin.py:190} INFO - [2026-09-10T10:35:07.869+0000] {dag.py:4180} INFO - Setting next_dagrun for credit_risk_analysis_pipeline to None, run_after=None
[2026-09-10T10:35:07.916+0000] {processor.py:208} INFO - Processing /opt/airflow/dags/pipeline.py took 0.219 seconds
[2026-09-10T10:35:08.751+0000] {processor.py:186} INFO - Started process (PID=85) to work on /opt/airflow/dags/pipeline.py
[2026-09-10T10:35:08.754+0000] {processor.py:914} INFO - Processing file /opt/airflow/dags/pipeline.py for tasks to queue
[2026-09-10T10:35:08.759+0000] {logging_mixin.py:190} INFO - [2026-09-10T10:35:08.758+0000] {dagbag.py:588} INFO - Filling up the DagBag from /opt/airflow/dags/pipeline.py
[2026-09-10T10:35:08.807+0000] {processor.py:925} INFO - DAG(s) 'credit_risk_analysis_pipeline' retrieved from /opt/airflow/dags/pipeline.py
[2026-09-10T10:35:08.862+0000] {logging_mixin.py:190} INFO - [2026-09-10T10:35:08.861+0000] {dag.py:3239} INFO - Sync 1 DAGs
[2026-09-10T10:35:08.892+0000] {logging_mixin.py:190} INFO - [2026-09-10T10:35:08.891+0000] {dag.py:4180} INFO - Setting next_dagrun for credit_risk_analysis_pipeline to None, run_after=None
[2026-09-10T10:35:08.950+0000] {processor.py:208} INFO - Processing /opt/airflow/dags/pipeline.py took 0.213 seconds
[2026-09-10T10:35:10.036+0000] {processor.py:186} INFO - Started process (PID=86) to work on /opt/airflow/dags/pipeline.py
[2026-09-10T10:35:10.039+0000] {processor.py:914} INFO - Processing file /opt/airflow/dags/pipeline.py for tasks to queue
[2026-09-10T10:35:10.044+0000] {logging_mixin.py:190} INFO - [2026-09-10T10:35:10.044+0000] {dagbag.py:588} INFO - Filling up the DagBag from /opt/airflow/dags/pipeline.py
[2026-09-10T10:35:10.099+0000] {processor.py:925} INFO - DAG(s) 'credit_risk_analysis_pipeline' retrieved from /opt/airflow/dags/pipeline.py
[2026-09-10T10:35:10.161+0000] {logging_mixin.py:190} INFO - [2026-09-10T10:35:10.161+0000] {dag.py:3239} INFO - Sync 1 DAGs
[2026-09-10T10:35:10.194+0000] {logging_mixin.py:190} INFO - [2026-09-10T10:35:10.193+0000] {dag.py:4180} INFO - Setting next_dagrun for credit_risk_analysis_pipeline to None, run_after=None
[2026-09-10T10:35:10.258+0000] {processor.py:208} INFO - Processing /opt/airflow/dags/pipeline.py took 0.233 seconds
[2026-09-10T10:35:40.416+0000] {processor.py:186} INFO - Started process (PID=87) to work on /opt/airflow/dags/pipeline.py
[2026-09-10T10:35:40.419+0000] {processor.py:914} INFO - Processing file /opt/airflow/dags/pipeline.py for tasks to queue
[2026-09-10T10:35:40.424+0000] {logging_mixin.py:190} INFO - [2026-09-10T10:35:40.424+0000] {dagbag.py:588} INFO - Filling up the DagBag from /opt/airflow/dags/pipeline.py
[2026-09-10T10:35:40.478+0000] {processor.py:925} INFO - DAG(s) 'credit_risk_analysis_pipeline' retrieved from /opt/airflow/dags/pipeline.py
[2026-09-10T10:35:40.535+0000] {logging_mixin.py:190} INFO - [2026-09-10T10:35:40.534+0000] {dag.py:3239} INFO - Sync 1 DAGs
[2026-09-10T10:35:40.566+0000] {logging_mixin.py:190} INFO - [2026-09-10T10:35:40.566+0000] {dag.py:4180} INFO - Setting next_dagrun for credit_risk_analysis_pipeline to None, run_after=None
[2026-09-10T10:35:40.605+0000] {processor.py:208} INFO - Processing /opt/airflow/dags/pipeline.py took 0.199 seconds
[2026-09-10T10:36:11.040+0000] {processor.py:186} INFO - Started process (PID=88) to work on /opt/airflow/dags/pipeline.py
[2026-09-10T10:36:11.044+0000] {processor.py:914} INFO - Processing file /opt/airflow/dags/pipeline.py for tasks to queue
[2026-09-10T10:36:11.051+0000] {logging_mixin.py:190} INFO - [2026-09-10T10:36:11.050+0000] {dagbag.py:588} INFO - Filling up the DagBag from /opt/airflow/dags/pipeline.py
[2026-09-10T10:36:11.087+0000] {processor.py:925} INFO - DAG(s) 'credit_risk_analysis_pipeline' retrieved from /opt/airflow/dags/pipeline.py
[2026-09-10T10:36:11.145+0000] {logging_mixin.py:190} INFO - [2026-09-10T10:36:11.144+0000] {dag.py:3239} INFO - Sync 1 DAGs
[2026-09-10T10:36:11.178+0000] {logging_mixin.py:190} INFO - [2026-09-10T10:36:11.178+0000] {dag.py:4180} INFO - Setting next_dagrun for credit_risk_analysis_pipeline to None, run_after=None
[2026-09-10T10:36:11.222+0000] {processor.py:208} INFO - Processing /opt/airflow/dags/pipeline.py took 0.193 seconds
[2026-09-10T10:36:41.489+0000] {processor.py:186} INFO - Started process (PID=89) to work on /opt/airflow/dags/pipeline.py
[2026-09-10T10:36:41.492+0000] {processor.py:914} INFO - Processing file /opt/airflow/dags/pipeline.py for tasks to queue
[2026-09-10T10:36:41.499+0000] {logging_mixin.py:190} INFO - [2026-09-10T10:36:41.498+0000] {dagbag.py:588} INFO - Filling up the DagBag from /opt/airflow/dags/pipeline.py
[2026-09-10T10:36:41.529+0000] {processor.py:925} INFO - DAG(s) 'credit_risk_analysis_pipeline' retrieved from /opt/airflow/dags/pipeline.py
[2026-09-10T10:36:41.589+0000] {logging_mixin.py:190} INFO - [2026-09-10T10:36:41.588+0000] {dag.py:3239} INFO - Sync 1 DAGs
[2026-09-10T10:36:41.622+0000] {logging_mixin.py:190} INFO - [2026-09-10T10:36:41.621+0000] {dag.py:4180} INFO - Setting next_dagrun for credit_risk_analysis_pipeline to None, run_after=None
[2026-09-10T10:36:41.966+0000] {processor.py:208} INFO - Processing /opt/airflow/dags/pipeline.py took 0.488 seconds
[2026-09-10T10:37:12.368+0000] {processor.py:186} INFO - Started process (PID=90) to work on /opt/airflow/dags/pipeline.py
[2026-09-10T10:37:12.370+0000] {processor.py:914} INFO - Processing file /opt/airflow/dags/pipeline.py for tasks to queue
[2026-09-10T10:37:12.376+0000] {logging_mixin.py:190} INFO - [2026-09-10T10:37:12.375+0000] {dagbag.py:588} INFO - Filling up the DagBag from /opt/airflow/dags/pipeline.py
[2026-09-10T10:37:12.408+0000] {processor.py:925} INFO - DAG(s) 'credit_risk_analysis_pipeline' retrieved from /opt/airflow/dags/pipeline.py
[2026-09-10T10:37:12.457+0000] {logging_mixin.py:190} INFO - [2026-09-10T10:37:12.457+0000] {dag.py:3239} INFO - Sync 1 DAGs
[2026-09-10T10:37:12.710+0000] {logging_mixin.py:190} INFO - [2026-09-10T10:37:12.710+0000] {dag.py:4180} INFO - Setting next_dagrun for credit_risk_analysis_pipeline to None, run_after=None
[2026-09-10T10:37:12.762+0000] {processor.py:208} INFO - Processing /opt/airflow/dags/pipeline.py took 0.404 seconds
[2026-09-10T10:37:43.195+0000] {processor.py:186} INFO - Started process (PID=91) to work on /opt/airflow/dags/pipeline.py
[2026-09-10T10:37:43.198+0000] {processor.py:914} INFO - Processing file /opt/airflow/dags/pipeline.py for tasks to queue
[2026-09-10T10:37:43.206+0000] {logging_mixin.py:190} INFO - [2026-09-10T10:37:43.205+0000] {dagbag.py:588} INFO - Filling up the DagBag from /opt/airflow/dags/pipeline.py
[2026-09-10T10:37:43.236+0000] {processor.py:925} INFO - DAG(s) 'credit_risk_analysis_pipeline' retrieved from /opt/airflow/dags/pipeline.py
[2026-09-10T10:37:43.295+0000] {logging_mixin.py:190} INFO - [2026-09-10T10:37:43.295+0000] {dag.py:3239} INFO - Sync 1 DAGs
[2026-09-10T10:37:43.329+0000] {logging_mixin.py:190} INFO - [2026-09-10T10:37:43.329+0000] {dag.py:4180} INFO - Setting next_dagrun for credit_risk_analysis_pipeline to None, run_after=None
[2026-09-10T10:37:43.370+0000] {processor.py:208} INFO - Processing /opt/airflow/dags/pipeline.py took 0.191 seconds
[2026-09-10T10:38:13.560+0000] {processor.py:186} INFO - Started process (PID=92) to work on /opt/airflow/dags/pipeline.py
[2026-09-10T10:38:13.563+0000] {processor.py:914} INFO - Processing file /opt/airflow/dags/pipeline.py for tasks to queue
[2026-09-10T10:38:13.568+0000] {logging_mixin.py:190} INFO - [2026-09-10T10:38:13.567+0000] {dagbag.py:588} INFO - Filling up the DagBag from /opt/airflow/dags/pipeline.py
[2026-09-10T10:38:13.600+0000] {processor.py:925} INFO - DAG(s) 'credit_risk_analysis_pipeline' retrieved from /opt/airflow/dags/pipeline.py
[2026-09-10T10:38:13.658+0000] {logging_mixin.py:190} INFO - [2026-09-10T10:38:13.657+0000] {dag.py:3239} INFO - Sync 1 DAGs
[2026-09-10T10:38:13.687+0000] {logging_mixin.py:190} INFO - [2026-09-10T10:38:13.686+0000] {dag.py:4180} INFO - Setting next_dagrun for credit_risk_analysis_pipeline to None, run_after=None
[2026-09-10T10:38:13.727+0000] {processor.py:208} INFO - Processing /opt/airflow/dags/pipeline.py took 0.179 seconds
[2026-09-10T10:38:44.091+0000] {processor.py:186} INFO - Started process (PID=93) to work on /opt/airflow/dags/pipeline.py
[2026-09-10T10:38:44.094+0000] {processor.py:914} INFO - Processing file /opt/airflow/dags/pipeline.py for tasks to queue
[2026-09-10T10:38:44.098+0000] {logging_mixin.py:190} INFO - [2026-09-10T10:38:44.098+0000] {dagbag.py:588} INFO - Filling up the DagBag from /opt/airflow/dags/pipeline.py
[2026-09-10T10:38:44.127+0000] {processor.py:925} INFO - DAG(s) 'credit_risk_analysis_pipeline' retrieved from /opt/airflow/dags/pipeline.py
[2026-09-10T10:38:44.174+0000] {logging_mixin.py:190} INFO - [2026-09-10T10:38:44.173+0000] {dag.py:3239} INFO - Sync 1 DAGs
[2026-09-10T10:38:44.204+0000] {logging_mixin.py:190} INFO - [2026-09-10T10:38:44.204+0000] {dag.py:4180} INFO - Setting next_dagrun for credit_risk_analysis_pipeline to None, run_after=None
[2026-09-10T10:38:44.269+0000] {processor.py:208} INFO - Processing /opt/airflow/dags/pipeline.py took 0.189 seconds
[2026-09-10T10:39:14.543+0000] {processor.py:186} INFO - Started process (PID=94) to work on /opt/airflow/dags/pipeline.py
[2026-09-10T10:39:14.547+0000] {processor.py:914} INFO - Processing file /opt/airflow/dags/pipeline.py for tasks to queue
[2026-09-10T10:39:14.560+0000] {logging_mixin.py:190} INFO - [2026-09-10T10:39:14.558+0000] {dagbag.py:588} INFO - Filling up the DagBag from /opt/airflow/dags/pipeline.py
[2026-09-10T10:39:14.605+0000] {processor.py:925} INFO - DAG(s) 'credit_risk_analysis_pipeline' retrieved from /opt/airflow/dags/pipeline.py
[2026-09-10T10:39:14.686+0000] {logging_mixin.py:190} INFO - [2026-09-10T10:39:14.685+0000] {dag.py:3239} INFO - Sync 1 DAGs
[2026-09-10T10:39:14.724+0000] {logging_mixin.py:190} INFO - [2026-09-10T10:39:14.724+0000] {dag.py:4180} INFO - Setting next_dagrun for credit_risk_analysis_pipeline to None, run_after=None
[2026-09-10T10:39:14.772+0000] {processor.py:208} INFO - Processing /opt/airflow/dags/pipeline.py took 0.260 seconds
[2026-09-10T10:39:45.036+0000] {processor.py:186} INFO - Started process (PID=95) to work on /opt/airflow/dags/pipeline.py
[2026-09-10T10:39:45.039+0000] {processor.py:914} INFO - Processing file /opt/airflow/dags/pipeline.py for tasks to queue
[2026-09-10T10:39:45.044+0000] {logging_mixin.py:190} INFO - [2026-09-10T10:39:45.043+0000] {dagbag.py:588} INFO - Filling up the DagBag from /opt/airflow/dags/pipeline.py
[2026-09-10T10:39:45.077+0000] {processor.py:925} INFO - DAG(s) 'credit_risk_analysis_pipeline' retrieved from /opt/airflow/dags/pipeline.py
[2026-09-10T10:39:45.132+0000] {logging_mixin.py:190} INFO - [2026-09-10T10:39:45.132+0000] {dag.py:3239} INFO - Sync 1 DAGs
[2026-09-10T10:39:45.410+0000] {logging_mixin.py:190} INFO - [2026-09-10T10:39:45.409+0000] {dag.py:4180} INFO - Setting next_dagrun for credit_risk_analysis_pipeline to None, run_after=None
[2026-09-10T10:39:45.447+0000] {processor.py:208} INFO - Processing /opt/airflow/dags/pipeline.py took 0.424 seconds
[2026-09-10T10:40:15.556+0000] {processor.py:186} INFO - Started process (PID=96) to work on /opt/airflow/dags/pipeline.py
[2026-09-10T10:40:15.560+0000] {processor.py:914} INFO - Processing file /opt/airflow/dags/pipeline.py for tasks to queue
[2026-09-10T10:40:15.573+0000] {logging_mixin.py:190} INFO - [2026-09-10T10:40:15.572+0000] {dagbag.py:588} INFO - Filling up the DagBag from /opt/airflow/dags/pipeline.py
[2026-09-10T10:40:15.607+0000] {processor.py:925} INFO - DAG(s) 'credit_risk_analysis_pipeline' retrieved from /opt/airflow/dags/pipeline.py
[2026-09-10T10:40:15.662+0000] {logging_mixin.py:190} INFO - [2026-09-10T10:40:15.661+0000] {dag.py:3239} INFO - Sync 1 DAGs
[2026-09-10T10:40:15.692+0000] {logging_mixin.py:190} INFO - [2026-09-10T10:40:15.692+0000] {dag.py:4180} INFO - Setting next_dagrun for credit_risk_analysis_pipeline to None, run_after=None
[2026-09-10T10:40:15.735+0000] {processor.py:208} INFO - Processing /opt/airflow/dags/pipeline.py took 0.193 seconds
[2026-09-10T10:40:45.951+0000] {processor.py:186} INFO - Started process (PID=97) to work on /opt/airflow/dags/pipeline.py
[2026-09-10T10:40:45.955+0000] {processor.py:914} INFO - Processing file /opt/airflow/dags/pipeline.py for tasks to queue
[2026-09-10T10:40:45.965+0000] {logging_mixin.py:190} INFO - [2026-09-10T10:40:45.964+0000] {dagbag.py:588} INFO - Filling up the DagBag from /opt/airflow/dags/pipeline.py
[2026-09-10T10:40:46.002+0000] {processor.py:925} INFO - DAG(s) 'credit_risk_analysis_pipeline' retrieved from /opt/airflow/dags/pipeline.py
[2026-09-10T10:40:46.118+0000] {logging_mixin.py:190} INFO - [2026-09-10T10:40:46.117+0000] {dag.py:3239} INFO - Sync 1 DAGs
[2026-09-10T10:40:46.169+0000] {logging_mixin.py:190} INFO - [2026-09-10T10:40:46.169+0000] {dag.py:4180} INFO - Setting next_dagrun for credit_risk_analysis_pipeline to None, run_after=None
[2026-09-10T10:40:46.234+0000] {processor.py:208} INFO - Processing /opt/airflow/dags/pipeline.py took 0.306 seconds
[2026-09-10T10:41:16.444+0000] {processor.py:186} INFO - Started process (PID=98) to work on /opt/airflow/dags/pipeline.py
[2026-09-10T10:41:16.447+0000] {processor.py:914} INFO - Processing file /opt/airflow/dags/pipeline.py for tasks to queue
[2026-09-10T10:41:16.453+0000] {logging_mixin.py:190} INFO - [2026-09-10T10:41:16.452+0000] {dagbag.py:588} INFO - Filling up the DagBag from /opt/airflow/dags/pipeline.py
[2026-09-10T10:41:16.488+0000] {processor.py:925} INFO - DAG(s) 'credit_risk_analysis_pipeline' retrieved from /opt/airflow/dags/pipeline.py
[2026-09-10T10:41:16.542+0000] {logging_mixin.py:190} INFO - [2026-09-10T10:41:16.542+0000] {dag.py:3239} INFO - Sync 1 DAGs
[2026-09-10T10:41:16.578+0000] {logging_mixin.py:190} INFO - [2026-09-10T10:41:16.577+0000] {dag.py:4180} INFO - Setting next_dagrun for credit_risk_analysis_pipeline to None, run_after=None
[2026-09-10T10:41:16.650+0000] {processor.py:208} INFO - Processing /opt/airflow/dags/pipeline.py took 0.219 seconds
[2026-09-10T10:41:46.965+0000] {processor.py:186} INFO - Started process (PID=99) to work on /opt/airflow/dags/pipeline.py
[2026-09-10T10:41:46.967+0000] {processor.py:914} INFO - Processing file /opt/airflow/dags/pipeline.py for tasks to queue
[2026-09-10T10:41:46.974+0000] {logging_mixin.py:190} INFO - [2026-09-10T10:41:46.973+0000] {dagbag.py:588} INFO - Filling up the DagBag from /opt/airflow/dags/pipeline.py
[2026-09-10T10:41:46.999+0000] {processor.py:925} INFO - DAG(s) 'credit_risk_analysis_pipeline' retrieved from /opt/airflow/dags/pipeline.py
[2026-09-10T10:41:47.048+0000] {logging_mixin.py:190} INFO - [2026-09-10T10:41:47.048+0000] {dag.py:3239} INFO - Sync 1 DAGs
[2026-09-10T10:41:47.076+0000] {logging_mixin.py:190} INFO - [2026-09-10T10:41:47.075+0000] {dag.py:4180} INFO - Setting next_dagrun for credit_risk_analysis_pipeline to None, run_after=None
[2026-09-10T10:41:47.112+0000] {processor.py:208} INFO - Processing /opt/airflow/dags/pipeline.py took 0.158 seconds
[2026-09-10T10:42:17.403+0000] {processor.py:186} INFO - Started process (PID=100) to work on /opt/airflow/dags/pipeline.py
[2026-09-10T10:42:17.405+0000] {processor.py:914} INFO - Processing file /opt/airflow/dags/pipeline.py for tasks to queue
[2026-09-10T10:42:17.411+0000] {logging_mixin.py:190} INFO - [2026-09-10T10:42:17.410+0000] {dagbag.py:588} INFO - Filling up the DagBag from /opt/airflow/dags/pipeline.py
[2026-09-10T10:42:17.442+0000] {processor.py:925} INFO - DAG(s) 'credit_risk_analysis_pipeline' retrieved from /opt/airflow/dags/pipeline.py
[2026-09-10T10:42:17.503+0000] {logging_mixin.py:190} INFO - [2026-09-10T10:42:17.502+0000] {dag.py:3239} INFO - Sync 1 DAGs
[2026-09-10T10:42:17.544+0000] {logging_mixin.py:190} INFO - [2026-09-10T10:42:17.544+0000] {dag.py:4180} INFO - Setting next_dagrun for credit_risk_analysis_pipeline to None, run_after=None
[2026-09-10T10:42:17.887+0000] {processor.py:208} INFO - Processing /opt/airflow/dags/pipeline.py took 0.497 seconds
[2026-09-10T10:42:48.355+0000] {processor.py:186} INFO - Started process (PID=101) to work on /opt/airflow/dags/pipeline.py
[2026-09-10T10:42:48.358+0000] {processor.py:914} INFO - Processing file /opt/airflow/dags/pipeline.py for tasks to queue
[2026-09-10T10:42:48.363+0000] {logging_mixin.py:190} INFO - [2026-09-10T10:42:48.363+0000] {dagbag.py:588} INFO - Filling up the DagBag from /opt/airflow/dags/pipeline.py
[2026-09-10T10:42:48.395+0000] {processor.py:925} INFO - DAG(s) 'credit_risk_analysis_pipeline' retrieved from /opt/airflow/dags/pipeline.py
[2026-09-10T10:42:48.445+0000] {logging_mixin.py:190} INFO - [2026-09-10T10:42:48.444+0000] {dag.py:3239} INFO - Sync 1 DAGs
[2026-09-10T10:42:48.701+0000] {logging_mixin.py:190} INFO - [2026-09-10T10:42:48.700+0000] {dag.py:4180} INFO - Setting next_dagrun for credit_risk_analysis_pipeline to None, run_after=None
[2026-09-10T10:42:48.746+0000] {processor.py:208} INFO - Processing /opt/airflow/dags/pipeline.py took 0.402 seconds
[2026-09-10T10:43:19.166+0000] {processor.py:186} INFO - Started process (PID=102) to work on /opt/airflow/dags/pipeline.py
[2026-09-10T10:43:19.169+0000] {processor.py:914} INFO - Processing file /opt/airflow/dags/pipeline.py for tasks to queue
[2026-09-10T10:43:19.175+0000] {logging_mixin.py:190} INFO - [2026-09-10T10:43:19.174+0000] {dagbag.py:588} INFO - Filling up the DagBag from /opt/airflow/dags/pipeline.py
[2026-09-10T10:43:19.212+0000] {processor.py:925} INFO - DAG(s) 'credit_risk_analysis_pipeline' retrieved from /opt/airflow/dags/pipeline.py
[2026-09-10T10:43:19.268+0000] {logging_mixin.py:190} INFO - [2026-09-10T10:43:19.268+0000] {dag.py:3239} INFO - Sync 1 DAGs
[2026-09-10T10:43:19.300+0000] {logging_mixin.py:190} INFO - [2026-09-10T10:43:19.299+0000] {dag.py:4180} INFO - Setting next_dagrun for credit_risk_analysis_pipeline to None, run_after=None
[2026-09-10T10:43:19.349+0000] {processor.py:208} INFO - Processing /opt/airflow/dags/pipeline.py took 0.196 seconds
[2026-09-10T10:43:49.538+0000] {processor.py:186} INFO - Started process (PID=103) to work on /opt/airflow/dags/pipeline.py
[2026-09-10T10:43:49.540+0000] {processor.py:914} INFO - Processing file /opt/airflow/dags/pipeline.py for tasks to queue
[2026-09-10T10:43:49.546+0000] {logging_mixin.py:190} INFO - [2026-09-10T10:43:49.545+0000] {dagbag.py:588} INFO - Filling up the DagBag from /opt/airflow/dags/pipeline.py
[2026-09-10T10:43:49.583+0000] {processor.py:925} INFO - DAG(s) 'credit_risk_analysis_pipeline' retrieved from /opt/airflow/dags/pipeline.py
[2026-09-10T10:43:49.649+0000] {logging_mixin.py:190} INFO - [2026-09-10T10:43:49.649+0000] {dag.py:3239} INFO - Sync 1 DAGs
[2026-09-10T10:43:49.684+0000] {logging_mixin.py:190} INFO - [2026-09-10T10:43:49.683+0000] {dag.py:4180} INFO - Setting next_dagrun for credit_risk_analysis_pipeline to None, run_after=None
[2026-09-10T10:43:49.728+0000] {processor.py:208} INFO - Processing /opt/airflow/dags/pipeline.py took 0.206 seconds
[2026-09-10T10:44:20.154+0000] {processor.py:186} INFO - Started process (PID=104) to work on /opt/airflow/dags/pipeline.py
[2026-09-10T10:44:20.156+0000] {processor.py:914} INFO - Processing file /opt/airflow/dags/pipeline.py for tasks to queue
[2026-09-10T10:44:20.161+0000] {logging_mixin.py:190} INFO - [2026-09-10T10:44:20.161+0000] {dagbag.py:588} INFO - Filling up the DagBag from /opt/airflow/dags/pipeline.py
[2026-09-10T10:44:20.195+0000] {processor.py:925} INFO - DAG(s) 'credit_risk_analysis_pipeline' retrieved from /opt/airflow/dags/pipeline.py
[2026-09-10T10:44:20.261+0000] {logging_mixin.py:190} INFO - [2026-09-10T10:44:20.260+0000] {dag.py:3239} INFO - Sync 1 DAGs
[2026-09-10T10:44:20.296+0000] {logging_mixin.py:190} INFO - [2026-09-10T10:44:20.295+0000] {dag.py:4180} INFO - Setting next_dagrun for credit_risk_analysis_pipeline to None, run_after=None
[2026-09-10T10:44:20.350+0000] {processor.py:208} INFO - Processing /opt/airflow/dags/pipeline.py took 0.210 seconds
[2026-09-10T10:44:50.605+0000] {processor.py:186} INFO - Started process (PID=105) to work on /opt/airflow/dags/pipeline.py
[2026-09-10T10:44:50.608+0000] {processor.py:914} INFO - Processing file /opt/airflow/dags/pipeline.py for tasks to queue
[2026-09-10T10:44:50.614+0000] {logging_mixin.py:190} INFO - [2026-09-10T10:44:50.614+0000] {dagbag.py:588} INFO - Filling up the DagBag from /opt/airflow/dags/pipeline.py
[2026-09-10T10:44:50.645+0000] {processor.py:925} INFO - DAG(s) 'credit_risk_analysis_pipeline' retrieved from /opt/airflow/dags/pipeline.py
[2026-09-10T10:44:50.708+0000] {logging_mixin.py:190} INFO - [2026-09-10T10:44:50.708+0000] {dag.py:3239} INFO - Sync 1 DAGs
[2026-09-10T10:44:50.742+0000] {logging_mixin.py:190} INFO - [2026-09-10T10:44:50.742+0000] {dag.py:4180} INFO - Setting next_dagrun for credit_risk_analysis_pipeline to None, run_after=None
[2026-09-10T10:44:50.785+0000] {processor.py:208} INFO - Processing /opt/airflow/dags/pipeline.py took 0.192 seconds
[2026-09-10T10:45:21.112+0000] {processor.py:186} INFO - Started process (PID=106) to work on /opt/airflow/dags/pipeline.py
[2026-09-10T10:45:21.114+0000] {processor.py:914} INFO - Processing file /opt/airflow/dags/pipeline.py for tasks to queue
[2026-09-10T10:45:21.122+0000] {logging_mixin.py:190} INFO - [2026-09-10T10:45:21.121+0000] {dagbag.py:588} INFO - Filling up the DagBag from /opt/airflow/dags/pipeline.py
[2026-09-10T10:45:21.152+0000] {processor.py:925} INFO - DAG(s) 'credit_risk_analysis_pipeline' retrieved from /opt/airflow/dags/pipeline.py
[2026-09-10T10:45:21.209+0000] {logging_mixin.py:190} INFO - [2026-09-10T10:45:21.209+0000] {dag.py:3239} INFO - Sync 1 DAGs
[2026-09-10T10:45:21.242+0000] {logging_mixin.py:190} INFO - [2026-09-10T10:45:21.242+0000] {dag.py:4180} INFO - Setting next_dagrun for credit_risk_analysis_pipeline to None, run_after=None
[2026-09-10T10:45:21.666+0000] {processor.py:208} INFO - Processing /opt/airflow/dags/pipeline.py took 0.569 seconds
[2026-09-10T10:45:45.061+0000] {processor.py:186} INFO - Started process (PID=107) to work on /opt/airflow/dags/pipeline.py
[2026-09-10T10:45:45.064+0000] {processor.py:914} INFO - Processing file /opt/airflow/dags/pipeline.py for tasks to queue
[2026-09-10T10:45:45.070+0000] {logging_mixin.py:190} INFO - [2026-09-10T10:45:45.069+0000] {dagbag.py:588} INFO - Filling up the DagBag from /opt/airflow/dags/pipeline.py
[2026-09-10T10:45:45.139+0000] {processor.py:925} INFO - DAG(s) 'credit_risk_analysis_pipeline' retrieved from /opt/airflow/dags/pipeline.py
[2026-09-10T10:45:45.607+0000] {logging_mixin.py:190} INFO - [2026-09-10T10:45:45.607+0000] {dag.py:3239} INFO - Sync 1 DAGs
[2026-09-10T10:45:45.631+0000] {logging_mixin.py:190} INFO - [2026-09-10T10:45:45.631+0000] {dag.py:4180} INFO - Setting next_dagrun for credit_risk_analysis_pipeline to None, run_after=None
[2026-09-10T10:45:45.690+0000] {processor.py:208} INFO - Processing /opt/airflow/dags/pipeline.py took 0.642 seconds
[2026-09-10T10:45:46.463+0000] {processor.py:186} INFO - Started process (PID=108) to work on /opt/airflow/dags/pipeline.py
[2026-09-10T10:45:46.466+0000] {processor.py:914} INFO - Processing file /opt/airflow/dags/pipeline.py for tasks to queue
[2026-09-10T10:45:46.471+0000] {logging_mixin.py:190} INFO - [2026-09-10T10:45:46.471+0000] {dagbag.py:588} INFO - Filling up the DagBag from /opt/airflow/dags/pipeline.py
[2026-09-10T10:45:46.521+0000] {processor.py:925} INFO - DAG(s) 'credit_risk_analysis_pipeline' retrieved from /opt/airflow/dags/pipeline.py
[2026-09-10T10:45:46.553+0000] {logging_mixin.py:190} INFO - [2026-09-10T10:45:46.553+0000] {dag.py:3239} INFO - Sync 1 DAGs
[2026-09-10T10:45:46.806+0000] {logging_mixin.py:190} INFO - [2026-09-10T10:45:46.806+0000] {dag.py:4180} INFO - Setting next_dagrun for credit_risk_analysis_pipeline to None, run_after=None
[2026-09-10T10:45:46.853+0000] {processor.py:208} INFO - Processing /opt/airflow/dags/pipeline.py took 0.400 seconds
[2026-09-10T10:45:47.822+0000] {processor.py:186} INFO - Started process (PID=109) to work on /opt/airflow/dags/pipeline.py
[2026-09-10T10:45:47.824+0000] {processor.py:914} INFO - Processing file /opt/airflow/dags/pipeline.py for tasks to queue
[2026-09-10T10:45:47.831+0000] {logging_mixin.py:190} INFO - [2026-09-10T10:45:47.831+0000] {dagbag.py:588} INFO - Filling up the DagBag from /opt/airflow/dags/pipeline.py
[2026-09-10T10:45:47.865+0000] {processor.py:925} INFO - DAG(s) 'credit_risk_analysis_pipeline' retrieved from /opt/airflow/dags/pipeline.py
[2026-09-10T10:45:47.897+0000] {logging_mixin.py:190} INFO - [2026-09-10T10:45:47.896+0000] {dag.py:3239} INFO - Sync 1 DAGs
[2026-09-10T10:45:48.191+0000] {logging_mixin.py:190} INFO - [2026-09-10T10:45:48.191+0000] {dag.py:4180} INFO - Setting next_dagrun for credit_risk_analysis_pipeline to None, run_after=None
[2026-09-10T10:45:48.247+0000] {processor.py:208} INFO - Processing /opt/airflow/dags/pipeline.py took 0.439 seconds
[2026-09-10T10:46:18.658+0000] {processor.py:186} INFO - Started process (PID=110) to work on /opt/airflow/dags/pipeline.py
[2026-09-10T10:46:18.661+0000] {processor.py:914} INFO - Processing file /opt/airflow/dags/pipeline.py for tasks to queue
[2026-09-10T10:46:18.668+0000] {logging_mixin.py:190} INFO - [2026-09-10T10:46:18.667+0000] {dagbag.py:588} INFO - Filling up the DagBag from /opt/airflow/dags/pipeline.py
[2026-09-10T10:46:18.697+0000] {processor.py:925} INFO - DAG(s) 'credit_risk_analysis_pipeline' retrieved from /opt/airflow/dags/pipeline.py
[2026-09-10T10:46:18.758+0000] {logging_mixin.py:190} INFO - [2026-09-10T10:46:18.757+0000] {dag.py:3239} INFO - Sync 1 DAGs
[2026-09-10T10:46:18.789+0000] {logging_mixin.py:190} INFO - [2026-09-10T10:46:18.788+0000] {dag.py:4180} INFO - Setting next_dagrun for credit_risk_analysis_pipeline to None, run_after=None
[2026-09-10T10:46:18.844+0000] {processor.py:208} INFO - Processing /opt/airflow/dags/pipeline.py took 0.199 seconds
[2026-09-10T10:46:49.031+0000] {processor.py:186} INFO - Started process (PID=111) to work on /opt/airflow/dags/pipeline.py
[2026-09-10T10:46:49.035+0000] {processor.py:914} INFO - Processing file /opt/airflow/dags/pipeline.py for tasks to queue
[2026-09-10T10:46:49.042+0000] {logging_mixin.py:190} INFO - [2026-09-10T10:46:49.041+0000] {dagbag.py:588} INFO - Filling up the DagBag from /opt/airflow/dags/pipeline.py
[2026-09-10T10:46:49.075+0000] {processor.py:925} INFO - DAG(s) 'credit_risk_analysis_pipeline' retrieved from /opt/airflow/dags/pipeline.py
[2026-09-10T10:46:49.131+0000] {logging_mixin.py:190} INFO - [2026-09-10T10:46:49.131+0000] {dag.py:3239} INFO - Sync 1 DAGs
[2026-09-10T10:46:49.172+0000] {logging_mixin.py:190} INFO - [2026-09-10T10:46:49.172+0000] {dag.py:4180} INFO - Setting next_dagrun for credit_risk_analysis_pipeline to None, run_after=None
[2026-09-10T10:46:49.228+0000] {processor.py:208} INFO - Processing /opt/airflow/dags/pipeline.py took 0.208 seconds
[2026-09-10T10:47:19.602+0000] {processor.py:186} INFO - Started process (PID=112) to work on /opt/airflow/dags/pipeline.py
[2026-09-10T10:47:19.604+0000] {processor.py:914} INFO - Processing file /opt/airflow/dags/pipeline.py for tasks to queue
[2026-09-10T10:47:19.609+0000] {logging_mixin.py:190} INFO - [2026-09-10T10:47:19.608+0000] {dagbag.py:588} INFO - Filling up the DagBag from /opt/airflow/dags/pipeline.py
[2026-09-10T10:47:19.638+0000] {processor.py:925} INFO - DAG(s) 'credit_risk_analysis_pipeline' retrieved from /opt/airflow/dags/pipeline.py
[2026-09-10T10:47:19.688+0000] {logging_mixin.py:190} INFO - [2026-09-10T10:47:19.687+0000] {dag.py:3239} INFO - Sync 1 DAGs
[2026-09-10T10:47:19.715+0000] {logging_mixin.py:190} INFO - [2026-09-10T10:47:19.714+0000] {dag.py:4180} INFO - Setting next_dagrun for credit_risk_analysis_pipeline to None, run_after=None
[2026-09-10T10:47:19.763+0000] {processor.py:208} INFO - Processing /opt/airflow/dags/pipeline.py took 0.173 seconds
[2026-09-10T10:47:49.989+0000] {processor.py:186} INFO - Started process (PID=113) to work on /opt/airflow/dags/pipeline.py
[2026-09-10T10:47:49.992+0000] {processor.py:914} INFO - Processing file /opt/airflow/dags/pipeline.py for tasks to queue
[2026-09-10T10:47:49.998+0000] {logging_mixin.py:190} INFO - [2026-09-10T10:47:49.997+0000] {dagbag.py:588} INFO - Filling up the DagBag from /opt/airflow/dags/pipeline.py
[2026-09-10T10:47:50.036+0000] {processor.py:925} INFO - DAG(s) 'credit_risk_analysis_pipeline' retrieved from /opt/airflow/dags/pipeline.py
[2026-09-10T10:47:50.096+0000] {logging_mixin.py:190} INFO - [2026-09-10T10:47:50.096+0000] {dag.py:3239} INFO - Sync 1 DAGs
[2026-09-10T10:47:50.132+0000] {logging_mixin.py:190} INFO - [2026-09-10T10:47:50.131+0000] {dag.py:4180} INFO - Setting next_dagrun for credit_risk_analysis_pipeline to None, run_after=None
[2026-09-10T10:47:50.188+0000] {processor.py:208} INFO - Processing /opt/airflow/dags/pipeline.py took 0.213 seconds
[2026-09-10T10:48:20.341+0000] {processor.py:186} INFO - Started process (PID=114) to work on /opt/airflow/dags/pipeline.py
[2026-09-10T10:48:20.343+0000] {processor.py:914} INFO - Processing file /opt/airflow/dags/pipeline.py for tasks to queue
[2026-09-10T10:48:20.350+0000] {logging_mixin.py:190} INFO - [2026-09-10T10:48:20.349+0000] {dagbag.py:588} INFO - Filling up the DagBag from /opt/airflow/dags/pipeline.py
[2026-09-10T10:48:20.383+0000] {processor.py:925} INFO - DAG(s) 'credit_risk_analysis_pipeline' retrieved from /opt/airflow/dags/pipeline.py
[2026-09-10T10:48:20.435+0000] {logging_mixin.py:190} INFO - [2026-09-10T10:48:20.435+0000] {dag.py:3239} INFO - Sync 1 DAGs
[2026-09-10T10:48:20.705+0000] {logging_mixin.py:190} INFO - [2026-09-10T10:48:20.704+0000] {dag.py:4180} INFO - Setting next_dagrun for credit_risk_analysis_pipeline to None, run_after=None
[2026-09-10T10:48:20.755+0000] {processor.py:208} INFO - Processing /opt/airflow/dags/pipeline.py took 0.426 seconds
[2026-09-10T10:48:51.153+0000] {processor.py:186} INFO - Started process (PID=115) to work on /opt/airflow/dags/pipeline.py
[2026-09-10T10:48:51.156+0000] {processor.py:914} INFO - Processing file /opt/airflow/dags/pipeline.py for tasks to queue
[2026-09-10T10:48:51.161+0000] {logging_mixin.py:190} INFO - [2026-09-10T10:48:51.161+0000] {dagbag.py:588} INFO - Filling up the DagBag from /opt/airflow/dags/pipeline.py
[2026-09-10T10:48:51.196+0000] {processor.py:925} INFO - DAG(s) 'credit_risk_analysis_pipeline' retrieved from /opt/airflow/dags/pipeline.py
[2026-09-10T10:48:51.251+0000] {logging_mixin.py:190} INFO - [2026-09-10T10:48:51.251+0000] {dag.py:3239} INFO - Sync 1 DAGs
[2026-09-10T10:48:51.551+0000] {logging_mixin.py:190} INFO - [2026-09-10T10:48:51.551+0000] {dag.py:4180} INFO - Setting next_dagrun for credit_risk_analysis_pipeline to None, run_after=None
[2026-09-10T10:48:51.601+0000] {processor.py:208} INFO - Processing /opt/airflow/dags/pipeline.py took 0.463 seconds
[2026-09-10T10:49:22.039+0000] {processor.py:186} INFO - Started process (PID=116) to work on /opt/airflow/dags/pipeline.py
[2026-09-10T10:49:22.042+0000] {processor.py:914} INFO - Processing file /opt/airflow/dags/pipeline.py for tasks to queue
[2026-09-10T10:49:22.047+0000] {logging_mixin.py:190} INFO - [2026-09-10T10:49:22.047+0000] {dagbag.py:588} INFO - Filling up the DagBag from /opt/airflow/dags/pipeline.py
[2026-09-10T10:49:22.082+0000] {processor.py:925} INFO - DAG(s) 'credit_risk_analysis_pipeline' retrieved from /opt/airflow/dags/pipeline.py
[2026-09-10T10:49:22.139+0000] {logging_mixin.py:190} INFO - [2026-09-10T10:49:22.139+0000] {dag.py:3239} INFO - Sync 1 DAGs
[2026-09-10T10:49:22.172+0000] {logging_mixin.py:190} INFO - [2026-09-10T10:49:22.172+0000] {dag.py:4180} INFO - Setting next_dagrun for credit_risk_analysis_pipeline to None, run_after=None
[2026-09-10T10:49:22.212+0000] {processor.py:208} INFO - Processing /opt/airflow/dags/pipeline.py took 0.185 seconds
[2026-09-10T10:49:52.427+0000] {processor.py:186} INFO - Started process (PID=117) to work on /opt/airflow/dags/pipeline.py
[2026-09-10T10:49:52.430+0000] {processor.py:914} INFO - Processing file /opt/airflow/dags/pipeline.py for tasks to queue
[2026-09-10T10:49:52.436+0000] {logging_mixin.py:190} INFO - [2026-09-10T10:49:52.435+0000] {dagbag.py:588} INFO - Filling up the DagBag from /opt/airflow/dags/pipeline.py
[2026-09-10T10:49:52.465+0000] {processor.py:925} INFO - DAG(s) 'credit_risk_analysis_pipeline' retrieved from /opt/airflow/dags/pipeline.py
[2026-09-10T10:49:52.525+0000] {logging_mixin.py:190} INFO - [2026-09-10T10:49:52.524+0000] {dag.py:3239} INFO - Sync 1 DAGs
[2026-09-10T10:49:52.553+0000] {logging_mixin.py:190} INFO - [2026-09-10T10:49:52.553+0000] {dag.py:4180} INFO - Setting next_dagrun for credit_risk_analysis_pipeline to None, run_after=None
[2026-09-10T10:49:52.607+0000] {processor.py:208} INFO - Processing /opt/airflow/dags/pipeline.py took 0.192 seconds
[2026-09-10T10:50:22.810+0000] {processor.py:186} INFO - Started process (PID=118) to work on /opt/airflow/dags/pipeline.py
[2026-09-10T10:50:22.813+0000] {processor.py:914} INFO - Processing file /opt/airflow/dags/pipeline.py for tasks to queue
[2026-09-10T10:50:22.820+0000] {logging_mixin.py:190} INFO - [2026-09-10T10:50:22.819+0000] {dagbag.py:588} INFO - Filling up the DagBag from /opt/airflow/dags/pipeline.py
[2026-09-10T10:50:22.857+0000] {processor.py:925} INFO - DAG(s) 'credit_risk_analysis_pipeline' retrieved from /opt/airflow/dags/pipeline.py
[2026-09-10T10:50:22.925+0000] {logging_mixin.py:190} INFO - [2026-09-10T10:50:22.925+0000] {dag.py:3239} INFO - Sync 1 DAGs
[2026-09-10T10:50:22.961+0000] {logging_mixin.py:190} INFO - [2026-09-10T10:50:22.960+0000] {dag.py:4180} INFO - Setting next_dagrun for credit_risk_analysis_pipeline to None, run_after=None
[2026-09-10T10:50:23.003+0000] {processor.py:208} INFO - Processing /opt/airflow/dags/pipeline.py took 0.205 seconds
[2026-09-10T10:50:53.368+0000] {processor.py:186} INFO - Started process (PID=119) to work on /opt/airflow/dags/pipeline.py
[2026-09-10T10:50:53.370+0000] {processor.py:914} INFO - Processing file /opt/airflow/dags/pipeline.py for tasks to queue
[2026-09-10T10:50:53.376+0000] {logging_mixin.py:190} INFO - [2026-09-10T10:50:53.375+0000] {dagbag.py:588} INFO - Filling up the DagBag from /opt/airflow/dags/pipeline.py
[2026-09-10T10:50:53.409+0000] {processor.py:925} INFO - DAG(s) 'credit_risk_analysis_pipeline' retrieved from /opt/airflow/dags/pipeline.py
[2026-09-10T10:50:53.466+0000] {logging_mixin.py:190} INFO - [2026-09-10T10:50:53.465+0000] {dag.py:3239} INFO - Sync 1 DAGs
[2026-09-10T10:50:53.501+0000] {logging_mixin.py:190} INFO - [2026-09-10T10:50:53.500+0000] {dag.py:4180} INFO - Setting next_dagrun for credit_risk_analysis_pipeline to None, run_after=None
[2026-09-10T10:50:53.798+0000] {processor.py:208} INFO - Processing /opt/airflow/dags/pipeline.py took 0.443 seconds
[2026-09-10T10:51:24.256+0000] {processor.py:186} INFO - Started process (PID=120) to work on /opt/airflow/dags/pipeline.py
[2026-09-10T10:51:24.258+0000] {processor.py:914} INFO - Processing file /opt/airflow/dags/pipeline.py for tasks to queue
[2026-09-10T10:51:24.264+0000] {logging_mixin.py:190} INFO - [2026-09-10T10:51:24.263+0000] {dagbag.py:588} INFO - Filling up the DagBag from /opt/airflow/dags/pipeline.py
[2026-09-10T10:51:24.297+0000] {processor.py:925} INFO - DAG(s) 'credit_risk_analysis_pipeline' retrieved from /opt/airflow/dags/pipeline.py
[2026-09-10T10:51:24.356+0000] {logging_mixin.py:190} INFO - [2026-09-10T10:51:24.356+0000] {dag.py:3239} INFO - Sync 1 DAGs
[2026-09-10T10:51:24.671+0000] {logging_mixin.py:190} INFO - [2026-09-10T10:51:24.670+0000] {dag.py:4180} INFO - Setting next_dagrun for credit_risk_analysis_pipeline to None, run_after=None
[2026-09-10T10:51:24.718+0000] {processor.py:208} INFO - Processing /opt/airflow/dags/pipeline.py took 0.476 seconds
[2026-09-10T10:51:55.174+0000] {processor.py:186} INFO - Started process (PID=121) to work on /opt/airflow/dags/pipeline.py
[2026-09-10T10:51:55.177+0000] {processor.py:914} INFO - Processing file /opt/airflow/dags/pipeline.py for tasks to queue
[2026-09-10T10:51:55.183+0000] {logging_mixin.py:190} INFO - [2026-09-10T10:51:55.182+0000] {dagbag.py:588} INFO - Filling up the DagBag from /opt/airflow/dags/pipeline.py
[2026-09-10T10:51:55.210+0000] {processor.py:925} INFO - DAG(s) 'credit_risk_analysis_pipeline' retrieved from /opt/airflow/dags/pipeline.py
[2026-09-10T10:51:55.572+0000] {logging_mixin.py:190} INFO - [2026-09-10T10:51:55.571+0000] {dag.py:3239} INFO - Sync 1 DAGs
[2026-09-10T10:51:55.597+0000] {logging_mixin.py:190} INFO - [2026-09-10T10:51:55.597+0000] {dag.py:4180} INFO - Setting next_dagrun for credit_risk_analysis_pipeline to None, run_after=None
[2026-09-10T10:51:55.647+0000] {processor.py:208} INFO - Processing /opt/airflow/dags/pipeline.py took 0.486 seconds
[2026-09-10T10:52:08.369+0000] {processor.py:186} INFO - Started process (PID=122) to work on /opt/airflow/dags/pipeline.py
[2026-09-10T10:52:08.372+0000] {processor.py:914} INFO - Processing file /opt/airflow/dags/pipeline.py for tasks to queue
[2026-09-10T10:52:08.377+0000] {logging_mixin.py:190} INFO - [2026-09-10T10:52:08.376+0000] {dagbag.py:588} INFO - Filling up the DagBag from /opt/airflow/dags/pipeline.py
[2026-09-10T10:52:08.431+0000] {processor.py:925} INFO - DAG(s) 'credit_risk_analysis_pipeline' retrieved from /opt/airflow/dags/pipeline.py
[2026-09-10T10:52:08.488+0000] {logging_mixin.py:190} INFO - [2026-09-10T10:52:08.488+0000] {dag.py:3239} INFO - Sync 1 DAGs
[2026-09-10T10:52:08.519+0000] {logging_mixin.py:190} INFO - [2026-09-10T10:52:08.518+0000] {dag.py:4180} INFO - Setting next_dagrun for credit_risk_analysis_pipeline to None, run_after=None
[2026-09-10T10:52:08.579+0000] {processor.py:208} INFO - Processing /opt/airflow/dags/pipeline.py took 0.221 seconds
[2026-09-10T10:52:09.402+0000] {processor.py:186} INFO - Started process (PID=123) to work on /opt/airflow/dags/pipeline.py
[2026-09-10T10:52:09.405+0000] {processor.py:914} INFO - Processing file /opt/airflow/dags/pipeline.py for tasks to queue
[2026-09-10T10:52:09.409+0000] {logging_mixin.py:190} INFO - [2026-09-10T10:52:09.409+0000] {dagbag.py:588} INFO - Filling up the DagBag from /opt/airflow/dags/pipeline.py
[2026-09-10T10:52:09.457+0000] {processor.py:925} INFO - DAG(s) 'credit_risk_analysis_pipeline' retrieved from /opt/airflow/dags/pipeline.py
[2026-09-10T10:52:09.510+0000] {logging_mixin.py:190} INFO - [2026-09-10T10:52:09.510+0000] {dag.py:3239} INFO - Sync 1 DAGs
[2026-09-10T10:52:09.541+0000] {logging_mixin.py:190} INFO - [2026-09-10T10:52:09.540+0000] {dag.py:4180} INFO - Setting next_dagrun for credit_risk_analysis_pipeline to None, run_after=None
[2026-09-10T10:52:09.596+0000] {processor.py:208} INFO - Processing /opt/airflow/dags/pipeline.py took 0.208 seconds
[2026-09-10T10:52:10.433+0000] {processor.py:186} INFO - Started process (PID=124) to work on /opt/airflow/dags/pipeline.py
[2026-09-10T10:52:10.436+0000] {processor.py:914} INFO - Processing file /opt/airflow/dags/pipeline.py for tasks to queue
[2026-09-10T10:52:10.442+0000] {logging_mixin.py:190} INFO - [2026-09-10T10:52:10.441+0000] {dagbag.py:588} INFO - Filling up the DagBag from /opt/airflow/dags/pipeline.py
[2026-09-10T10:52:10.474+0000] {processor.py:925} INFO - DAG(s) 'credit_risk_analysis_pipeline' retrieved from /opt/airflow/dags/pipeline.py
[2026-09-10T10:52:10.525+0000] {logging_mixin.py:190} INFO - [2026-09-10T10:52:10.525+0000] {dag.py:3239} INFO - Sync 1 DAGs
[2026-09-10T10:52:10.554+0000] {logging_mixin.py:190} INFO - [2026-09-10T10:52:10.554+0000] {dag.py:4180} INFO - Setting next_dagrun for credit_risk_analysis_pipeline to None, run_after=None
[2026-09-10T10:52:10.602+0000] {processor.py:208} INFO - Processing /opt/airflow/dags/pipeline.py took 0.182 seconds
[2026-09-10T10:52:40.803+0000] {processor.py:186} INFO - Started process (PID=132) to work on /opt/airflow/dags/pipeline.py
[2026-09-10T10:52:40.806+0000] {processor.py:914} INFO - Processing file /opt/airflow/dags/pipeline.py for tasks to queue
[2026-09-10T10:52:40.815+0000] {logging_mixin.py:190} INFO - [2026-09-10T10:52:40.814+0000] {dagbag.py:588} INFO - Filling up the DagBag from /opt/airflow/dags/pipeline.py
[2026-09-10T10:52:40.855+0000] {processor.py:925} INFO - DAG(s) 'credit_risk_analysis_pipeline' retrieved from /opt/airflow/dags/pipeline.py
[2026-09-10T10:52:40.916+0000] {logging_mixin.py:190} INFO - [2026-09-10T10:52:40.916+0000] {dag.py:3239} INFO - Sync 1 DAGs
[2026-09-10T10:52:40.949+0000] {logging_mixin.py:190} INFO - [2026-09-10T10:52:40.948+0000] {dag.py:4180} INFO - Setting next_dagrun for credit_risk_analysis_pipeline to None, run_after=None
[2026-09-10T10:52:41.005+0000] {processor.py:208} INFO - Processing /opt/airflow/dags/pipeline.py took 0.217 seconds
[2026-09-10T10:53:11.387+0000] {processor.py:186} INFO - Started process (PID=133) to work on /opt/airflow/dags/pipeline.py
[2026-09-10T10:53:11.392+0000] {processor.py:914} INFO - Processing file /opt/airflow/dags/pipeline.py for tasks to queue
[2026-09-10T10:53:11.397+0000] {logging_mixin.py:190} INFO - [2026-09-10T10:53:11.396+0000] {dagbag.py:588} INFO - Filling up the DagBag from /opt/airflow/dags/pipeline.py
[2026-09-10T10:53:11.430+0000] {processor.py:925} INFO - DAG(s) 'credit_risk_analysis_pipeline' retrieved from /opt/airflow/dags/pipeline.py
[2026-09-10T10:53:11.487+0000] {logging_mixin.py:190} INFO - [2026-09-10T10:53:11.486+0000] {dag.py:3239} INFO - Sync 1 DAGs
[2026-09-10T10:53:11.518+0000] {logging_mixin.py:190} INFO - [2026-09-10T10:53:11.517+0000] {dag.py:4180} INFO - Setting next_dagrun for credit_risk_analysis_pipeline to None, run_after=None
[2026-09-10T10:53:11.570+0000] {processor.py:208} INFO - Processing /opt/airflow/dags/pipeline.py took 0.198 seconds
[2026-09-10T10:53:41.787+0000] {processor.py:186} INFO - Started process (PID=134) to work on /opt/airflow/dags/pipeline.py
[2026-09-10T10:53:41.790+0000] {processor.py:914} INFO - Processing file /opt/airflow/dags/pipeline.py for tasks to queue
[2026-09-10T10:53:41.796+0000] {logging_mixin.py:190} INFO - [2026-09-10T10:53:41.795+0000] {dagbag.py:588} INFO - Filling up the DagBag from /opt/airflow/dags/pipeline.py
[2026-09-10T10:53:41.830+0000] {processor.py:925} INFO - DAG(s) 'credit_risk_analysis_pipeline' retrieved from /opt/airflow/dags/pipeline.py
[2026-09-10T10:53:41.882+0000] {logging_mixin.py:190} INFO - [2026-09-10T10:53:41.882+0000] {dag.py:3239} INFO - Sync 1 DAGs
[2026-09-10T10:53:41.914+0000] {logging_mixin.py:190} INFO - [2026-09-10T10:53:41.913+0000] {dag.py:4180} INFO - Setting next_dagrun for credit_risk_analysis_pipeline to None, run_after=None
[2026-09-10T10:53:41.958+0000] {processor.py:208} INFO - Processing /opt/airflow/dags/pipeline.py took 0.186 seconds
[2026-09-10T10:54:12.350+0000] {processor.py:186} INFO - Started process (PID=135) to work on /opt/airflow/dags/pipeline.py
[2026-09-10T10:54:12.353+0000] {processor.py:914} INFO - Processing file /opt/airflow/dags/pipeline.py for tasks to queue
[2026-09-10T10:54:12.358+0000] {logging_mixin.py:190} INFO - [2026-09-10T10:54:12.357+0000] {dagbag.py:588} INFO - Filling up the DagBag from /opt/airflow/dags/pipeline.py
[2026-09-10T10:54:12.392+0000] {processor.py:925} INFO - DAG(s) 'credit_risk_analysis_pipeline' retrieved from /opt/airflow/dags/pipeline.py
[2026-09-10T10:54:12.443+0000] {logging_mixin.py:190} INFO - [2026-09-10T10:54:12.443+0000] {dag.py:3239} INFO - Sync 1 DAGs
[2026-09-10T10:54:12.705+0000] {logging_mixin.py:190} INFO - [2026-09-10T10:54:12.704+0000] {dag.py:4180} INFO - Setting next_dagrun for credit_risk_analysis_pipeline to None, run_after=None
[2026-09-10T10:54:12.773+0000] {processor.py:208} INFO - Processing /opt/airflow/dags/pipeline.py took 0.433 seconds
[2026-09-10T10:54:43.222+0000] {processor.py:186} INFO - Started process (PID=136) to work on /opt/airflow/dags/pipeline.py
[2026-09-10T10:54:43.225+0000] {processor.py:914} INFO - Processing file /opt/airflow/dags/pipeline.py for tasks to queue
[2026-09-10T10:54:43.229+0000] {logging_mixin.py:190} INFO - [2026-09-10T10:54:43.229+0000] {dagbag.py:588} INFO - Filling up the DagBag from /opt/airflow/dags/pipeline.py
[2026-09-10T10:54:43.258+0000] {processor.py:925} INFO - DAG(s) 'credit_risk_analysis_pipeline' retrieved from /opt/airflow/dags/pipeline.py
[2026-09-10T10:54:43.522+0000] {logging_mixin.py:190} INFO - [2026-09-10T10:54:43.522+0000] {dag.py:3239} INFO - Sync 1 DAGs
[2026-09-10T10:54:43.547+0000] {logging_mixin.py:190} INFO - [2026-09-10T10:54:43.547+0000] {dag.py:4180} INFO - Setting next_dagrun for credit_risk_analysis_pipeline to None, run_after=None
[2026-09-10T10:54:43.591+0000] {processor.py:208} INFO - Processing /opt/airflow/dags/pipeline.py took 0.380 seconds
[2026-09-10T10:55:14.015+0000] {processor.py:186} INFO - Started process (PID=137) to work on /opt/airflow/dags/pipeline.py
[2026-09-10T10:55:14.017+0000] {processor.py:914} INFO - Processing file /opt/airflow/dags/pipeline.py for tasks to queue
[2026-09-10T10:55:14.022+0000] {logging_mixin.py:190} INFO - [2026-09-10T10:55:14.021+0000] {dagbag.py:588} INFO - Filling up the DagBag from /opt/airflow/dags/pipeline.py
[2026-09-10T10:55:14.047+0000] {processor.py:925} INFO - DAG(s) 'credit_risk_analysis_pipeline' retrieved from /opt/airflow/dags/pipeline.py
[2026-09-10T10:55:14.098+0000] {logging_mixin.py:190} INFO - [2026-09-10T10:55:14.098+0000] {dag.py:3239} INFO - Sync 1 DAGs
[2026-09-10T10:55:14.130+0000] {logging_mixin.py:190} INFO - [2026-09-10T10:55:14.129+0000] {dag.py:4180} INFO - Setting next_dagrun for credit_risk_analysis_pipeline to None, run_after=None
[2026-09-10T10:55:14.182+0000] {processor.py:208} INFO - Processing /opt/airflow/dags/pipeline.py took 0.181 seconds
[2026-09-10T10:55:44.360+0000] {processor.py:186} INFO - Started process (PID=138) to work on /opt/airflow/dags/pipeline.py
[2026-09-10T10:55:44.368+0000] {processor.py:914} INFO - Processing file /opt/airflow/dags/pipeline.py for tasks to queue
[2026-09-10T10:55:44.377+0000] {logging_mixin.py:190} INFO - [2026-09-10T10:55:44.376+0000] {dagbag.py:588} INFO - Filling up the DagBag from /opt/airflow/dags/pipeline.py
[2026-09-10T10:55:44.407+0000] {processor.py:925} INFO - DAG(s) 'credit_risk_analysis_pipeline' retrieved from /opt/airflow/dags/pipeline.py
[2026-09-10T10:55:44.460+0000] {logging_mixin.py:190} INFO - [2026-09-10T10:55:44.459+0000] {dag.py:3239} INFO - Sync 1 DAGs
[2026-09-10T10:55:44.492+0000] {logging_mixin.py:190} INFO - [2026-09-10T10:55:44.492+0000] {dag.py:4180} INFO - Setting next_dagrun for credit_risk_analysis_pipeline to None, run_after=None
[2026-09-10T10:55:44.546+0000] {processor.py:208} INFO - Processing /opt/airflow/dags/pipeline.py took 0.206 seconds
[2026-09-10T10:56:14.933+0000] {processor.py:186} INFO - Started process (PID=139) to work on /opt/airflow/dags/pipeline.py
[2026-09-10T10:56:14.936+0000] {processor.py:914} INFO - Processing file /opt/airflow/dags/pipeline.py for tasks to queue
[2026-09-10T10:56:14.940+0000] {logging_mixin.py:190} INFO - [2026-09-10T10:56:14.940+0000] {dagbag.py:588} INFO - Filling up the DagBag from /opt/airflow/dags/pipeline.py
[2026-09-10T10:56:14.973+0000] {processor.py:925} INFO - DAG(s) 'credit_risk_analysis_pipeline' retrieved from /opt/airflow/dags/pipeline.py
[2026-09-10T10:56:15.024+0000] {logging_mixin.py:190} INFO - [2026-09-10T10:56:15.024+0000] {dag.py:3239} INFO - Sync 1 DAGs
[2026-09-10T10:56:15.061+0000] {logging_mixin.py:190} INFO - [2026-09-10T10:56:15.060+0000] {dag.py:4180} INFO - Setting next_dagrun for credit_risk_analysis_pipeline to None, run_after=None
[2026-09-10T10:56:15.121+0000] {processor.py:208} INFO - Processing /opt/airflow/dags/pipeline.py took 0.198 seconds
[2026-09-10T10:56:45.315+0000] {processor.py:186} INFO - Started process (PID=140) to work on /opt/airflow/dags/pipeline.py
[2026-09-10T10:56:45.318+0000] {processor.py:914} INFO - Processing file /opt/airflow/dags/pipeline.py for tasks to queue
[2026-09-10T10:56:45.323+0000] {logging_mixin.py:190} INFO - [2026-09-10T10:56:45.322+0000] {dagbag.py:588} INFO - Filling up the DagBag from /opt/airflow/dags/pipeline.py
[2026-09-10T10:56:45.358+0000] {processor.py:925} INFO - DAG(s) 'credit_risk_analysis_pipeline' retrieved from /opt/airflow/dags/pipeline.py
[2026-09-10T10:56:45.452+0000] {logging_mixin.py:190} INFO - [2026-09-10T10:56:45.452+0000] {dag.py:3239} INFO - Sync 1 DAGs
[2026-09-10T10:56:45.512+0000] {logging_mixin.py:190} INFO - [2026-09-10T10:56:45.511+0000] {dag.py:4180} INFO - Setting next_dagrun for credit_risk_analysis_pipeline to None, run_after=None
[2026-09-10T10:56:45.884+0000] {processor.py:208} INFO - Processing /opt/airflow/dags/pipeline.py took 0.583 seconds
[2026-09-10T10:57:16.333+0000] {processor.py:186} INFO - Started process (PID=141) to work on /opt/airflow/dags/pipeline.py
[2026-09-10T10:57:16.335+0000] {processor.py:914} INFO - Processing file /opt/airflow/dags/pipeline.py for tasks to queue
[2026-09-10T10:57:16.341+0000] {logging_mixin.py:190} INFO - [2026-09-10T10:57:16.340+0000] {dagbag.py:588} INFO - Filling up the DagBag from /opt/airflow/dags/pipeline.py
[2026-09-10T10:57:16.378+0000] {processor.py:925} INFO - DAG(s) 'credit_risk_analysis_pipeline' retrieved from /opt/airflow/dags/pipeline.py
[2026-09-10T10:57:16.446+0000] {logging_mixin.py:190} INFO - [2026-09-10T10:57:16.445+0000] {dag.py:3239} INFO - Sync 1 DAGs
[2026-09-10T10:57:16.812+0000] {logging_mixin.py:190} INFO - [2026-09-10T10:57:16.811+0000] {dag.py:4180} INFO - Setting next_dagrun for credit_risk_analysis_pipeline to None, run_after=None
[2026-09-10T10:57:16.867+0000] {processor.py:208} INFO - Processing /opt/airflow/dags/pipeline.py took 0.547 seconds
[2026-09-10T10:57:47.277+0000] {processor.py:186} INFO - Started process (PID=142) to work on /opt/airflow/dags/pipeline.py
[2026-09-10T10:57:47.279+0000] {processor.py:914} INFO - Processing file /opt/airflow/dags/pipeline.py for tasks to queue
[2026-09-10T10:57:47.284+0000] {logging_mixin.py:190} INFO - [2026-09-10T10:57:47.284+0000] {dagbag.py:588} INFO - Filling up the DagBag from /opt/airflow/dags/pipeline.py
[2026-09-10T10:57:47.313+0000] {processor.py:925} INFO - DAG(s) 'credit_risk_analysis_pipeline' retrieved from /opt/airflow/dags/pipeline.py
[2026-09-10T10:57:47.365+0000] {logging_mixin.py:190} INFO - [2026-09-10T10:57:47.364+0000] {dag.py:3239} INFO - Sync 1 DAGs
[2026-09-10T10:57:47.392+0000] {logging_mixin.py:190} INFO - [2026-09-10T10:57:47.392+0000] {dag.py:4180} INFO - Setting next_dagrun for credit_risk_analysis_pipeline to None, run_after=None
[2026-09-10T10:57:47.441+0000] {processor.py:208} INFO - Processing /opt/airflow/dags/pipeline.py took 0.176 seconds
[2026-09-10T10:58:17.645+0000] {processor.py:186} INFO - Started process (PID=149) to work on /opt/airflow/dags/pipeline.py
[2026-09-10T10:58:17.648+0000] {processor.py:914} INFO - Processing file /opt/airflow/dags/pipeline.py for tasks to queue
[2026-09-10T10:58:17.656+0000] {logging_mixin.py:190} INFO - [2026-09-10T10:58:17.655+0000] {dagbag.py:588} INFO - Filling up the DagBag from /opt/airflow/dags/pipeline.py
[2026-09-10T10:58:17.690+0000] {processor.py:925} INFO - DAG(s) 'credit_risk_analysis_pipeline' retrieved from /opt/airflow/dags/pipeline.py
[2026-09-10T10:58:17.748+0000] {logging_mixin.py:190} INFO - [2026-09-10T10:58:17.747+0000] {dag.py:3239} INFO - Sync 1 DAGs
[2026-09-10T10:58:17.779+0000] {logging_mixin.py:190} INFO - [2026-09-10T10:58:17.779+0000] {dag.py:4180} INFO - Setting next_dagrun for credit_risk_analysis_pipeline to None, run_after=None
[2026-09-10T10:58:17.834+0000] {processor.py:208} INFO - Processing /opt/airflow/dags/pipeline.py took 0.202 seconds
[2026-09-10T10:58:48.003+0000] {processor.py:186} INFO - Started process (PID=151) to work on /opt/airflow/dags/pipeline.py
[2026-09-10T10:58:48.006+0000] {processor.py:914} INFO - Processing file /opt/airflow/dags/pipeline.py for tasks to queue
[2026-09-10T10:58:48.012+0000] {logging_mixin.py:190} INFO - [2026-09-10T10:58:48.012+0000] {dagbag.py:588} INFO - Filling up the DagBag from /opt/airflow/dags/pipeline.py
[2026-09-10T10:58:48.041+0000] {processor.py:925} INFO - DAG(s) 'credit_risk_analysis_pipeline' retrieved from /opt/airflow/dags/pipeline.py
[2026-09-10T10:58:48.094+0000] {logging_mixin.py:190} INFO - [2026-09-10T10:58:48.094+0000] {dag.py:3239} INFO - Sync 1 DAGs
[2026-09-10T10:58:48.126+0000] {logging_mixin.py:190} INFO - [2026-09-10T10:58:48.126+0000] {dag.py:4180} INFO - Setting next_dagrun for credit_risk_analysis_pipeline to None, run_after=None
[2026-09-10T10:58:48.173+0000] {processor.py:208} INFO - Processing /opt/airflow/dags/pipeline.py took 0.182 seconds
[2026-09-10T10:59:18.572+0000] {processor.py:186} INFO - Started process (PID=152) to work on /opt/airflow/dags/pipeline.py
[2026-09-10T10:59:18.575+0000] {processor.py:914} INFO - Processing file /opt/airflow/dags/pipeline.py for tasks to queue
[2026-09-10T10:59:18.583+0000] {logging_mixin.py:190} INFO - [2026-09-10T10:59:18.582+0000] {dagbag.py:588} INFO - Filling up the DagBag from /opt/airflow/dags/pipeline.py
[2026-09-10T10:59:18.616+0000] {processor.py:925} INFO - DAG(s) 'credit_risk_analysis_pipeline' retrieved from /opt/airflow/dags/pipeline.py
[2026-09-10T10:59:18.670+0000] {logging_mixin.py:190} INFO - [2026-09-10T10:59:18.670+0000] {dag.py:3239} INFO - Sync 1 DAGs
[2026-09-10T10:59:18.704+0000] {logging_mixin.py:190} INFO - [2026-09-10T10:59:18.704+0000] {dag.py:4180} INFO - Setting next_dagrun for credit_risk_analysis_pipeline to None, run_after=None
[2026-09-10T10:59:18.761+0000] {processor.py:208} INFO - Processing /opt/airflow/dags/pipeline.py took 0.204 seconds
[2026-09-10T10:59:48.987+0000] {processor.py:186} INFO - Started process (PID=153) to work on /opt/airflow/dags/pipeline.py
[2026-09-10T10:59:48.990+0000] {processor.py:914} INFO - Processing file /opt/airflow/dags/pipeline.py for tasks to queue
[2026-09-10T10:59:48.995+0000] {logging_mixin.py:190} INFO - [2026-09-10T10:59:48.995+0000] {dagbag.py:588} INFO - Filling up the DagBag from /opt/airflow/dags/pipeline.py
[2026-09-10T10:59:49.024+0000] {processor.py:925} INFO - DAG(s) 'credit_risk_analysis_pipeline' retrieved from /opt/airflow/dags/pipeline.py
[2026-09-10T10:59:49.074+0000] {logging_mixin.py:190} INFO - [2026-09-10T10:59:49.073+0000] {dag.py:3239} INFO - Sync 1 DAGs
[2026-09-10T10:59:49.332+0000] {logging_mixin.py:190} INFO - [2026-09-10T10:59:49.331+0000] {dag.py:4180} INFO - Setting next_dagrun for credit_risk_analysis_pipeline to None, run_after=None
[2026-09-10T10:59:49.379+0000] {processor.py:208} INFO - Processing /opt/airflow/dags/pipeline.py took 0.401 seconds
[2026-09-10T11:00:19.485+0000] {processor.py:186} INFO - Started process (PID=154) to work on /opt/airflow/dags/pipeline.py
[2026-09-10T11:00:19.489+0000] {processor.py:914} INFO - Processing file /opt/airflow/dags/pipeline.py for tasks to queue
[2026-09-10T11:00:19.495+0000] {logging_mixin.py:190} INFO - [2026-09-10T11:00:19.494+0000] {dagbag.py:588} INFO - Filling up the DagBag from /opt/airflow/dags/pipeline.py
[2026-09-10T11:00:19.532+0000] {processor.py:925} INFO - DAG(s) 'credit_risk_analysis_pipeline' retrieved from /opt/airflow/dags/pipeline.py
[2026-09-10T11:00:19.597+0000] {logging_mixin.py:190} INFO - [2026-09-10T11:00:19.596+0000] {dag.py:3239} INFO - Sync 1 DAGs
[2026-09-10T11:00:19.913+0000] {logging_mixin.py:190} INFO - [2026-09-10T11:00:19.912+0000] {dag.py:4180} INFO - Setting next_dagrun for credit_risk_analysis_pipeline to None, run_after=None
[2026-09-10T11:00:19.963+0000] {processor.py:208} INFO - Processing /opt/airflow/dags/pipeline.py took 0.492 seconds
[2026-09-10T11:00:50.113+0000] {processor.py:186} INFO - Started process (PID=161) to work on /opt/airflow/dags/pipeline.py
[2026-09-10T11:00:50.116+0000] {processor.py:914} INFO - Processing file /opt/airflow/dags/pipeline.py for tasks to queue
[2026-09-10T11:00:50.121+0000] {logging_mixin.py:190} INFO - [2026-09-10T11:00:50.121+0000] {dagbag.py:588} INFO - Filling up the DagBag from /opt/airflow/dags/pipeline.py
[2026-09-10T11:00:50.149+0000] {processor.py:925} INFO - DAG(s) 'credit_risk_analysis_pipeline' retrieved from /opt/airflow/dags/pipeline.py
[2026-09-10T11:00:50.201+0000] {logging_mixin.py:190} INFO - [2026-09-10T11:00:50.201+0000] {dag.py:3239} INFO - Sync 1 DAGs
[2026-09-10T11:00:50.229+0000] {logging_mixin.py:190} INFO - [2026-09-10T11:00:50.229+0000] {dag.py:4180} INFO - Setting next_dagrun for credit_risk_analysis_pipeline to None, run_after=None
[2026-09-10T11:00:50.279+0000] {processor.py:208} INFO - Processing /opt/airflow/dags/pipeline.py took 0.177 seconds
[2026-09-10T11:01:20.475+0000] {processor.py:186} INFO - Started process (PID=162) to work on /opt/airflow/dags/pipeline.py
[2026-09-10T11:01:20.478+0000] {processor.py:914} INFO - Processing file /opt/airflow/dags/pipeline.py for tasks to queue
[2026-09-10T11:01:20.484+0000] {logging_mixin.py:190} INFO - [2026-09-10T11:01:20.483+0000] {dagbag.py:588} INFO - Filling up the DagBag from /opt/airflow/dags/pipeline.py
[2026-09-10T11:01:20.521+0000] {processor.py:925} INFO - DAG(s) 'credit_risk_analysis_pipeline' retrieved from /opt/airflow/dags/pipeline.py
[2026-09-10T11:01:20.582+0000] {logging_mixin.py:190} INFO - [2026-09-10T11:01:20.581+0000] {dag.py:3239} INFO - Sync 1 DAGs
[2026-09-10T11:01:20.619+0000] {logging_mixin.py:190} INFO - [2026-09-10T11:01:20.618+0000] {dag.py:4180} INFO - Setting next_dagrun for credit_risk_analysis_pipeline to None, run_after=None
[2026-09-10T11:01:20.680+0000] {processor.py:208} INFO - Processing /opt/airflow/dags/pipeline.py took 0.220 seconds
[2026-09-10T11:01:51.035+0000] {processor.py:186} INFO - Started process (PID=169) to work on /opt/airflow/dags/pipeline.py
[2026-09-10T11:01:51.038+0000] {processor.py:914} INFO - Processing file /opt/airflow/dags/pipeline.py for tasks to queue
[2026-09-10T11:01:51.044+0000] {logging_mixin.py:190} INFO - [2026-09-10T11:01:51.043+0000] {dagbag.py:588} INFO - Filling up the DagBag from /opt/airflow/dags/pipeline.py
[2026-09-10T11:01:51.072+0000] {processor.py:925} INFO - DAG(s) 'credit_risk_analysis_pipeline' retrieved from /opt/airflow/dags/pipeline.py
[2026-09-10T11:01:51.127+0000] {logging_mixin.py:190} INFO - [2026-09-10T11:01:51.127+0000] {dag.py:3239} INFO - Sync 1 DAGs
[2026-09-10T11:01:51.160+0000] {logging_mixin.py:190} INFO - [2026-09-10T11:01:51.160+0000] {dag.py:4180} INFO - Setting next_dagrun for credit_risk_analysis_pipeline to None, run_after=None
[2026-09-10T11:01:51.202+0000] {processor.py:208} INFO - Processing /opt/airflow/dags/pipeline.py took 0.186 seconds
[2026-09-10T11:02:21.418+0000] {processor.py:186} INFO - Started process (PID=177) to work on /opt/airflow/dags/pipeline.py
[2026-09-10T11:02:21.421+0000] {processor.py:914} INFO - Processing file /opt/airflow/dags/pipeline.py for tasks to queue
[2026-09-10T11:02:21.427+0000] {logging_mixin.py:190} INFO - [2026-09-10T11:02:21.427+0000] {dagbag.py:588} INFO - Filling up the DagBag from /opt/airflow/dags/pipeline.py
[2026-09-10T11:02:21.465+0000] {processor.py:925} INFO - DAG(s) 'credit_risk_analysis_pipeline' retrieved from /opt/airflow/dags/pipeline.py
[2026-09-10T11:02:21.528+0000] {logging_mixin.py:190} INFO - [2026-09-10T11:02:21.528+0000] {dag.py:3239} INFO - Sync 1 DAGs
[2026-09-10T11:02:21.563+0000] {logging_mixin.py:190} INFO - [2026-09-10T11:02:21.563+0000] {dag.py:4180} INFO - Setting next_dagrun for credit_risk_analysis_pipeline to None, run_after=None
[2026-09-10T11:02:21.623+0000] {processor.py:208} INFO - Processing /opt/airflow/dags/pipeline.py took 0.219 seconds
[2026-09-10T11:02:51.954+0000] {processor.py:186} INFO - Started process (PID=178) to work on /opt/airflow/dags/pipeline.py
[2026-09-10T11:02:51.957+0000] {processor.py:914} INFO - Processing file /opt/airflow/dags/pipeline.py for tasks to queue
[2026-09-10T11:02:51.964+0000] {logging_mixin.py:190} INFO - [2026-09-10T11:02:51.964+0000] {dagbag.py:588} INFO - Filling up the DagBag from /opt/airflow/dags/pipeline.py
[2026-09-10T11:02:51.996+0000] {processor.py:925} INFO - DAG(s) 'credit_risk_analysis_pipeline' retrieved from /opt/airflow/dags/pipeline.py
[2026-09-10T11:02:52.053+0000] {logging_mixin.py:190} INFO - [2026-09-10T11:02:52.053+0000] {dag.py:3239} INFO - Sync 1 DAGs
[2026-09-10T11:02:52.426+0000] {logging_mixin.py:190} INFO - [2026-09-10T11:02:52.425+0000] {dag.py:4180} INFO - Setting next_dagrun for credit_risk_analysis_pipeline to None, run_after=None
[2026-09-10T11:02:52.466+0000] {processor.py:208} INFO - Processing /opt/airflow/dags/pipeline.py took 0.528 seconds
[2026-09-10T11:03:22.891+0000] {processor.py:186} INFO - Started process (PID=179) to work on /opt/airflow/dags/pipeline.py
[2026-09-10T11:03:22.893+0000] {processor.py:914} INFO - Processing file /opt/airflow/dags/pipeline.py for tasks to queue
[2026-09-10T11:03:22.900+0000] {logging_mixin.py:190} INFO - [2026-09-10T11:03:22.899+0000] {dagbag.py:588} INFO - Filling up the DagBag from /opt/airflow/dags/pipeline.py
[2026-09-10T11:03:22.932+0000] {processor.py:925} INFO - DAG(s) 'credit_risk_analysis_pipeline' retrieved from /opt/airflow/dags/pipeline.py
[2026-09-10T11:03:23.210+0000] {logging_mixin.py:190} INFO - [2026-09-10T11:03:23.209+0000] {dag.py:3239} INFO - Sync 1 DAGs
[2026-09-10T11:03:23.236+0000] {logging_mixin.py:190} INFO - [2026-09-10T11:03:23.236+0000] {dag.py:4180} INFO - Setting next_dagrun for credit_risk_analysis_pipeline to None, run_after=None
[2026-09-10T11:03:23.285+0000] {processor.py:208} INFO - Processing /opt/airflow/dags/pipeline.py took 0.406 seconds
[2026-09-10T11:03:53.679+0000] {processor.py:186} INFO - Started process (PID=180) to work on /opt/airflow/dags/pipeline.py
[2026-09-10T11:03:53.682+0000] {processor.py:914} INFO - Processing file /opt/airflow/dags/pipeline.py for tasks to queue
[2026-09-10T11:03:53.687+0000] {logging_mixin.py:190} INFO - [2026-09-10T11:03:53.686+0000] {dagbag.py:588} INFO - Filling up the DagBag from /opt/airflow/dags/pipeline.py
[2026-09-10T11:03:53.718+0000] {processor.py:925} INFO - DAG(s) 'credit_risk_analysis_pipeline' retrieved from /opt/airflow/dags/pipeline.py
[2026-09-10T11:03:53.771+0000] {logging_mixin.py:190} INFO - [2026-09-10T11:03:53.770+0000] {dag.py:3239} INFO - Sync 1 DAGs
[2026-09-10T11:03:53.800+0000] {logging_mixin.py:190} INFO - [2026-09-10T11:03:53.800+0000] {dag.py:4180} INFO - Setting next_dagrun for credit_risk_analysis_pipeline to None, run_after=None
[2026-09-10T11:03:53.839+0000] {processor.py:208} INFO - Processing /opt/airflow/dags/pipeline.py took 0.173 seconds
[2026-09-10T11:04:24.081+0000] {processor.py:186} INFO - Started process (PID=181) to work on /opt/airflow/dags/pipeline.py
[2026-09-10T11:04:24.084+0000] {processor.py:914} INFO - Processing file /opt/airflow/dags/pipeline.py for tasks to queue
[2026-09-10T11:04:24.091+0000] {logging_mixin.py:190} INFO - [2026-09-10T11:04:24.090+0000] {dagbag.py:588} INFO - Filling up the DagBag from /opt/airflow/dags/pipeline.py
[2026-09-10T11:04:24.126+0000] {processor.py:925} INFO - DAG(s) 'credit_risk_analysis_pipeline' retrieved from /opt/airflow/dags/pipeline.py
[2026-09-10T11:04:24.191+0000] {logging_mixin.py:190} INFO - [2026-09-10T11:04:24.190+0000] {dag.py:3239} INFO - Sync 1 DAGs
[2026-09-10T11:04:24.227+0000] {logging_mixin.py:190} INFO - [2026-09-10T11:04:24.226+0000] {dag.py:4180} INFO - Setting next_dagrun for credit_risk_analysis_pipeline to None, run_after=None
[2026-09-10T11:04:24.282+0000] {processor.py:208} INFO - Processing /opt/airflow/dags/pipeline.py took 0.217 seconds
[2026-09-10T11:04:54.641+0000] {processor.py:186} INFO - Started process (PID=182) to work on /opt/airflow/dags/pipeline.py
[2026-09-10T11:04:54.644+0000] {processor.py:914} INFO - Processing file /opt/airflow/dags/pipeline.py for tasks to queue
[2026-09-10T11:04:54.650+0000] {logging_mixin.py:190} INFO - [2026-09-10T11:04:54.649+0000] {dagbag.py:588} INFO - Filling up the DagBag from /opt/airflow/dags/pipeline.py
[2026-09-10T11:04:54.683+0000] {processor.py:925} INFO - DAG(s) 'credit_risk_analysis_pipeline' retrieved from /opt/airflow/dags/pipeline.py
[2026-09-10T11:04:54.738+0000] {logging_mixin.py:190} INFO - [2026-09-10T11:04:54.738+0000] {dag.py:3239} INFO - Sync 1 DAGs
[2026-09-10T11:04:54.771+0000] {logging_mixin.py:190} INFO - [2026-09-10T11:04:54.770+0000] {dag.py:4180} INFO - Setting next_dagrun for credit_risk_analysis_pipeline to None, run_after=None
[2026-09-10T11:04:54.824+0000] {processor.py:208} INFO - Processing /opt/airflow/dags/pipeline.py took 0.194 seconds
[2026-09-10T11:05:25.027+0000] {processor.py:186} INFO - Started process (PID=183) to work on /opt/airflow/dags/pipeline.py
[2026-09-10T11:05:25.030+0000] {processor.py:914} INFO - Processing file /opt/airflow/dags/pipeline.py for tasks to queue
[2026-09-10T11:05:25.036+0000] {logging_mixin.py:190} INFO - [2026-09-10T11:05:25.035+0000] {dagbag.py:588} INFO - Filling up the DagBag from /opt/airflow/dags/pipeline.py
[2026-09-10T11:05:25.067+0000] {processor.py:925} INFO - DAG(s) 'credit_risk_analysis_pipeline' retrieved from /opt/airflow/dags/pipeline.py
[2026-09-10T11:05:25.124+0000] {logging_mixin.py:190} INFO - [2026-09-10T11:05:25.124+0000] {dag.py:3239} INFO - Sync 1 DAGs
[2026-09-10T11:05:25.155+0000] {logging_mixin.py:190} INFO - [2026-09-10T11:05:25.155+0000] {dag.py:4180} INFO - Setting next_dagrun for credit_risk_analysis_pipeline to None, run_after=None
[2026-09-10T11:05:25.437+0000] {processor.py:208} INFO - Processing /opt/airflow/dags/pipeline.py took 0.421 seconds
[2026-09-10T11:05:55.552+0000] {processor.py:186} INFO - Started process (PID=184) to work on /opt/airflow/dags/pipeline.py
[2026-09-10T11:05:55.555+0000] {processor.py:914} INFO - Processing file /opt/airflow/dags/pipeline.py for tasks to queue
[2026-09-10T11:05:55.562+0000] {logging_mixin.py:190} INFO - [2026-09-10T11:05:55.561+0000] {dagbag.py:588} INFO - Filling up the DagBag from /opt/airflow/dags/pipeline.py
[2026-09-10T11:05:55.593+0000] {processor.py:925} INFO - DAG(s) 'credit_risk_analysis_pipeline' retrieved from /opt/airflow/dags/pipeline.py
[2026-09-10T11:05:55.687+0000] {logging_mixin.py:190} INFO - [2026-09-10T11:05:55.686+0000] {dag.py:3239} INFO - Sync 1 DAGs
[2026-09-10T11:05:56.030+0000] {logging_mixin.py:190} INFO - [2026-09-10T11:05:56.030+0000] {dag.py:4180} INFO - Setting next_dagrun for credit_risk_analysis_pipeline to None, run_after=None
[2026-09-10T11:05:56.068+0000] {processor.py:208} INFO - Processing /opt/airflow/dags/pipeline.py took 0.529 seconds
[2026-09-10T11:06:26.257+0000] {processor.py:186} INFO - Started process (PID=185) to work on /opt/airflow/dags/pipeline.py
[2026-09-10T11:06:26.260+0000] {processor.py:914} INFO - Processing file /opt/airflow/dags/pipeline.py for tasks to queue
[2026-09-10T11:06:26.268+0000] {logging_mixin.py:190} INFO - [2026-09-10T11:06:26.267+0000] {dagbag.py:588} INFO - Filling up the DagBag from /opt/airflow/dags/pipeline.py
[2026-09-10T11:06:26.302+0000] {processor.py:925} INFO - DAG(s) 'credit_risk_analysis_pipeline' retrieved from /opt/airflow/dags/pipeline.py
[2026-09-10T11:06:26.717+0000] {logging_mixin.py:190} INFO - [2026-09-10T11:06:26.717+0000] {dag.py:3239} INFO - Sync 1 DAGs
[2026-09-10T11:06:26.747+0000] {logging_mixin.py:190} INFO - [2026-09-10T11:06:26.746+0000] {dag.py:4180} INFO - Setting next_dagrun for credit_risk_analysis_pipeline to None, run_after=None
[2026-09-10T11:06:26.797+0000] {processor.py:208} INFO - Processing /opt/airflow/dags/pipeline.py took 0.554 seconds
[2026-09-10T11:06:57.684+0000] {processor.py:186} INFO - Started process (PID=186) to work on /opt/airflow/dags/pipeline.py
[2026-09-10T11:06:57.687+0000] {processor.py:914} INFO - Processing file /opt/airflow/dags/pipeline.py for tasks to queue
[2026-09-10T11:06:57.693+0000] {logging_mixin.py:190} INFO - [2026-09-10T11:06:57.693+0000] {dagbag.py:588} INFO - Filling up the DagBag from /opt/airflow/dags/pipeline.py
[2026-09-10T11:06:57.732+0000] {processor.py:925} INFO - DAG(s) 'credit_risk_analysis_pipeline' retrieved from /opt/airflow/dags/pipeline.py
[2026-09-10T11:06:57.785+0000] {logging_mixin.py:190} INFO - [2026-09-10T11:06:57.785+0000] {dag.py:3239} INFO - Sync 1 DAGs
[2026-09-10T11:06:57.814+0000] {logging_mixin.py:190} INFO - [2026-09-10T11:06:57.814+0000] {dag.py:4180} INFO - Setting next_dagrun for credit_risk_analysis_pipeline to None, run_after=None
[2026-09-10T11:06:57.856+0000] {processor.py:208} INFO - Processing /opt/airflow/dags/pipeline.py took 0.184 seconds
[2026-09-10T11:07:28.166+0000] {processor.py:186} INFO - Started process (PID=187) to work on /opt/airflow/dags/pipeline.py
[2026-09-10T11:07:28.169+0000] {processor.py:914} INFO - Processing file /opt/airflow/dags/pipeline.py for tasks to queue
[2026-09-10T11:07:28.175+0000] {logging_mixin.py:190} INFO - [2026-09-10T11:07:28.175+0000] {dagbag.py:588} INFO - Filling up the DagBag from /opt/airflow/dags/pipeline.py
[2026-09-10T11:07:28.203+0000] {processor.py:925} INFO - DAG(s) 'credit_risk_analysis_pipeline' retrieved from /opt/airflow/dags/pipeline.py
[2026-09-10T11:07:28.258+0000] {logging_mixin.py:190} INFO - [2026-09-10T11:07:28.258+0000] {dag.py:3239} INFO - Sync 1 DAGs
[2026-09-10T11:07:28.291+0000] {logging_mixin.py:190} INFO - [2026-09-10T11:07:28.290+0000] {dag.py:4180} INFO - Setting next_dagrun for credit_risk_analysis_pipeline to None, run_after=None
[2026-09-10T11:07:28.332+0000] {processor.py:208} INFO - Processing /opt/airflow/dags/pipeline.py took 0.178 seconds
[2026-09-10T11:07:58.642+0000] {processor.py:186} INFO - Started process (PID=188) to work on /opt/airflow/dags/pipeline.py
[2026-09-10T11:07:58.645+0000] {processor.py:914} INFO - Processing file /opt/airflow/dags/pipeline.py for tasks to queue
[2026-09-10T11:07:58.651+0000] {logging_mixin.py:190} INFO - [2026-09-10T11:07:58.651+0000] {dagbag.py:588} INFO - Filling up the DagBag from /opt/airflow/dags/pipeline.py
[2026-09-10T11:07:58.684+0000] {processor.py:925} INFO - DAG(s) 'credit_risk_analysis_pipeline' retrieved from /opt/airflow/dags/pipeline.py
[2026-09-10T11:07:58.732+0000] {logging_mixin.py:190} INFO - [2026-09-10T11:07:58.732+0000] {dag.py:3239} INFO - Sync 1 DAGs
[2026-09-10T11:07:58.764+0000] {logging_mixin.py:190} INFO - [2026-09-10T11:07:58.764+0000] {dag.py:4180} INFO - Setting next_dagrun for credit_risk_analysis_pipeline to None, run_after=None
[2026-09-10T11:07:58.806+0000] {processor.py:208} INFO - Processing /opt/airflow/dags/pipeline.py took 0.181 seconds
[2026-09-10T11:08:29.102+0000] {processor.py:186} INFO - Started process (PID=189) to work on /opt/airflow/dags/pipeline.py
[2026-09-10T11:08:29.105+0000] {processor.py:914} INFO - Processing file /opt/airflow/dags/pipeline.py for tasks to queue
[2026-09-10T11:08:29.111+0000] {logging_mixin.py:190} INFO - [2026-09-10T11:08:29.110+0000] {dagbag.py:588} INFO - Filling up the DagBag from /opt/airflow/dags/pipeline.py
[2026-09-10T11:08:29.144+0000] {processor.py:925} INFO - DAG(s) 'credit_risk_analysis_pipeline' retrieved from /opt/airflow/dags/pipeline.py
[2026-09-10T11:08:29.201+0000] {logging_mixin.py:190} INFO - [2026-09-10T11:08:29.200+0000] {dag.py:3239} INFO - Sync 1 DAGs
[2026-09-10T11:08:29.235+0000] {logging_mixin.py:190} INFO - [2026-09-10T11:08:29.235+0000] {dag.py:4180} INFO - Setting next_dagrun for credit_risk_analysis_pipeline to None, run_after=None
[2026-09-10T11:08:29.278+0000] {processor.py:208} INFO - Processing /opt/airflow/dags/pipeline.py took 0.194 seconds
[2026-09-10T11:08:59.543+0000] {processor.py:186} INFO - Started process (PID=190) to work on /opt/airflow/dags/pipeline.py
[2026-09-10T11:08:59.546+0000] {processor.py:914} INFO - Processing file /opt/airflow/dags/pipeline.py for tasks to queue
[2026-09-10T11:08:59.551+0000] {logging_mixin.py:190} INFO - [2026-09-10T11:08:59.550+0000] {dagbag.py:588} INFO - Filling up the DagBag from /opt/airflow/dags/pipeline.py
[2026-09-10T11:08:59.587+0000] {processor.py:925} INFO - DAG(s) 'credit_risk_analysis_pipeline' retrieved from /opt/airflow/dags/pipeline.py
[2026-09-10T11:08:59.645+0000] {logging_mixin.py:190} INFO - [2026-09-10T11:08:59.644+0000] {dag.py:3239} INFO - Sync 1 DAGs
[2026-09-10T11:08:59.676+0000] {logging_mixin.py:190} INFO - [2026-09-10T11:08:59.675+0000] {dag.py:4180} INFO - Setting next_dagrun for credit_risk_analysis_pipeline to None, run_after=None
[2026-09-10T11:08:59.726+0000] {processor.py:208} INFO - Processing /opt/airflow/dags/pipeline.py took 0.197 seconds
[2026-09-10T11:09:30.086+0000] {processor.py:186} INFO - Started process (PID=191) to work on /opt/airflow/dags/pipeline.py
[2026-09-10T11:09:30.089+0000] {processor.py:914} INFO - Processing file /opt/airflow/dags/pipeline.py for tasks to queue
[2026-09-10T11:09:30.100+0000] {logging_mixin.py:190} INFO - [2026-09-10T11:09:30.098+0000] {dagbag.py:588} INFO - Filling up the DagBag from /opt/airflow/dags/pipeline.py
[2026-09-10T11:09:30.136+0000] {processor.py:925} INFO - DAG(s) 'credit_risk_analysis_pipeline' retrieved from /opt/airflow/dags/pipeline.py
[2026-09-10T11:09:30.210+0000] {logging_mixin.py:190} INFO - [2026-09-10T11:09:30.209+0000] {dag.py:3239} INFO - Sync 1 DAGs
[2026-09-10T11:09:30.256+0000] {logging_mixin.py:190} INFO - [2026-09-10T11:09:30.255+0000] {dag.py:4180} INFO - Setting next_dagrun for credit_risk_analysis_pipeline to None, run_after=None
[2026-09-10T11:09:30.311+0000] {processor.py:208} INFO - Processing /opt/airflow/dags/pipeline.py took 0.243 seconds
[2026-09-10T11:10:00.491+0000] {processor.py:186} INFO - Started process (PID=192) to work on /opt/airflow/dags/pipeline.py
[2026-09-10T11:10:00.494+0000] {processor.py:914} INFO - Processing file /opt/airflow/dags/pipeline.py for tasks to queue
[2026-09-10T11:10:00.502+0000] {logging_mixin.py:190} INFO - [2026-09-10T11:10:00.501+0000] {dagbag.py:588} INFO - Filling up the DagBag from /opt/airflow/dags/pipeline.py
[2026-09-10T11:10:00.537+0000] {processor.py:925} INFO - DAG(s) 'credit_risk_analysis_pipeline' retrieved from /opt/airflow/dags/pipeline.py
[2026-09-10T11:10:00.603+0000] {logging_mixin.py:190} INFO - [2026-09-10T11:10:00.602+0000] {dag.py:3239} INFO - Sync 1 DAGs
[2026-09-10T11:10:00.642+0000] {logging_mixin.py:190} INFO - [2026-09-10T11:10:00.641+0000] {dag.py:4180} INFO - Setting next_dagrun for credit_risk_analysis_pipeline to None, run_after=None
[2026-09-10T11:10:00.684+0000] {processor.py:208} INFO - Processing /opt/airflow/dags/pipeline.py took 0.210 seconds
[2026-09-10T11:10:31.079+0000] {processor.py:186} INFO - Started process (PID=193) to work on /opt/airflow/dags/pipeline.py
[2026-09-10T11:10:31.082+0000] {processor.py:914} INFO - Processing file /opt/airflow/dags/pipeline.py for tasks to queue
[2026-09-10T11:10:31.089+0000] {logging_mixin.py:190} INFO - [2026-09-10T11:10:31.088+0000] {dagbag.py:588} INFO - Filling up the DagBag from /opt/airflow/dags/pipeline.py
[2026-09-10T11:10:31.120+0000] {processor.py:925} INFO - DAG(s) 'credit_risk_analysis_pipeline' retrieved from /opt/airflow/dags/pipeline.py
[2026-09-10T11:10:31.178+0000] {logging_mixin.py:190} INFO - [2026-09-10T11:10:31.177+0000] {dag.py:3239} INFO - Sync 1 DAGs
[2026-09-10T11:10:31.211+0000] {logging_mixin.py:190} INFO - [2026-09-10T11:10:31.210+0000] {dag.py:4180} INFO - Setting next_dagrun for credit_risk_analysis_pipeline to None, run_after=None
[2026-09-10T11:10:31.274+0000] {processor.py:208} INFO - Processing /opt/airflow/dags/pipeline.py took 0.208 seconds
[2026-09-10T11:11:01.485+0000] {processor.py:186} INFO - Started process (PID=194) to work on /opt/airflow/dags/pipeline.py
[2026-09-10T11:11:01.489+0000] {processor.py:914} INFO - Processing file /opt/airflow/dags/pipeline.py for tasks to queue
[2026-09-10T11:11:01.497+0000] {logging_mixin.py:190} INFO - [2026-09-10T11:11:01.496+0000] {dagbag.py:588} INFO - Filling up the DagBag from /opt/airflow/dags/pipeline.py
[2026-09-10T11:11:01.528+0000] {processor.py:925} INFO - DAG(s) 'credit_risk_analysis_pipeline' retrieved from /opt/airflow/dags/pipeline.py
[2026-09-10T11:11:01.599+0000] {logging_mixin.py:190} INFO - [2026-09-10T11:11:01.599+0000] {dag.py:3239} INFO - Sync 1 DAGs
[2026-09-10T11:11:01.631+0000] {logging_mixin.py:190} INFO - [2026-09-10T11:11:01.631+0000] {dag.py:4180} INFO - Setting next_dagrun for credit_risk_analysis_pipeline to None, run_after=None
[2026-09-10T11:11:01.685+0000] {processor.py:208} INFO - Processing /opt/airflow/dags/pipeline.py took 0.230 seconds
[2026-09-10T11:11:32.020+0000] {processor.py:186} INFO - Started process (PID=195) to work on /opt/airflow/dags/pipeline.py
[2026-09-10T11:11:32.023+0000] {processor.py:914} INFO - Processing file /opt/airflow/dags/pipeline.py for tasks to queue
[2026-09-10T11:11:32.030+0000] {logging_mixin.py:190} INFO - [2026-09-10T11:11:32.029+0000] {dagbag.py:588} INFO - Filling up the DagBag from /opt/airflow/dags/pipeline.py
[2026-09-10T11:11:32.064+0000] {processor.py:925} INFO - DAG(s) 'credit_risk_analysis_pipeline' retrieved from /opt/airflow/dags/pipeline.py
[2026-09-10T11:11:32.115+0000] {logging_mixin.py:190} INFO - [2026-09-10T11:11:32.114+0000] {dag.py:3239} INFO - Sync 1 DAGs
[2026-09-10T11:11:32.146+0000] {logging_mixin.py:190} INFO - [2026-09-10T11:11:32.145+0000] {dag.py:4180} INFO - Setting next_dagrun for credit_risk_analysis_pipeline to None, run_after=None
[2026-09-10T11:11:32.196+0000] {processor.py:208} INFO - Processing /opt/airflow/dags/pipeline.py took 0.191 seconds
[2026-09-10T11:12:02.442+0000] {processor.py:186} INFO - Started process (PID=196) to work on /opt/airflow/dags/pipeline.py
[2026-09-10T11:12:02.445+0000] {processor.py:914} INFO - Processing file /opt/airflow/dags/pipeline.py for tasks to queue
[2026-09-10T11:12:02.451+0000] {logging_mixin.py:190} INFO - [2026-09-10T11:12:02.450+0000] {dagbag.py:588} INFO - Filling up the DagBag from /opt/airflow/dags/pipeline.py
[2026-09-10T11:12:02.493+0000] {processor.py:925} INFO - DAG(s) 'credit_risk_analysis_pipeline' retrieved from /opt/airflow/dags/pipeline.py
[2026-09-10T11:12:02.550+0000] {logging_mixin.py:190} INFO - [2026-09-10T11:12:02.549+0000] {dag.py:3239} INFO - Sync 1 DAGs
[2026-09-10T11:12:02.584+0000] {logging_mixin.py:190} INFO - [2026-09-10T11:12:02.584+0000] {dag.py:4180} INFO - Setting next_dagrun for credit_risk_analysis_pipeline to None, run_after=None
[2026-09-10T11:12:02.628+0000] {processor.py:208} INFO - Processing /opt/airflow/dags/pipeline.py took 0.200 seconds
[2026-09-10T11:12:32.958+0000] {processor.py:186} INFO - Started process (PID=197) to work on /opt/airflow/dags/pipeline.py
[2026-09-10T11:12:32.961+0000] {processor.py:914} INFO - Processing file /opt/airflow/dags/pipeline.py for tasks to queue
[2026-09-10T11:12:32.967+0000] {logging_mixin.py:190} INFO - [2026-09-10T11:12:32.966+0000] {dagbag.py:588} INFO - Filling up the DagBag from /opt/airflow/dags/pipeline.py
[2026-09-10T11:12:32.994+0000] {processor.py:925} INFO - DAG(s) 'credit_risk_analysis_pipeline' retrieved from /opt/airflow/dags/pipeline.py
[2026-09-10T11:12:33.046+0000] {logging_mixin.py:190} INFO - [2026-09-10T11:12:33.046+0000] {dag.py:3239} INFO - Sync 1 DAGs
[2026-09-10T11:12:33.073+0000] {logging_mixin.py:190} INFO - [2026-09-10T11:12:33.073+0000] {dag.py:4180} INFO - Setting next_dagrun for credit_risk_analysis_pipeline to None, run_after=None
[2026-09-10T11:12:33.124+0000] {processor.py:208} INFO - Processing /opt/airflow/dags/pipeline.py took 0.180 seconds
[2026-09-10T11:13:03.407+0000] {processor.py:186} INFO - Started process (PID=198) to work on /opt/airflow/dags/pipeline.py
[2026-09-10T11:13:03.409+0000] {processor.py:914} INFO - Processing file /opt/airflow/dags/pipeline.py for tasks to queue
[2026-09-10T11:13:03.414+0000] {logging_mixin.py:190} INFO - [2026-09-10T11:13:03.414+0000] {dagbag.py:588} INFO - Filling up the DagBag from /opt/airflow/dags/pipeline.py
[2026-09-10T11:13:03.447+0000] {processor.py:925} INFO - DAG(s) 'credit_risk_analysis_pipeline' retrieved from /opt/airflow/dags/pipeline.py
[2026-09-10T11:13:03.501+0000] {logging_mixin.py:190} INFO - [2026-09-10T11:13:03.501+0000] {dag.py:3239} INFO - Sync 1 DAGs
[2026-09-10T11:13:03.529+0000] {logging_mixin.py:190} INFO - [2026-09-10T11:13:03.529+0000] {dag.py:4180} INFO - Setting next_dagrun for credit_risk_analysis_pipeline to None, run_after=None
[2026-09-10T11:13:03.566+0000] {processor.py:208} INFO - Processing /opt/airflow/dags/pipeline.py took 0.171 seconds
[2026-09-10T11:13:33.844+0000] {processor.py:186} INFO - Started process (PID=199) to work on /opt/airflow/dags/pipeline.py
[2026-09-10T11:13:33.846+0000] {processor.py:914} INFO - Processing file /opt/airflow/dags/pipeline.py for tasks to queue
[2026-09-10T11:13:33.851+0000] {logging_mixin.py:190} INFO - [2026-09-10T11:13:33.850+0000] {dagbag.py:588} INFO - Filling up the DagBag from /opt/airflow/dags/pipeline.py
[2026-09-10T11:13:33.880+0000] {processor.py:925} INFO - DAG(s) 'credit_risk_analysis_pipeline' retrieved from /opt/airflow/dags/pipeline.py
[2026-09-10T11:13:33.931+0000] {logging_mixin.py:190} INFO - [2026-09-10T11:13:33.930+0000] {dag.py:3239} INFO - Sync 1 DAGs
[2026-09-10T11:13:33.959+0000] {logging_mixin.py:190} INFO - [2026-09-10T11:13:33.959+0000] {dag.py:4180} INFO - Setting next_dagrun for credit_risk_analysis_pipeline to None, run_after=None
[2026-09-10T11:13:34.006+0000] {processor.py:208} INFO - Processing /opt/airflow/dags/pipeline.py took 0.174 seconds
[2026-09-10T11:14:04.292+0000] {processor.py:186} INFO - Started process (PID=200) to work on /opt/airflow/dags/pipeline.py
[2026-09-10T11:14:04.295+0000] {processor.py:914} INFO - Processing file /opt/airflow/dags/pipeline.py for tasks to queue
[2026-09-10T11:14:04.301+0000] {logging_mixin.py:190} INFO - [2026-09-10T11:14:04.301+0000] {dagbag.py:588} INFO - Filling up the DagBag from /opt/airflow/dags/pipeline.py
[2026-09-10T11:14:04.329+0000] {processor.py:925} INFO - DAG(s) 'credit_risk_analysis_pipeline' retrieved from /opt/airflow/dags/pipeline.py
[2026-09-10T11:14:04.388+0000] {logging_mixin.py:190} INFO - [2026-09-10T11:14:04.388+0000] {dag.py:3239} INFO - Sync 1 DAGs
[2026-09-10T11:14:04.419+0000] {logging_mixin.py:190} INFO - [2026-09-10T11:14:04.419+0000] {dag.py:4180} INFO - Setting next_dagrun for credit_risk_analysis_pipeline to None, run_after=None
[2026-09-10T11:14:04.470+0000] {processor.py:208} INFO - Processing /opt/airflow/dags/pipeline.py took 0.191 seconds
[2026-09-10T11:14:34.840+0000] {processor.py:186} INFO - Started process (PID=201) to work on /opt/airflow/dags/pipeline.py
[2026-09-10T11:14:34.844+0000] {processor.py:914} INFO - Processing file /opt/airflow/dags/pipeline.py for tasks to queue
[2026-09-10T11:14:34.851+0000] {logging_mixin.py:190} INFO - [2026-09-10T11:14:34.850+0000] {dagbag.py:588} INFO - Filling up the DagBag from /opt/airflow/dags/pipeline.py
[2026-09-10T11:14:34.888+0000] {processor.py:925} INFO - DAG(s) 'credit_risk_analysis_pipeline' retrieved from /opt/airflow/dags/pipeline.py
[2026-09-10T11:14:34.940+0000] {logging_mixin.py:190} INFO - [2026-09-10T11:14:34.940+0000] {dag.py:3239} INFO - Sync 1 DAGs
[2026-09-10T11:14:34.969+0000] {logging_mixin.py:190} INFO - [2026-09-10T11:14:34.969+0000] {dag.py:4180} INFO - Setting next_dagrun for credit_risk_analysis_pipeline to None, run_after=None
[2026-09-10T11:14:35.021+0000] {processor.py:208} INFO - Processing /opt/airflow/dags/pipeline.py took 0.195 seconds
[2026-09-10T11:15:05.226+0000] {processor.py:186} INFO - Started process (PID=202) to work on /opt/airflow/dags/pipeline.py
[2026-09-10T11:15:05.229+0000] {processor.py:914} INFO - Processing file /opt/airflow/dags/pipeline.py for tasks to queue
[2026-09-10T11:15:05.237+0000] {logging_mixin.py:190} INFO - [2026-09-10T11:15:05.236+0000] {dagbag.py:588} INFO - Filling up the DagBag from /opt/airflow/dags/pipeline.py
[2026-09-10T11:15:05.274+0000] {processor.py:925} INFO - DAG(s) 'credit_risk_analysis_pipeline' retrieved from /opt/airflow/dags/pipeline.py
[2026-09-10T11:15:05.342+0000] {logging_mixin.py:190} INFO - [2026-09-10T11:15:05.341+0000] {dag.py:3239} INFO - Sync 1 DAGs
[2026-09-10T11:15:05.374+0000] {logging_mixin.py:190} INFO - [2026-09-10T11:15:05.374+0000] {dag.py:4180} INFO - Setting next_dagrun for credit_risk_analysis_pipeline to None, run_after=None
[2026-09-10T11:15:05.415+0000] {processor.py:208} INFO - Processing /opt/airflow/dags/pipeline.py took 0.204 seconds
[2026-09-10T11:15:35.824+0000] {processor.py:186} INFO - Started process (PID=203) to work on /opt/airflow/dags/pipeline.py
[2026-09-10T11:15:35.828+0000] {processor.py:914} INFO - Processing file /opt/airflow/dags/pipeline.py for tasks to queue
[2026-09-10T11:15:35.834+0000] {logging_mixin.py:190} INFO - [2026-09-10T11:15:35.833+0000] {dagbag.py:588} INFO - Filling up the DagBag from /opt/airflow/dags/pipeline.py
[2026-09-10T11:15:35.874+0000] {processor.py:925} INFO - DAG(s) 'credit_risk_analysis_pipeline' retrieved from /opt/airflow/dags/pipeline.py
[2026-09-10T11:15:35.932+0000] {logging_mixin.py:190} INFO - [2026-09-10T11:15:35.931+0000] {dag.py:3239} INFO - Sync 1 DAGs
[2026-09-10T11:15:35.964+0000] {logging_mixin.py:190} INFO - [2026-09-10T11:15:35.964+0000] {dag.py:4180} INFO - Setting next_dagrun for credit_risk_analysis_pipeline to None, run_after=None
[2026-09-10T11:15:36.019+0000] {processor.py:208} INFO - Processing /opt/airflow/dags/pipeline.py took 0.212 seconds
[2026-09-10T11:16:06.358+0000] {processor.py:186} INFO - Started process (PID=204) to work on /opt/airflow/dags/pipeline.py
[2026-09-10T11:16:06.363+0000] {processor.py:914} INFO - Processing file /opt/airflow/dags/pipeline.py for tasks to queue
[2026-09-10T11:16:06.373+0000] {logging_mixin.py:190} INFO - [2026-09-10T11:16:06.372+0000] {dagbag.py:588} INFO - Filling up the DagBag from /opt/airflow/dags/pipeline.py
[2026-09-10T11:16:06.408+0000] {processor.py:925} INFO - DAG(s) 'credit_risk_analysis_pipeline' retrieved from /opt/airflow/dags/pipeline.py
[2026-09-10T11:16:06.481+0000] {logging_mixin.py:190} INFO - [2026-09-10T11:16:06.480+0000] {dag.py:3239} INFO - Sync 1 DAGs
[2026-09-10T11:16:06.528+0000] {logging_mixin.py:190} INFO - [2026-09-10T11:16:06.527+0000] {dag.py:4180} INFO - Setting next_dagrun for credit_risk_analysis_pipeline to None, run_after=None
[2026-09-10T11:16:06.577+0000] {processor.py:208} INFO - Processing /opt/airflow/dags/pipeline.py took 0.255 seconds
[2026-09-10T11:16:36.776+0000] {processor.py:186} INFO - Started process (PID=205) to work on /opt/airflow/dags/pipeline.py
[2026-09-10T11:16:36.778+0000] {processor.py:914} INFO - Processing file /opt/airflow/dags/pipeline.py for tasks to queue
[2026-09-10T11:16:36.784+0000] {logging_mixin.py:190} INFO - [2026-09-10T11:16:36.783+0000] {dagbag.py:588} INFO - Filling up the DagBag from /opt/airflow/dags/pipeline.py
[2026-09-10T11:16:36.821+0000] {processor.py:925} INFO - DAG(s) 'credit_risk_analysis_pipeline' retrieved from /opt/airflow/dags/pipeline.py
[2026-09-10T11:16:36.880+0000] {logging_mixin.py:190} INFO - [2026-09-10T11:16:36.879+0000] {dag.py:3239} INFO - Sync 1 DAGs
[2026-09-10T11:16:36.912+0000] {logging_mixin.py:190} INFO - [2026-09-10T11:16:36.912+0000] {dag.py:4180} INFO - Setting next_dagrun for credit_risk_analysis_pipeline to None, run_after=None
[2026-09-10T11:16:36.966+0000] {processor.py:208} INFO - Processing /opt/airflow/dags/pipeline.py took 0.202 seconds
[2026-09-10T11:17:07.308+0000] {processor.py:186} INFO - Started process (PID=206) to work on /opt/airflow/dags/pipeline.py
[2026-09-10T11:17:07.314+0000] {processor.py:914} INFO - Processing file /opt/airflow/dags/pipeline.py for tasks to queue
[2026-09-10T11:17:07.326+0000] {logging_mixin.py:190} INFO - [2026-09-10T11:17:07.326+0000] {dagbag.py:588} INFO - Filling up the DagBag from /opt/airflow/dags/pipeline.py
[2026-09-10T11:17:07.361+0000] {processor.py:925} INFO - DAG(s) 'credit_risk_analysis_pipeline' retrieved from /opt/airflow/dags/pipeline.py
[2026-09-10T11:17:07.409+0000] {logging_mixin.py:190} INFO - [2026-09-10T11:17:07.408+0000] {dag.py:3239} INFO - Sync 1 DAGs
[2026-09-10T11:17:07.439+0000] {logging_mixin.py:190} INFO - [2026-09-10T11:17:07.438+0000] {dag.py:4180} INFO - Setting next_dagrun for credit_risk_analysis_pipeline to None, run_after=None
[2026-09-10T11:17:07.487+0000] {processor.py:208} INFO - Processing /opt/airflow/dags/pipeline.py took 0.195 seconds
[2026-09-10T11:17:37.679+0000] {processor.py:186} INFO - Started process (PID=207) to work on /opt/airflow/dags/pipeline.py
[2026-09-10T11:17:37.682+0000] {processor.py:914} INFO - Processing file /opt/airflow/dags/pipeline.py for tasks to queue
[2026-09-10T11:17:37.689+0000] {logging_mixin.py:190} INFO - [2026-09-10T11:17:37.688+0000] {dagbag.py:588} INFO - Filling up the DagBag from /opt/airflow/dags/pipeline.py
[2026-09-10T11:17:37.718+0000] {processor.py:925} INFO - DAG(s) 'credit_risk_analysis_pipeline' retrieved from /opt/airflow/dags/pipeline.py
[2026-09-10T11:17:37.776+0000] {logging_mixin.py:190} INFO - [2026-09-10T11:17:37.776+0000] {dag.py:3239} INFO - Sync 1 DAGs
[2026-09-10T11:17:37.814+0000] {logging_mixin.py:190} INFO - [2026-09-10T11:17:37.814+0000] {dag.py:4180} INFO - Setting next_dagrun for credit_risk_analysis_pipeline to None, run_after=None
[2026-09-10T11:17:37.869+0000] {processor.py:208} INFO - Processing /opt/airflow/dags/pipeline.py took 0.203 seconds
[2026-09-10T11:18:08.230+0000] {processor.py:186} INFO - Started process (PID=208) to work on /opt/airflow/dags/pipeline.py
[2026-09-10T11:18:08.232+0000] {processor.py:914} INFO - Processing file /opt/airflow/dags/pipeline.py for tasks to queue
[2026-09-10T11:18:08.237+0000] {logging_mixin.py:190} INFO - [2026-09-10T11:18:08.237+0000] {dagbag.py:588} INFO - Filling up the DagBag from /opt/airflow/dags/pipeline.py
[2026-09-10T11:18:08.274+0000] {processor.py:925} INFO - DAG(s) 'credit_risk_analysis_pipeline' retrieved from /opt/airflow/dags/pipeline.py
[2026-09-10T11:18:08.328+0000] {logging_mixin.py:190} INFO - [2026-09-10T11:18:08.327+0000] {dag.py:3239} INFO - Sync 1 DAGs
[2026-09-10T11:18:08.377+0000] {logging_mixin.py:190} INFO - [2026-09-10T11:18:08.376+0000] {dag.py:4180} INFO - Setting next_dagrun for credit_risk_analysis_pipeline to None, run_after=None
[2026-09-10T11:18:08.440+0000] {processor.py:208} INFO - Processing /opt/airflow/dags/pipeline.py took 0.220 seconds
[2026-09-10T11:18:38.709+0000] {processor.py:186} INFO - Started process (PID=209) to work on /opt/airflow/dags/pipeline.py
[2026-09-10T11:18:38.712+0000] {processor.py:914} INFO - Processing file /opt/airflow/dags/pipeline.py for tasks to queue
[2026-09-10T11:18:38.719+0000] {logging_mixin.py:190} INFO - [2026-09-10T11:18:38.719+0000] {dagbag.py:588} INFO - Filling up the DagBag from /opt/airflow/dags/pipeline.py
[2026-09-10T11:18:38.754+0000] {processor.py:925} INFO - DAG(s) 'credit_risk_analysis_pipeline' retrieved from /opt/airflow/dags/pipeline.py
[2026-09-10T11:18:38.818+0000] {logging_mixin.py:190} INFO - [2026-09-10T11:18:38.817+0000] {dag.py:3239} INFO - Sync 1 DAGs
[2026-09-10T11:18:38.861+0000] {logging_mixin.py:190} INFO - [2026-09-10T11:18:38.861+0000] {dag.py:4180} INFO - Setting next_dagrun for credit_risk_analysis_pipeline to None, run_after=None
[2026-09-10T11:18:38.915+0000] {processor.py:208} INFO - Processing /opt/airflow/dags/pipeline.py took 0.220 seconds
[2026-09-10T11:19:09.321+0000] {processor.py:186} INFO - Started process (PID=210) to work on /opt/airflow/dags/pipeline.py
[2026-09-10T11:19:09.324+0000] {processor.py:914} INFO - Processing file /opt/airflow/dags/pipeline.py for tasks to queue
[2026-09-10T11:19:09.332+0000] {logging_mixin.py:190} INFO - [2026-09-10T11:19:09.332+0000] {dagbag.py:588} INFO - Filling up the DagBag from /opt/airflow/dags/pipeline.py
[2026-09-10T11:19:09.368+0000] {processor.py:925} INFO - DAG(s) 'credit_risk_analysis_pipeline' retrieved from /opt/airflow/dags/pipeline.py
[2026-09-10T11:19:09.437+0000] {logging_mixin.py:190} INFO - [2026-09-10T11:19:09.436+0000] {dag.py:3239} INFO - Sync 1 DAGs
[2026-09-10T11:19:09.469+0000] {logging_mixin.py:190} INFO - [2026-09-10T11:19:09.468+0000] {dag.py:4180} INFO - Setting next_dagrun for credit_risk_analysis_pipeline to None, run_after=None
[2026-09-10T11:19:09.519+0000] {processor.py:208} INFO - Processing /opt/airflow/dags/pipeline.py took 0.211 seconds
[2026-09-10T11:19:39.707+0000] {processor.py:186} INFO - Started process (PID=211) to work on /opt/airflow/dags/pipeline.py
[2026-09-10T11:19:39.710+0000] {processor.py:914} INFO - Processing file /opt/airflow/dags/pipeline.py for tasks to queue
[2026-09-10T11:19:39.715+0000] {logging_mixin.py:190} INFO - [2026-09-10T11:19:39.714+0000] {dagbag.py:588} INFO - Filling up the DagBag from /opt/airflow/dags/pipeline.py
[2026-09-10T11:19:39.749+0000] {processor.py:925} INFO - DAG(s) 'credit_risk_analysis_pipeline' retrieved from /opt/airflow/dags/pipeline.py
[2026-09-10T11:19:39.807+0000] {logging_mixin.py:190} INFO - [2026-09-10T11:19:39.807+0000] {dag.py:3239} INFO - Sync 1 DAGs
[2026-09-10T11:19:39.846+0000] {logging_mixin.py:190} INFO - [2026-09-10T11:19:39.846+0000] {dag.py:4180} INFO - Setting next_dagrun for credit_risk_analysis_pipeline to None, run_after=None
[2026-09-10T11:19:39.893+0000] {processor.py:208} INFO - Processing /opt/airflow/dags/pipeline.py took 0.201 seconds
[2026-09-10T11:20:10.155+0000] {processor.py:186} INFO - Started process (PID=212) to work on /opt/airflow/dags/pipeline.py
[2026-09-10T11:20:10.158+0000] {processor.py:914} INFO - Processing file /opt/airflow/dags/pipeline.py for tasks to queue
[2026-09-10T11:20:10.166+0000] {logging_mixin.py:190} INFO - [2026-09-10T11:20:10.165+0000] {dagbag.py:588} INFO - Filling up the DagBag from /opt/airflow/dags/pipeline.py
[2026-09-10T11:20:10.206+0000] {processor.py:925} INFO - DAG(s) 'credit_risk_analysis_pipeline' retrieved from /opt/airflow/dags/pipeline.py
[2026-09-10T11:20:10.284+0000] {logging_mixin.py:190} INFO - [2026-09-10T11:20:10.284+0000] {dag.py:3239} INFO - Sync 1 DAGs
[2026-09-10T11:20:10.325+0000] {logging_mixin.py:190} INFO - [2026-09-10T11:20:10.324+0000] {dag.py:4180} INFO - Setting next_dagrun for credit_risk_analysis_pipeline to None, run_after=None
[2026-09-10T11:20:10.387+0000] {processor.py:208} INFO - Processing /opt/airflow/dags/pipeline.py took 0.252 seconds
[2026-09-10T11:20:40.658+0000] {processor.py:186} INFO - Started process (PID=213) to work on /opt/airflow/dags/pipeline.py
[2026-09-10T11:20:40.660+0000] {processor.py:914} INFO - Processing file /opt/airflow/dags/pipeline.py for tasks to queue
[2026-09-10T11:20:40.667+0000] {logging_mixin.py:190} INFO - [2026-09-10T11:20:40.666+0000] {dagbag.py:588} INFO - Filling up the DagBag from /opt/airflow/dags/pipeline.py
[2026-09-10T11:20:40.743+0000] {processor.py:925} INFO - DAG(s) 'credit_risk_analysis_pipeline' retrieved from /opt/airflow/dags/pipeline.py
[2026-09-10T11:20:40.821+0000] {logging_mixin.py:190} INFO - [2026-09-10T11:20:40.821+0000] {dag.py:3239} INFO - Sync 1 DAGs
[2026-09-10T11:20:40.853+0000] {logging_mixin.py:190} INFO - [2026-09-10T11:20:40.853+0000] {dag.py:4180} INFO - Setting next_dagrun for credit_risk_analysis_pipeline to None, run_after=None
[2026-09-10T11:20:40.912+0000] {processor.py:208} INFO - Processing /opt/airflow/dags/pipeline.py took 0.267 seconds
[2026-09-10T11:21:11.133+0000] {processor.py:186} INFO - Started process (PID=214) to work on /opt/airflow/dags/pipeline.py
[2026-09-10T11:21:11.136+0000] {processor.py:914} INFO - Processing file /opt/airflow/dags/pipeline.py for tasks to queue
[2026-09-10T11:21:11.142+0000] {logging_mixin.py:190} INFO - [2026-09-10T11:21:11.141+0000] {dagbag.py:588} INFO - Filling up the DagBag from /opt/airflow/dags/pipeline.py
[2026-09-10T11:21:11.173+0000] {processor.py:925} INFO - DAG(s) 'credit_risk_analysis_pipeline' retrieved from /opt/airflow/dags/pipeline.py
[2026-09-10T11:21:11.241+0000] {logging_mixin.py:190} INFO - [2026-09-10T11:21:11.240+0000] {dag.py:3239} INFO - Sync 1 DAGs
[2026-09-10T11:21:11.280+0000] {logging_mixin.py:190} INFO - [2026-09-10T11:21:11.280+0000] {dag.py:4180} INFO - Setting next_dagrun for credit_risk_analysis_pipeline to None, run_after=None
[2026-09-10T11:21:11.328+0000] {processor.py:208} INFO - Processing /opt/airflow/dags/pipeline.py took 0.207 seconds
[2026-09-10T11:21:41.678+0000] {processor.py:186} INFO - Started process (PID=215) to work on /opt/airflow/dags/pipeline.py
[2026-09-10T11:21:41.681+0000] {processor.py:914} INFO - Processing file /opt/airflow/dags/pipeline.py for tasks to queue
[2026-09-10T11:21:41.688+0000] {logging_mixin.py:190} INFO - [2026-09-10T11:21:41.687+0000] {dagbag.py:588} INFO - Filling up the DagBag from /opt/airflow/dags/pipeline.py
[2026-09-10T11:21:41.725+0000] {processor.py:925} INFO - DAG(s) 'credit_risk_analysis_pipeline' retrieved from /opt/airflow/dags/pipeline.py
[2026-09-10T11:21:41.782+0000] {logging_mixin.py:190} INFO - [2026-09-10T11:21:41.782+0000] {dag.py:3239} INFO - Sync 1 DAGs
[2026-09-10T11:21:41.820+0000] {logging_mixin.py:190} INFO - [2026-09-10T11:21:41.819+0000] {dag.py:4180} INFO - Setting next_dagrun for credit_risk_analysis_pipeline to None, run_after=None
[2026-09-10T11:21:41.863+0000] {processor.py:208} INFO - Processing /opt/airflow/dags/pipeline.py took 0.205 seconds
[2026-09-10T11:22:12.090+0000] {processor.py:186} INFO - Started process (PID=216) to work on /opt/airflow/dags/pipeline.py
[2026-09-10T11:22:12.093+0000] {processor.py:914} INFO - Processing file /opt/airflow/dags/pipeline.py for tasks to queue
[2026-09-10T11:22:12.100+0000] {logging_mixin.py:190} INFO - [2026-09-10T11:22:12.100+0000] {dagbag.py:588} INFO - Filling up the DagBag from /opt/airflow/dags/pipeline.py
[2026-09-10T11:22:12.132+0000] {processor.py:925} INFO - DAG(s) 'credit_risk_analysis_pipeline' retrieved from /opt/airflow/dags/pipeline.py
[2026-09-10T11:22:12.190+0000] {logging_mixin.py:190} INFO - [2026-09-10T11:22:12.190+0000] {dag.py:3239} INFO - Sync 1 DAGs
[2026-09-10T11:22:12.226+0000] {logging_mixin.py:190} INFO - [2026-09-10T11:22:12.225+0000] {dag.py:4180} INFO - Setting next_dagrun for credit_risk_analysis_pipeline to None, run_after=None
[2026-09-10T11:22:12.283+0000] {processor.py:208} INFO - Processing /opt/airflow/dags/pipeline.py took 0.206 seconds
[2026-09-10T11:22:42.596+0000] {processor.py:186} INFO - Started process (PID=217) to work on /opt/airflow/dags/pipeline.py
[2026-09-10T11:22:42.600+0000] {processor.py:914} INFO - Processing file /opt/airflow/dags/pipeline.py for tasks to queue
[2026-09-10T11:22:42.609+0000] {logging_mixin.py:190} INFO - [2026-09-10T11:22:42.608+0000] {dagbag.py:588} INFO - Filling up the DagBag from /opt/airflow/dags/pipeline.py
[2026-09-10T11:22:42.647+0000] {processor.py:925} INFO - DAG(s) 'credit_risk_analysis_pipeline' retrieved from /opt/airflow/dags/pipeline.py
[2026-09-10T11:22:42.710+0000] {logging_mixin.py:190} INFO - [2026-09-10T11:22:42.710+0000] {dag.py:3239} INFO - Sync 1 DAGs
[2026-09-10T11:22:42.746+0000] {logging_mixin.py:190} INFO - [2026-09-10T11:22:42.746+0000] {dag.py:4180} INFO - Setting next_dagrun for credit_risk_analysis_pipeline to None, run_after=None
[2026-09-10T11:22:42.791+0000] {processor.py:208} INFO - Processing /opt/airflow/dags/pipeline.py took 0.210 seconds
[2026-09-10T11:23:12.994+0000] {processor.py:186} INFO - Started process (PID=218) to work on /opt/airflow/dags/pipeline.py
[2026-09-10T11:23:12.997+0000] {processor.py:914} INFO - Processing file /opt/airflow/dags/pipeline.py for tasks to queue
[2026-09-10T11:23:13.003+0000] {logging_mixin.py:190} INFO - [2026-09-10T11:23:13.003+0000] {dagbag.py:588} INFO - Filling up the DagBag from /opt/airflow/dags/pipeline.py
[2026-09-10T11:23:13.033+0000] {processor.py:925} INFO - DAG(s) 'credit_risk_analysis_pipeline' retrieved from /opt/airflow/dags/pipeline.py
[2026-09-10T11:23:13.096+0000] {logging_mixin.py:190} INFO - [2026-09-10T11:23:13.095+0000] {dag.py:3239} INFO - Sync 1 DAGs
[2026-09-10T11:23:13.128+0000] {logging_mixin.py:190} INFO - [2026-09-10T11:23:13.128+0000] {dag.py:4180} INFO - Setting next_dagrun for credit_risk_analysis_pipeline to None, run_after=None
[2026-09-10T11:23:13.184+0000] {processor.py:208} INFO - Processing /opt/airflow/dags/pipeline.py took 0.203 seconds
[2026-09-10T11:23:43.669+0000] {processor.py:186} INFO - Started process (PID=219) to work on /opt/airflow/dags/pipeline.py
[2026-09-10T11:23:43.673+0000] {processor.py:914} INFO - Processing file /opt/airflow/dags/pipeline.py for tasks to queue
[2026-09-10T11:23:43.679+0000] {logging_mixin.py:190} INFO - [2026-09-10T11:23:43.679+0000] {dagbag.py:588} INFO - Filling up the DagBag from /opt/airflow/dags/pipeline.py
[2026-09-10T11:23:43.707+0000] {processor.py:925} INFO - DAG(s) 'credit_risk_analysis_pipeline' retrieved from /opt/airflow/dags/pipeline.py
[2026-09-10T11:23:43.770+0000] {logging_mixin.py:190} INFO - [2026-09-10T11:23:43.769+0000] {dag.py:3239} INFO - Sync 1 DAGs
[2026-09-10T11:23:43.806+0000] {logging_mixin.py:190} INFO - [2026-09-10T11:23:43.806+0000] {dag.py:4180} INFO - Setting next_dagrun for credit_risk_analysis_pipeline to None, run_after=None
[2026-09-10T11:23:43.863+0000] {processor.py:208} INFO - Processing /opt/airflow/dags/pipeline.py took 0.207 seconds
[2026-09-10T11:24:14.062+0000] {processor.py:186} INFO - Started process (PID=220) to work on /opt/airflow/dags/pipeline.py
[2026-09-10T11:24:14.065+0000] {processor.py:914} INFO - Processing file /opt/airflow/dags/pipeline.py for tasks to queue
[2026-09-10T11:24:14.070+0000] {logging_mixin.py:190} INFO - [2026-09-10T11:24:14.070+0000] {dagbag.py:588} INFO - Filling up the DagBag from /opt/airflow/dags/pipeline.py
[2026-09-10T11:24:14.100+0000] {processor.py:925} INFO - DAG(s) 'credit_risk_analysis_pipeline' retrieved from /opt/airflow/dags/pipeline.py
[2026-09-10T11:24:14.162+0000] {logging_mixin.py:190} INFO - [2026-09-10T11:24:14.161+0000] {dag.py:3239} INFO - Sync 1 DAGs
[2026-09-10T11:24:14.199+0000] {logging_mixin.py:190} INFO - [2026-09-10T11:24:14.198+0000] {dag.py:4180} INFO - Setting next_dagrun for credit_risk_analysis_pipeline to None, run_after=None
[2026-09-10T11:24:14.242+0000] {processor.py:208} INFO - Processing /opt/airflow/dags/pipeline.py took 0.194 seconds
[2026-09-10T11:24:44.650+0000] {processor.py:186} INFO - Started process (PID=221) to work on /opt/airflow/dags/pipeline.py
[2026-09-10T11:24:44.653+0000] {processor.py:914} INFO - Processing file /opt/airflow/dags/pipeline.py for tasks to queue
[2026-09-10T11:24:44.659+0000] {logging_mixin.py:190} INFO - [2026-09-10T11:24:44.658+0000] {dagbag.py:588} INFO - Filling up the DagBag from /opt/airflow/dags/pipeline.py
[2026-09-10T11:24:44.694+0000] {processor.py:925} INFO - DAG(s) 'credit_risk_analysis_pipeline' retrieved from /opt/airflow/dags/pipeline.py
[2026-09-10T11:24:44.755+0000] {logging_mixin.py:190} INFO - [2026-09-10T11:24:44.755+0000] {dag.py:3239} INFO - Sync 1 DAGs
[2026-09-10T11:24:44.789+0000] {logging_mixin.py:190} INFO - [2026-09-10T11:24:44.788+0000] {dag.py:4180} INFO - Setting next_dagrun for credit_risk_analysis_pipeline to None, run_after=None
[2026-09-10T11:24:44.843+0000] {processor.py:208} INFO - Processing /opt/airflow/dags/pipeline.py took 0.206 seconds
[2026-09-10T11:25:15.014+0000] {processor.py:186} INFO - Started process (PID=222) to work on /opt/airflow/dags/pipeline.py
[2026-09-10T11:25:15.016+0000] {processor.py:914} INFO - Processing file /opt/airflow/dags/pipeline.py for tasks to queue
[2026-09-10T11:25:15.022+0000] {logging_mixin.py:190} INFO - [2026-09-10T11:25:15.021+0000] {dagbag.py:588} INFO - Filling up the DagBag from /opt/airflow/dags/pipeline.py
[2026-09-10T11:25:15.054+0000] {processor.py:925} INFO - DAG(s) 'credit_risk_analysis_pipeline' retrieved from /opt/airflow/dags/pipeline.py
[2026-09-10T11:25:15.115+0000] {logging_mixin.py:190} INFO - [2026-09-10T11:25:15.114+0000] {dag.py:3239} INFO - Sync 1 DAGs
[2026-09-10T11:25:15.154+0000] {logging_mixin.py:190} INFO - [2026-09-10T11:25:15.154+0000] {dag.py:4180} INFO - Setting next_dagrun for credit_risk_analysis_pipeline to None, run_after=None
[2026-09-10T11:25:15.209+0000] {processor.py:208} INFO - Processing /opt/airflow/dags/pipeline.py took 0.207 seconds
[2026-09-10T11:25:45.574+0000] {processor.py:186} INFO - Started process (PID=223) to work on /opt/airflow/dags/pipeline.py
[2026-09-10T11:25:45.576+0000] {processor.py:914} INFO - Processing file /opt/airflow/dags/pipeline.py for tasks to queue
[2026-09-10T11:25:45.581+0000] {logging_mixin.py:190} INFO - [2026-09-10T11:25:45.580+0000] {dagbag.py:588} INFO - Filling up the DagBag from /opt/airflow/dags/pipeline.py
[2026-09-10T11:25:45.612+0000] {processor.py:925} INFO - DAG(s) 'credit_risk_analysis_pipeline' retrieved from /opt/airflow/dags/pipeline.py
[2026-09-10T11:25:45.667+0000] {logging_mixin.py:190} INFO - [2026-09-10T11:25:45.666+0000] {dag.py:3239} INFO - Sync 1 DAGs
[2026-09-10T11:25:45.704+0000] {logging_mixin.py:190} INFO - [2026-09-10T11:25:45.703+0000] {dag.py:4180} INFO - Setting next_dagrun for credit_risk_analysis_pipeline to None, run_after=None
[2026-09-10T11:25:45.753+0000] {processor.py:208} INFO - Processing /opt/airflow/dags/pipeline.py took 0.195 seconds
[2026-09-10T11:26:15.960+0000] {processor.py:186} INFO - Started process (PID=224) to work on /opt/airflow/dags/pipeline.py
[2026-09-10T11:26:15.963+0000] {processor.py:914} INFO - Processing file /opt/airflow/dags/pipeline.py for tasks to queue
[2026-09-10T11:26:15.970+0000] {logging_mixin.py:190} INFO - [2026-09-10T11:26:15.970+0000] {dagbag.py:588} INFO - Filling up the DagBag from /opt/airflow/dags/pipeline.py
[2026-09-10T11:26:16.004+0000] {processor.py:925} INFO - DAG(s) 'credit_risk_analysis_pipeline' retrieved from /opt/airflow/dags/pipeline.py
[2026-09-10T11:26:16.070+0000] {logging_mixin.py:190} INFO - [2026-09-10T11:26:16.069+0000] {dag.py:3239} INFO - Sync 1 DAGs
[2026-09-10T11:26:16.105+0000] {logging_mixin.py:190} INFO - [2026-09-10T11:26:16.105+0000] {dag.py:4180} INFO - Setting next_dagrun for credit_risk_analysis_pipeline to None, run_after=None
[2026-09-10T11:26:16.163+0000] {processor.py:208} INFO - Processing /opt/airflow/dags/pipeline.py took 0.215 seconds
[2026-09-10T11:26:46.504+0000] {processor.py:186} INFO - Started process (PID=225) to work on /opt/airflow/dags/pipeline.py
[2026-09-10T11:26:46.507+0000] {processor.py:914} INFO - Processing file /opt/airflow/dags/pipeline.py for tasks to queue
[2026-09-10T11:26:46.514+0000] {logging_mixin.py:190} INFO - [2026-09-10T11:26:46.513+0000] {dagbag.py:588} INFO - Filling up the DagBag from /opt/airflow/dags/pipeline.py
[2026-09-10T11:26:46.546+0000] {processor.py:925} INFO - DAG(s) 'credit_risk_analysis_pipeline' retrieved from /opt/airflow/dags/pipeline.py
[2026-09-10T11:26:46.602+0000] {logging_mixin.py:190} INFO - [2026-09-10T11:26:46.602+0000] {dag.py:3239} INFO - Sync 1 DAGs
[2026-09-10T11:26:46.633+0000] {logging_mixin.py:190} INFO - [2026-09-10T11:26:46.633+0000] {dag.py:4180} INFO - Setting next_dagrun for credit_risk_analysis_pipeline to None, run_after=None
[2026-09-10T11:26:46.680+0000] {processor.py:208} INFO - Processing /opt/airflow/dags/pipeline.py took 0.192 seconds
[2026-09-10T11:27:16.921+0000] {processor.py:186} INFO - Started process (PID=226) to work on /opt/airflow/dags/pipeline.py
[2026-09-10T11:27:16.925+0000] {processor.py:914} INFO - Processing file /opt/airflow/dags/pipeline.py for tasks to queue
[2026-09-10T11:27:16.932+0000] {logging_mixin.py:190} INFO - [2026-09-10T11:27:16.931+0000] {dagbag.py:588} INFO - Filling up the DagBag from /opt/airflow/dags/pipeline.py
[2026-09-10T11:27:16.974+0000] {processor.py:925} INFO - DAG(s) 'credit_risk_analysis_pipeline' retrieved from /opt/airflow/dags/pipeline.py
[2026-09-10T11:27:17.031+0000] {logging_mixin.py:190} INFO - [2026-09-10T11:27:17.030+0000] {dag.py:3239} INFO - Sync 1 DAGs
[2026-09-10T11:27:17.069+0000] {logging_mixin.py:190} INFO - [2026-09-10T11:27:17.069+0000] {dag.py:4180} INFO - Setting next_dagrun for credit_risk_analysis_pipeline to None, run_after=None
[2026-09-10T11:27:17.127+0000] {processor.py:208} INFO - Processing /opt/airflow/dags/pipeline.py took 0.218 seconds
[2026-09-10T11:27:47.480+0000] {processor.py:186} INFO - Started process (PID=227) to work on /opt/airflow/dags/pipeline.py
[2026-09-10T11:27:47.485+0000] {processor.py:914} INFO - Processing file /opt/airflow/dags/pipeline.py for tasks to queue
[2026-09-10T11:27:47.492+0000] {logging_mixin.py:190} INFO - [2026-09-10T11:27:47.491+0000] {dagbag.py:588} INFO - Filling up the DagBag from /opt/airflow/dags/pipeline.py
[2026-09-10T11:27:47.524+0000] {processor.py:925} INFO - DAG(s) 'credit_risk_analysis_pipeline' retrieved from /opt/airflow/dags/pipeline.py
[2026-09-10T11:27:47.580+0000] {logging_mixin.py:190} INFO - [2026-09-10T11:27:47.580+0000] {dag.py:3239} INFO - Sync 1 DAGs
[2026-09-10T11:27:47.615+0000] {logging_mixin.py:190} INFO - [2026-09-10T11:27:47.615+0000] {dag.py:4180} INFO - Setting next_dagrun for credit_risk_analysis_pipeline to None, run_after=None
[2026-09-10T11:27:47.670+0000] {processor.py:208} INFO - Processing /opt/airflow/dags/pipeline.py took 0.204 seconds
[2026-09-10T11:28:17.882+0000] {processor.py:186} INFO - Started process (PID=228) to work on /opt/airflow/dags/pipeline.py
[2026-09-10T11:28:17.885+0000] {processor.py:914} INFO - Processing file /opt/airflow/dags/pipeline.py for tasks to queue
[2026-09-10T11:28:17.890+0000] {logging_mixin.py:190} INFO - [2026-09-10T11:28:17.890+0000] {dagbag.py:588} INFO - Filling up the DagBag from /opt/airflow/dags/pipeline.py
[2026-09-10T11:28:17.921+0000] {processor.py:925} INFO - DAG(s) 'credit_risk_analysis_pipeline' retrieved from /opt/airflow/dags/pipeline.py
[2026-09-10T11:28:17.974+0000] {logging_mixin.py:190} INFO - [2026-09-10T11:28:17.974+0000] {dag.py:3239} INFO - Sync 1 DAGs
[2026-09-10T11:28:18.008+0000] {logging_mixin.py:190} INFO - [2026-09-10T11:28:18.008+0000] {dag.py:4180} INFO - Setting next_dagrun for credit_risk_analysis_pipeline to None, run_after=None
[2026-09-10T11:28:18.061+0000] {processor.py:208} INFO - Processing /opt/airflow/dags/pipeline.py took 0.192 seconds
[2026-09-10T11:28:48.401+0000] {processor.py:186} INFO - Started process (PID=229) to work on /opt/airflow/dags/pipeline.py
[2026-09-10T11:28:48.404+0000] {processor.py:914} INFO - Processing file /opt/airflow/dags/pipeline.py for tasks to queue
[2026-09-10T11:28:48.409+0000] {logging_mixin.py:190} INFO - [2026-09-10T11:28:48.408+0000] {dagbag.py:588} INFO - Filling up the DagBag from /opt/airflow/dags/pipeline.py
[2026-09-10T11:28:48.441+0000] {processor.py:925} INFO - DAG(s) 'credit_risk_analysis_pipeline' retrieved from /opt/airflow/dags/pipeline.py
[2026-09-10T11:28:48.495+0000] {logging_mixin.py:190} INFO - [2026-09-10T11:28:48.494+0000] {dag.py:3239} INFO - Sync 1 DAGs
[2026-09-10T11:28:48.528+0000] {logging_mixin.py:190} INFO - [2026-09-10T11:28:48.527+0000] {dag.py:4180} INFO - Setting next_dagrun for credit_risk_analysis_pipeline to None, run_after=None
[2026-09-10T11:28:48.582+0000] {processor.py:208} INFO - Processing /opt/airflow/dags/pipeline.py took 0.195 seconds
[2026-09-10T11:29:18.787+0000] {processor.py:186} INFO - Started process (PID=230) to work on /opt/airflow/dags/pipeline.py
[2026-09-10T11:29:18.790+0000] {processor.py:914} INFO - Processing file /opt/airflow/dags/pipeline.py for tasks to queue
[2026-09-10T11:29:18.797+0000] {logging_mixin.py:190} INFO - [2026-09-10T11:29:18.796+0000] {dagbag.py:588} INFO - Filling up the DagBag from /opt/airflow/dags/pipeline.py
[2026-09-10T11:29:18.832+0000] {processor.py:925} INFO - DAG(s) 'credit_risk_analysis_pipeline' retrieved from /opt/airflow/dags/pipeline.py
[2026-09-10T11:29:18.894+0000] {logging_mixin.py:190} INFO - [2026-09-10T11:29:18.894+0000] {dag.py:3239} INFO - Sync 1 DAGs
[2026-09-10T11:29:18.933+0000] {logging_mixin.py:190} INFO - [2026-09-10T11:29:18.933+0000] {dag.py:4180} INFO - Setting next_dagrun for credit_risk_analysis_pipeline to None, run_after=None
[2026-09-10T11:29:18.987+0000] {processor.py:208} INFO - Processing /opt/airflow/dags/pipeline.py took 0.224 seconds
[2026-09-10T11:29:49.497+0000] {processor.py:186} INFO - Started process (PID=231) to work on /opt/airflow/dags/pipeline.py
[2026-09-10T11:29:49.499+0000] {processor.py:914} INFO - Processing file /opt/airflow/dags/pipeline.py for tasks to queue
[2026-09-10T11:29:49.505+0000] {logging_mixin.py:190} INFO - [2026-09-10T11:29:49.504+0000] {dagbag.py:588} INFO - Filling up the DagBag from /opt/airflow/dags/pipeline.py
[2026-09-10T11:29:49.541+0000] {processor.py:925} INFO - DAG(s) 'credit_risk_analysis_pipeline' retrieved from /opt/airflow/dags/pipeline.py
[2026-09-10T11:29:49.611+0000] {logging_mixin.py:190} INFO - [2026-09-10T11:29:49.611+0000] {dag.py:3239} INFO - Sync 1 DAGs
[2026-09-10T11:29:49.645+0000] {logging_mixin.py:190} INFO - [2026-09-10T11:29:49.644+0000] {dag.py:4180} INFO - Setting next_dagrun for credit_risk_analysis_pipeline to None, run_after=None
[2026-09-10T11:29:49.695+0000] {processor.py:208} INFO - Processing /opt/airflow/dags/pipeline.py took 0.211 seconds
[2026-09-10T14:18:32.720+0000] {processor.py:186} INFO - Started process (PID=41) to work on /opt/airflow/dags/pipeline.py
[2026-09-10T14:18:32.724+0000] {processor.py:914} INFO - Processing file /opt/airflow/dags/pipeline.py for tasks to queue
[2026-09-10T14:18:32.732+0000] {logging_mixin.py:190} INFO - [2026-09-10T14:18:32.730+0000] {dagbag.py:588} INFO - Filling up the DagBag from /opt/airflow/dags/pipeline.py
[2026-09-10T14:18:32.796+0000] {processor.py:925} INFO - DAG(s) 'credit_risk_analysis_pipeline' retrieved from /opt/airflow/dags/pipeline.py
[2026-09-10T14:18:33.027+0000] {logging_mixin.py:190} INFO - [2026-09-10T14:18:33.026+0000] {dag.py:3239} INFO - Sync 1 DAGs
[2026-09-10T14:18:33.073+0000] {logging_mixin.py:190} INFO - [2026-09-10T14:18:33.072+0000] {dag.py:4180} INFO - Setting next_dagrun for credit_risk_analysis_pipeline to None, run_after=None
[2026-09-10T14:18:33.144+0000] {processor.py:208} INFO - Processing /opt/airflow/dags/pipeline.py took 0.439 seconds
[2026-09-10T14:19:03.534+0000] {processor.py:186} INFO - Started process (PID=42) to work on /opt/airflow/dags/pipeline.py
[2026-09-10T14:19:03.537+0000] {processor.py:914} INFO - Processing file /opt/airflow/dags/pipeline.py for tasks to queue
[2026-09-10T14:19:03.544+0000] {logging_mixin.py:190} INFO - [2026-09-10T14:19:03.543+0000] {dagbag.py:588} INFO - Filling up the DagBag from /opt/airflow/dags/pipeline.py
[2026-09-10T14:19:03.578+0000] {processor.py:925} INFO - DAG(s) 'credit_risk_analysis_pipeline' retrieved from /opt/airflow/dags/pipeline.py
[2026-09-10T14:19:03.641+0000] {logging_mixin.py:190} INFO - [2026-09-10T14:19:03.641+0000] {dag.py:3239} INFO - Sync 1 DAGs
[2026-09-10T14:19:03.678+0000] {logging_mixin.py:190} INFO - [2026-09-10T14:19:03.678+0000] {dag.py:4180} INFO - Setting next_dagrun for credit_risk_analysis_pipeline to None, run_after=None
[2026-09-10T14:19:03.731+0000] {processor.py:208} INFO - Processing /opt/airflow/dags/pipeline.py took 0.210 seconds
[2026-09-10T14:19:33.869+0000] {processor.py:186} INFO - Started process (PID=43) to work on /opt/airflow/dags/pipeline.py
[2026-09-10T14:19:33.871+0000] {processor.py:914} INFO - Processing file /opt/airflow/dags/pipeline.py for tasks to queue
[2026-09-10T14:19:33.877+0000] {logging_mixin.py:190} INFO - [2026-09-10T14:19:33.876+0000] {dagbag.py:588} INFO - Filling up the DagBag from /opt/airflow/dags/pipeline.py
[2026-09-10T14:19:33.906+0000] {processor.py:925} INFO - DAG(s) 'credit_risk_analysis_pipeline' retrieved from /opt/airflow/dags/pipeline.py
[2026-09-10T14:19:33.961+0000] {logging_mixin.py:190} INFO - [2026-09-10T14:19:33.960+0000] {dag.py:3239} INFO - Sync 1 DAGs
[2026-09-10T14:19:33.991+0000] {logging_mixin.py:190} INFO - [2026-09-10T14:19:33.991+0000] {dag.py:4180} INFO - Setting next_dagrun for credit_risk_analysis_pipeline to None, run_after=None
[2026-09-10T14:19:34.030+0000] {processor.py:208} INFO - Processing /opt/airflow/dags/pipeline.py took 0.172 seconds
[2026-09-10T14:20:04.454+0000] {processor.py:186} INFO - Started process (PID=44) to work on /opt/airflow/dags/pipeline.py
[2026-09-10T14:20:04.457+0000] {processor.py:914} INFO - Processing file /opt/airflow/dags/pipeline.py for tasks to queue
[2026-09-10T14:20:04.463+0000] {logging_mixin.py:190} INFO - [2026-09-10T14:20:04.462+0000] {dagbag.py:588} INFO - Filling up the DagBag from /opt/airflow/dags/pipeline.py
[2026-09-10T14:20:04.502+0000] {processor.py:925} INFO - DAG(s) 'credit_risk_analysis_pipeline' retrieved from /opt/airflow/dags/pipeline.py
[2026-09-10T14:20:04.584+0000] {logging_mixin.py:190} INFO - [2026-09-10T14:20:04.583+0000] {dag.py:3239} INFO - Sync 1 DAGs
[2026-09-10T14:20:04.628+0000] {logging_mixin.py:190} INFO - [2026-09-10T14:20:04.628+0000] {dag.py:4180} INFO - Setting next_dagrun for credit_risk_analysis_pipeline to None, run_after=None
[2026-09-10T14:20:04.698+0000] {processor.py:208} INFO - Processing /opt/airflow/dags/pipeline.py took 0.254 seconds
[2026-09-10T14:20:34.849+0000] {processor.py:186} INFO - Started process (PID=45) to work on /opt/airflow/dags/pipeline.py
[2026-09-10T14:20:34.852+0000] {processor.py:914} INFO - Processing file /opt/airflow/dags/pipeline.py for tasks to queue
[2026-09-10T14:20:34.862+0000] {logging_mixin.py:190} INFO - [2026-09-10T14:20:34.861+0000] {dagbag.py:588} INFO - Filling up the DagBag from /opt/airflow/dags/pipeline.py
[2026-09-10T14:20:34.902+0000] {processor.py:925} INFO - DAG(s) 'credit_risk_analysis_pipeline' retrieved from /opt/airflow/dags/pipeline.py
[2026-09-10T14:20:34.971+0000] {logging_mixin.py:190} INFO - [2026-09-10T14:20:34.971+0000] {dag.py:3239} INFO - Sync 1 DAGs
[2026-09-10T14:20:35.007+0000] {logging_mixin.py:190} INFO - [2026-09-10T14:20:35.007+0000] {dag.py:4180} INFO - Setting next_dagrun for credit_risk_analysis_pipeline to None, run_after=None
[2026-09-10T14:20:35.069+0000] {processor.py:208} INFO - Processing /opt/airflow/dags/pipeline.py took 0.241 seconds
[2026-09-10T14:21:05.444+0000] {processor.py:186} INFO - Started process (PID=46) to work on /opt/airflow/dags/pipeline.py
[2026-09-10T14:21:05.446+0000] {processor.py:914} INFO - Processing file /opt/airflow/dags/pipeline.py for tasks to queue
[2026-09-10T14:21:05.452+0000] {logging_mixin.py:190} INFO - [2026-09-10T14:21:05.451+0000] {dagbag.py:588} INFO - Filling up the DagBag from /opt/airflow/dags/pipeline.py
[2026-09-10T14:21:05.486+0000] {processor.py:925} INFO - DAG(s) 'credit_risk_analysis_pipeline' retrieved from /opt/airflow/dags/pipeline.py
[2026-09-10T14:21:05.543+0000] {logging_mixin.py:190} INFO - [2026-09-10T14:21:05.542+0000] {dag.py:3239} INFO - Sync 1 DAGs
[2026-09-10T14:21:05.576+0000] {logging_mixin.py:190} INFO - [2026-09-10T14:21:05.575+0000] {dag.py:4180} INFO - Setting next_dagrun for credit_risk_analysis_pipeline to None, run_after=None
[2026-09-10T14:21:05.619+0000] {processor.py:208} INFO - Processing /opt/airflow/dags/pipeline.py took 0.188 seconds
[2026-09-10T14:21:35.891+0000] {processor.py:186} INFO - Started process (PID=47) to work on /opt/airflow/dags/pipeline.py
[2026-09-10T14:21:35.895+0000] {processor.py:914} INFO - Processing file /opt/airflow/dags/pipeline.py for tasks to queue
[2026-09-10T14:21:35.911+0000] {logging_mixin.py:190} INFO - [2026-09-10T14:21:35.908+0000] {dagbag.py:588} INFO - Filling up the DagBag from /opt/airflow/dags/pipeline.py
[2026-09-10T14:21:35.956+0000] {processor.py:925} INFO - DAG(s) 'credit_risk_analysis_pipeline' retrieved from /opt/airflow/dags/pipeline.py
[2026-09-10T14:21:36.024+0000] {logging_mixin.py:190} INFO - [2026-09-10T14:21:36.023+0000] {dag.py:3239} INFO - Sync 1 DAGs
[2026-09-10T14:21:36.057+0000] {logging_mixin.py:190} INFO - [2026-09-10T14:21:36.057+0000] {dag.py:4180} INFO - Setting next_dagrun for credit_risk_analysis_pipeline to None, run_after=None
[2026-09-10T14:21:36.108+0000] {processor.py:208} INFO - Processing /opt/airflow/dags/pipeline.py took 0.257 seconds
[2026-09-10T14:22:06.366+0000] {processor.py:186} INFO - Started process (PID=48) to work on /opt/airflow/dags/pipeline.py
[2026-09-10T14:22:06.369+0000] {processor.py:914} INFO - Processing file /opt/airflow/dags/pipeline.py for tasks to queue
[2026-09-10T14:22:06.374+0000] {logging_mixin.py:190} INFO - [2026-09-10T14:22:06.373+0000] {dagbag.py:588} INFO - Filling up the DagBag from /opt/airflow/dags/pipeline.py
[2026-09-10T14:22:06.411+0000] {processor.py:925} INFO - DAG(s) 'credit_risk_analysis_pipeline' retrieved from /opt/airflow/dags/pipeline.py
[2026-09-10T14:22:06.468+0000] {logging_mixin.py:190} INFO - [2026-09-10T14:22:06.467+0000] {dag.py:3239} INFO - Sync 1 DAGs
[2026-09-10T14:22:06.499+0000] {logging_mixin.py:190} INFO - [2026-09-10T14:22:06.499+0000] {dag.py:4180} INFO - Setting next_dagrun for credit_risk_analysis_pipeline to None, run_after=None
[2026-09-10T14:22:06.543+0000] {processor.py:208} INFO - Processing /opt/airflow/dags/pipeline.py took 0.194 seconds
[2026-09-10T14:22:36.880+0000] {processor.py:186} INFO - Started process (PID=49) to work on /opt/airflow/dags/pipeline.py
[2026-09-10T14:22:36.883+0000] {processor.py:914} INFO - Processing file /opt/airflow/dags/pipeline.py for tasks to queue
[2026-09-10T14:22:36.889+0000] {logging_mixin.py:190} INFO - [2026-09-10T14:22:36.888+0000] {dagbag.py:588} INFO - Filling up the DagBag from /opt/airflow/dags/pipeline.py
[2026-09-10T14:22:36.930+0000] {processor.py:925} INFO - DAG(s) 'credit_risk_analysis_pipeline' retrieved from /opt/airflow/dags/pipeline.py
[2026-09-10T14:22:37.016+0000] {logging_mixin.py:190} INFO - [2026-09-10T14:22:37.016+0000] {dag.py:3239} INFO - Sync 1 DAGs
[2026-09-10T14:22:37.056+0000] {logging_mixin.py:190} INFO - [2026-09-10T14:22:37.055+0000] {dag.py:4180} INFO - Setting next_dagrun for credit_risk_analysis_pipeline to None, run_after=None
[2026-09-10T14:22:37.109+0000] {processor.py:208} INFO - Processing /opt/airflow/dags/pipeline.py took 0.241 seconds
[2026-09-10T14:23:07.335+0000] {processor.py:186} INFO - Started process (PID=50) to work on /opt/airflow/dags/pipeline.py
[2026-09-10T14:23:07.337+0000] {processor.py:914} INFO - Processing file /opt/airflow/dags/pipeline.py for tasks to queue
[2026-09-10T14:23:07.344+0000] {logging_mixin.py:190} INFO - [2026-09-10T14:23:07.343+0000] {dagbag.py:588} INFO - Filling up the DagBag from /opt/airflow/dags/pipeline.py
[2026-09-10T14:23:07.380+0000] {processor.py:925} INFO - DAG(s) 'credit_risk_analysis_pipeline' retrieved from /opt/airflow/dags/pipeline.py
[2026-09-10T14:23:07.451+0000] {logging_mixin.py:190} INFO - [2026-09-10T14:23:07.450+0000] {dag.py:3239} INFO - Sync 1 DAGs
[2026-09-10T14:23:07.486+0000] {logging_mixin.py:190} INFO - [2026-09-10T14:23:07.486+0000] {dag.py:4180} INFO - Setting next_dagrun for credit_risk_analysis_pipeline to None, run_after=None
[2026-09-10T14:23:07.532+0000] {processor.py:208} INFO - Processing /opt/airflow/dags/pipeline.py took 0.208 seconds
[2026-09-10T14:23:37.950+0000] {processor.py:186} INFO - Started process (PID=51) to work on /opt/airflow/dags/pipeline.py
[2026-09-10T14:23:37.953+0000] {processor.py:914} INFO - Processing file /opt/airflow/dags/pipeline.py for tasks to queue
[2026-09-10T14:23:37.960+0000] {logging_mixin.py:190} INFO - [2026-09-10T14:23:37.960+0000] {dagbag.py:588} INFO - Filling up the DagBag from /opt/airflow/dags/pipeline.py
[2026-09-10T14:23:37.996+0000] {processor.py:925} INFO - DAG(s) 'credit_risk_analysis_pipeline' retrieved from /opt/airflow/dags/pipeline.py
[2026-09-10T14:23:38.055+0000] {logging_mixin.py:190} INFO - [2026-09-10T14:23:38.054+0000] {dag.py:3239} INFO - Sync 1 DAGs
[2026-09-10T14:23:38.090+0000] {logging_mixin.py:190} INFO - [2026-09-10T14:23:38.089+0000] {dag.py:4180} INFO - Setting next_dagrun for credit_risk_analysis_pipeline to None, run_after=None
[2026-09-10T14:23:38.144+0000] {processor.py:208} INFO - Processing /opt/airflow/dags/pipeline.py took 0.204 seconds
[2026-09-10T14:24:08.339+0000] {processor.py:186} INFO - Started process (PID=52) to work on /opt/airflow/dags/pipeline.py
[2026-09-10T14:24:08.341+0000] {processor.py:914} INFO - Processing file /opt/airflow/dags/pipeline.py for tasks to queue
[2026-09-10T14:24:08.348+0000] {logging_mixin.py:190} INFO - [2026-09-10T14:24:08.348+0000] {dagbag.py:588} INFO - Filling up the DagBag from /opt/airflow/dags/pipeline.py
[2026-09-10T14:24:08.381+0000] {processor.py:925} INFO - DAG(s) 'credit_risk_analysis_pipeline' retrieved from /opt/airflow/dags/pipeline.py
[2026-09-10T14:24:08.445+0000] {logging_mixin.py:190} INFO - [2026-09-10T14:24:08.444+0000] {dag.py:3239} INFO - Sync 1 DAGs
[2026-09-10T14:24:08.481+0000] {logging_mixin.py:190} INFO - [2026-09-10T14:24:08.481+0000] {dag.py:4180} INFO - Setting next_dagrun for credit_risk_analysis_pipeline to None, run_after=None
[2026-09-10T14:24:08.529+0000] {processor.py:208} INFO - Processing /opt/airflow/dags/pipeline.py took 0.204 seconds
[2026-09-10T14:24:38.908+0000] {processor.py:186} INFO - Started process (PID=53) to work on /opt/airflow/dags/pipeline.py
[2026-09-10T14:24:38.910+0000] {processor.py:914} INFO - Processing file /opt/airflow/dags/pipeline.py for tasks to queue
[2026-09-10T14:24:38.917+0000] {logging_mixin.py:190} INFO - [2026-09-10T14:24:38.916+0000] {dagbag.py:588} INFO - Filling up the DagBag from /opt/airflow/dags/pipeline.py
[2026-09-10T14:24:38.953+0000] {processor.py:925} INFO - DAG(s) 'credit_risk_analysis_pipeline' retrieved from /opt/airflow/dags/pipeline.py
[2026-09-10T14:24:39.010+0000] {logging_mixin.py:190} INFO - [2026-09-10T14:24:39.009+0000] {dag.py:3239} INFO - Sync 1 DAGs
[2026-09-10T14:24:39.043+0000] {logging_mixin.py:190} INFO - [2026-09-10T14:24:39.043+0000] {dag.py:4180} INFO - Setting next_dagrun for credit_risk_analysis_pipeline to None, run_after=None
[2026-09-10T14:24:39.087+0000] {processor.py:208} INFO - Processing /opt/airflow/dags/pipeline.py took 0.190 seconds
[2026-09-10T14:25:09.296+0000] {processor.py:186} INFO - Started process (PID=54) to work on /opt/airflow/dags/pipeline.py
[2026-09-10T14:25:09.300+0000] {processor.py:914} INFO - Processing file /opt/airflow/dags/pipeline.py for tasks to queue
[2026-09-10T14:25:09.305+0000] {logging_mixin.py:190} INFO - [2026-09-10T14:25:09.304+0000] {dagbag.py:588} INFO - Filling up the DagBag from /opt/airflow/dags/pipeline.py
[2026-09-10T14:25:09.342+0000] {processor.py:925} INFO - DAG(s) 'credit_risk_analysis_pipeline' retrieved from /opt/airflow/dags/pipeline.py
[2026-09-10T14:25:09.417+0000] {logging_mixin.py:190} INFO - [2026-09-10T14:25:09.417+0000] {dag.py:3239} INFO - Sync 1 DAGs
[2026-09-10T14:25:09.455+0000] {logging_mixin.py:190} INFO - [2026-09-10T14:25:09.455+0000] {dag.py:4180} INFO - Setting next_dagrun for credit_risk_analysis_pipeline to None, run_after=None
[2026-09-10T14:25:09.510+0000] {processor.py:208} INFO - Processing /opt/airflow/dags/pipeline.py took 0.224 seconds
[2026-09-10T14:25:39.845+0000] {processor.py:186} INFO - Started process (PID=55) to work on /opt/airflow/dags/pipeline.py
[2026-09-10T14:25:39.847+0000] {processor.py:914} INFO - Processing file /opt/airflow/dags/pipeline.py for tasks to queue
[2026-09-10T14:25:39.852+0000] {logging_mixin.py:190} INFO - [2026-09-10T14:25:39.852+0000] {dagbag.py:588} INFO - Filling up the DagBag from /opt/airflow/dags/pipeline.py
[2026-09-10T14:25:39.885+0000] {processor.py:925} INFO - DAG(s) 'credit_risk_analysis_pipeline' retrieved from /opt/airflow/dags/pipeline.py
[2026-09-10T14:25:39.939+0000] {logging_mixin.py:190} INFO - [2026-09-10T14:25:39.938+0000] {dag.py:3239} INFO - Sync 1 DAGs
[2026-09-10T14:25:39.972+0000] {logging_mixin.py:190} INFO - [2026-09-10T14:25:39.972+0000] {dag.py:4180} INFO - Setting next_dagrun for credit_risk_analysis_pipeline to None, run_after=None
[2026-09-10T14:25:40.014+0000] {processor.py:208} INFO - Processing /opt/airflow/dags/pipeline.py took 0.183 seconds
[2026-09-10T14:26:10.261+0000] {processor.py:186} INFO - Started process (PID=56) to work on /opt/airflow/dags/pipeline.py
[2026-09-10T14:26:10.263+0000] {processor.py:914} INFO - Processing file /opt/airflow/dags/pipeline.py for tasks to queue
[2026-09-10T14:26:10.269+0000] {logging_mixin.py:190} INFO - [2026-09-10T14:26:10.269+0000] {dagbag.py:588} INFO - Filling up the DagBag from /opt/airflow/dags/pipeline.py
[2026-09-10T14:26:10.300+0000] {processor.py:925} INFO - DAG(s) 'credit_risk_analysis_pipeline' retrieved from /opt/airflow/dags/pipeline.py
[2026-09-10T14:26:10.359+0000] {logging_mixin.py:190} INFO - [2026-09-10T14:26:10.359+0000] {dag.py:3239} INFO - Sync 1 DAGs
[2026-09-10T14:26:10.396+0000] {logging_mixin.py:190} INFO - [2026-09-10T14:26:10.395+0000] {dag.py:4180} INFO - Setting next_dagrun for credit_risk_analysis_pipeline to None, run_after=None
[2026-09-10T14:26:10.435+0000] {processor.py:208} INFO - Processing /opt/airflow/dags/pipeline.py took 0.188 seconds
[2026-09-10T14:26:40.749+0000] {processor.py:186} INFO - Started process (PID=57) to work on /opt/airflow/dags/pipeline.py
[2026-09-10T14:26:40.752+0000] {processor.py:914} INFO - Processing file /opt/airflow/dags/pipeline.py for tasks to queue
[2026-09-10T14:26:40.758+0000] {logging_mixin.py:190} INFO - [2026-09-10T14:26:40.757+0000] {dagbag.py:588} INFO - Filling up the DagBag from /opt/airflow/dags/pipeline.py
[2026-09-10T14:26:40.787+0000] {processor.py:925} INFO - DAG(s) 'credit_risk_analysis_pipeline' retrieved from /opt/airflow/dags/pipeline.py
[2026-09-10T14:26:40.840+0000] {logging_mixin.py:190} INFO - [2026-09-10T14:26:40.840+0000] {dag.py:3239} INFO - Sync 1 DAGs
[2026-09-10T14:26:40.874+0000] {logging_mixin.py:190} INFO - [2026-09-10T14:26:40.874+0000] {dag.py:4180} INFO - Setting next_dagrun for credit_risk_analysis_pipeline to None, run_after=None
[2026-09-10T14:26:40.926+0000] {processor.py:208} INFO - Processing /opt/airflow/dags/pipeline.py took 0.188 seconds
[2026-09-10T14:27:11.196+0000] {processor.py:186} INFO - Started process (PID=58) to work on /opt/airflow/dags/pipeline.py
[2026-09-10T14:27:11.199+0000] {processor.py:914} INFO - Processing file /opt/airflow/dags/pipeline.py for tasks to queue
[2026-09-10T14:27:11.204+0000] {logging_mixin.py:190} INFO - [2026-09-10T14:27:11.204+0000] {dagbag.py:588} INFO - Filling up the DagBag from /opt/airflow/dags/pipeline.py
[2026-09-10T14:27:11.240+0000] {processor.py:925} INFO - DAG(s) 'credit_risk_analysis_pipeline' retrieved from /opt/airflow/dags/pipeline.py
[2026-09-10T14:27:11.295+0000] {logging_mixin.py:190} INFO - [2026-09-10T14:27:11.295+0000] {dag.py:3239} INFO - Sync 1 DAGs
[2026-09-10T14:27:11.328+0000] {logging_mixin.py:190} INFO - [2026-09-10T14:27:11.328+0000] {dag.py:4180} INFO - Setting next_dagrun for credit_risk_analysis_pipeline to None, run_after=None
[2026-09-10T14:27:11.372+0000] {processor.py:208} INFO - Processing /opt/airflow/dags/pipeline.py took 0.187 seconds
[2026-09-10T14:27:41.638+0000] {processor.py:186} INFO - Started process (PID=59) to work on /opt/airflow/dags/pipeline.py
[2026-09-10T14:27:41.640+0000] {processor.py:914} INFO - Processing file /opt/airflow/dags/pipeline.py for tasks to queue
[2026-09-10T14:27:41.646+0000] {logging_mixin.py:190} INFO - [2026-09-10T14:27:41.645+0000] {dagbag.py:588} INFO - Filling up the DagBag from /opt/airflow/dags/pipeline.py
[2026-09-10T14:27:41.677+0000] {processor.py:925} INFO - DAG(s) 'credit_risk_analysis_pipeline' retrieved from /opt/airflow/dags/pipeline.py
[2026-09-10T14:27:41.733+0000] {logging_mixin.py:190} INFO - [2026-09-10T14:27:41.733+0000] {dag.py:3239} INFO - Sync 1 DAGs
[2026-09-10T14:27:41.764+0000] {logging_mixin.py:190} INFO - [2026-09-10T14:27:41.763+0000] {dag.py:4180} INFO - Setting next_dagrun for credit_risk_analysis_pipeline to None, run_after=None
[2026-09-10T14:27:41.817+0000] {processor.py:208} INFO - Processing /opt/airflow/dags/pipeline.py took 0.190 seconds
[2026-09-10T14:28:12.083+0000] {processor.py:186} INFO - Started process (PID=60) to work on /opt/airflow/dags/pipeline.py
[2026-09-10T14:28:12.085+0000] {processor.py:914} INFO - Processing file /opt/airflow/dags/pipeline.py for tasks to queue
[2026-09-10T14:28:12.090+0000] {logging_mixin.py:190} INFO - [2026-09-10T14:28:12.089+0000] {dagbag.py:588} INFO - Filling up the DagBag from /opt/airflow/dags/pipeline.py
[2026-09-10T14:28:12.119+0000] {processor.py:925} INFO - DAG(s) 'credit_risk_analysis_pipeline' retrieved from /opt/airflow/dags/pipeline.py
[2026-09-10T14:28:12.171+0000] {logging_mixin.py:190} INFO - [2026-09-10T14:28:12.171+0000] {dag.py:3239} INFO - Sync 1 DAGs
[2026-09-10T14:28:12.201+0000] {logging_mixin.py:190} INFO - [2026-09-10T14:28:12.200+0000] {dag.py:4180} INFO - Setting next_dagrun for credit_risk_analysis_pipeline to None, run_after=None
[2026-09-10T14:28:12.254+0000] {processor.py:208} INFO - Processing /opt/airflow/dags/pipeline.py took 0.182 seconds
[2026-09-10T14:28:42.610+0000] {processor.py:186} INFO - Started process (PID=61) to work on /opt/airflow/dags/pipeline.py
[2026-09-10T14:28:42.612+0000] {processor.py:914} INFO - Processing file /opt/airflow/dags/pipeline.py for tasks to queue
[2026-09-10T14:28:42.618+0000] {logging_mixin.py:190} INFO - [2026-09-10T14:28:42.617+0000] {dagbag.py:588} INFO - Filling up the DagBag from /opt/airflow/dags/pipeline.py
[2026-09-10T14:28:42.647+0000] {processor.py:925} INFO - DAG(s) 'credit_risk_analysis_pipeline' retrieved from /opt/airflow/dags/pipeline.py
[2026-09-10T14:28:42.699+0000] {logging_mixin.py:190} INFO - [2026-09-10T14:28:42.698+0000] {dag.py:3239} INFO - Sync 1 DAGs
[2026-09-10T14:28:42.729+0000] {logging_mixin.py:190} INFO - [2026-09-10T14:28:42.729+0000] {dag.py:4180} INFO - Setting next_dagrun for credit_risk_analysis_pipeline to None, run_after=None
[2026-09-10T14:28:42.771+0000] {processor.py:208} INFO - Processing /opt/airflow/dags/pipeline.py took 0.172 seconds
[2026-09-10T14:29:12.950+0000] {processor.py:186} INFO - Started process (PID=62) to work on /opt/airflow/dags/pipeline.py
[2026-09-10T14:29:12.951+0000] {processor.py:914} INFO - Processing file /opt/airflow/dags/pipeline.py for tasks to queue
[2026-09-10T14:29:12.955+0000] {logging_mixin.py:190} INFO - [2026-09-10T14:29:12.954+0000] {dagbag.py:588} INFO - Filling up the DagBag from /opt/airflow/dags/pipeline.py
[2026-09-10T14:29:12.969+0000] {processor.py:925} INFO - DAG(s) 'credit_risk_analysis_pipeline' retrieved from /opt/airflow/dags/pipeline.py
[2026-09-10T14:29:13.001+0000] {logging_mixin.py:190} INFO - [2026-09-10T14:29:13.001+0000] {dag.py:3239} INFO - Sync 1 DAGs
[2026-09-10T14:29:13.020+0000] {logging_mixin.py:190} INFO - [2026-09-10T14:29:13.020+0000] {dag.py:4180} INFO - Setting next_dagrun for credit_risk_analysis_pipeline to None, run_after=None
[2026-09-10T14:29:13.048+0000] {processor.py:208} INFO - Processing /opt/airflow/dags/pipeline.py took 0.105 seconds
[2026-09-10T14:29:43.148+0000] {processor.py:186} INFO - Started process (PID=63) to work on /opt/airflow/dags/pipeline.py
[2026-09-10T14:29:43.149+0000] {processor.py:914} INFO - Processing file /opt/airflow/dags/pipeline.py for tasks to queue
[2026-09-10T14:29:43.152+0000] {logging_mixin.py:190} INFO - [2026-09-10T14:29:43.151+0000] {dagbag.py:588} INFO - Filling up the DagBag from /opt/airflow/dags/pipeline.py
[2026-09-10T14:29:43.162+0000] {processor.py:925} INFO - DAG(s) 'credit_risk_analysis_pipeline' retrieved from /opt/airflow/dags/pipeline.py
[2026-09-10T14:29:43.188+0000] {logging_mixin.py:190} INFO - [2026-09-10T14:29:43.187+0000] {dag.py:3239} INFO - Sync 1 DAGs
[2026-09-10T14:29:43.202+0000] {logging_mixin.py:190} INFO - [2026-09-10T14:29:43.202+0000] {dag.py:4180} INFO - Setting next_dagrun for credit_risk_analysis_pipeline to None, run_after=None
[2026-09-10T14:29:43.220+0000] {processor.py:208} INFO - Processing /opt/airflow/dags/pipeline.py took 0.078 seconds
[2026-09-10T14:30:13.429+0000] {processor.py:186} INFO - Started process (PID=64) to work on /opt/airflow/dags/pipeline.py
[2026-09-10T14:30:13.430+0000] {processor.py:914} INFO - Processing file /opt/airflow/dags/pipeline.py for tasks to queue
[2026-09-10T14:30:13.433+0000] {logging_mixin.py:190} INFO - [2026-09-10T14:30:13.432+0000] {dagbag.py:588} INFO - Filling up the DagBag from /opt/airflow/dags/pipeline.py
[2026-09-10T14:30:13.444+0000] {processor.py:925} INFO - DAG(s) 'credit_risk_analysis_pipeline' retrieved from /opt/airflow/dags/pipeline.py
[2026-09-10T14:30:13.469+0000] {logging_mixin.py:190} INFO - [2026-09-10T14:30:13.468+0000] {dag.py:3239} INFO - Sync 1 DAGs
[2026-09-10T14:30:13.484+0000] {logging_mixin.py:190} INFO - [2026-09-10T14:30:13.484+0000] {dag.py:4180} INFO - Setting next_dagrun for credit_risk_analysis_pipeline to None, run_after=None
[2026-09-10T14:30:13.501+0000] {processor.py:208} INFO - Processing /opt/airflow/dags/pipeline.py took 0.077 seconds
[2026-09-10T14:30:43.636+0000] {processor.py:186} INFO - Started process (PID=65) to work on /opt/airflow/dags/pipeline.py
[2026-09-10T14:30:43.637+0000] {processor.py:914} INFO - Processing file /opt/airflow/dags/pipeline.py for tasks to queue
[2026-09-10T14:30:43.639+0000] {logging_mixin.py:190} INFO - [2026-09-10T14:30:43.639+0000] {dagbag.py:588} INFO - Filling up the DagBag from /opt/airflow/dags/pipeline.py
[2026-09-10T14:30:43.649+0000] {processor.py:925} INFO - DAG(s) 'credit_risk_analysis_pipeline' retrieved from /opt/airflow/dags/pipeline.py
[2026-09-10T14:30:43.675+0000] {logging_mixin.py:190} INFO - [2026-09-10T14:30:43.674+0000] {dag.py:3239} INFO - Sync 1 DAGs
[2026-09-10T14:30:43.689+0000] {logging_mixin.py:190} INFO - [2026-09-10T14:30:43.689+0000] {dag.py:4180} INFO - Setting next_dagrun for credit_risk_analysis_pipeline to None, run_after=None
[2026-09-10T14:30:43.707+0000] {processor.py:208} INFO - Processing /opt/airflow/dags/pipeline.py took 0.076 seconds
[2026-09-10T14:31:13.865+0000] {processor.py:186} INFO - Started process (PID=66) to work on /opt/airflow/dags/pipeline.py
[2026-09-10T14:31:13.866+0000] {processor.py:914} INFO - Processing file /opt/airflow/dags/pipeline.py for tasks to queue
[2026-09-10T14:31:13.870+0000] {logging_mixin.py:190} INFO - [2026-09-10T14:31:13.869+0000] {dagbag.py:588} INFO - Filling up the DagBag from /opt/airflow/dags/pipeline.py
[2026-09-10T14:31:13.883+0000] {processor.py:925} INFO - DAG(s) 'credit_risk_analysis_pipeline' retrieved from /opt/airflow/dags/pipeline.py
[2026-09-10T14:31:13.915+0000] {logging_mixin.py:190} INFO - [2026-09-10T14:31:13.914+0000] {dag.py:3239} INFO - Sync 1 DAGs
[2026-09-10T14:31:13.930+0000] {logging_mixin.py:190} INFO - [2026-09-10T14:31:13.929+0000] {dag.py:4180} INFO - Setting next_dagrun for credit_risk_analysis_pipeline to None, run_after=None
[2026-09-10T14:31:13.954+0000] {processor.py:208} INFO - Processing /opt/airflow/dags/pipeline.py took 0.095 seconds
[2026-09-10T14:31:16.917+0000] {processor.py:186} INFO - Started process (PID=67) to work on /opt/airflow/dags/pipeline.py
[2026-09-10T14:31:16.918+0000] {processor.py:914} INFO - Processing file /opt/airflow/dags/pipeline.py for tasks to queue
[2026-09-10T14:31:16.920+0000] {logging_mixin.py:190} INFO - [2026-09-10T14:31:16.920+0000] {dagbag.py:588} INFO - Filling up the DagBag from /opt/airflow/dags/pipeline.py
[2026-09-10T14:31:16.936+0000] {processor.py:925} INFO - DAG(s) 'credit_con' retrieved from /opt/airflow/dags/pipeline.py
[2026-09-10T14:31:17.220+0000] {logging_mixin.py:190} INFO - [2026-09-10T14:31:17.006+0000] {override.py:1912} INFO - Created Permission View: can read on DAG:credit_con
[2026-09-10T14:31:17.230+0000] {logging_mixin.py:190} INFO - [2026-09-10T14:31:17.229+0000] {override.py:1912} INFO - Created Permission View: can delete on DAG:credit_con
[2026-09-10T14:31:17.236+0000] {logging_mixin.py:190} INFO - [2026-09-10T14:31:17.236+0000] {override.py:1912} INFO - Created Permission View: can edit on DAG:credit_con
[2026-09-10T14:31:17.242+0000] {logging_mixin.py:190} INFO - [2026-09-10T14:31:17.242+0000] {override.py:1912} INFO - Created Permission View: can read on DAG Run:credit_con
[2026-09-10T14:31:17.247+0000] {logging_mixin.py:190} INFO - [2026-09-10T14:31:17.246+0000] {override.py:1912} INFO - Created Permission View: can create on DAG Run:credit_con
[2026-09-10T14:31:17.252+0000] {logging_mixin.py:190} INFO - [2026-09-10T14:31:17.251+0000] {override.py:1912} INFO - Created Permission View: can delete on DAG Run:credit_con
[2026-09-10T14:31:17.256+0000] {logging_mixin.py:190} INFO - [2026-09-10T14:31:17.256+0000] {override.py:1912} INFO - Created Permission View: menu access on DAG Run:credit_con
[2026-09-10T14:31:17.257+0000] {logging_mixin.py:190} INFO - [2026-09-10T14:31:17.257+0000] {dag.py:3239} INFO - Sync 1 DAGs
[2026-09-10T14:31:17.267+0000] {logging_mixin.py:190} INFO - [2026-09-10T14:31:17.267+0000] {dag.py:3262} INFO - Creating ORM DAG for credit_con
[2026-09-10T14:31:17.268+0000] {logging_mixin.py:190} INFO - [2026-09-10T14:31:17.268+0000] {dag.py:4180} INFO - Setting next_dagrun for credit_con to None, run_after=None
[2026-09-10T14:31:17.286+0000] {processor.py:208} INFO - Processing /opt/airflow/dags/pipeline.py took 0.374 seconds
[2026-09-10T14:31:18.023+0000] {processor.py:186} INFO - Started process (PID=68) to work on /opt/airflow/dags/pipeline.py
[2026-09-10T14:31:18.025+0000] {processor.py:914} INFO - Processing file /opt/airflow/dags/pipeline.py for tasks to queue
[2026-09-10T14:31:18.028+0000] {logging_mixin.py:190} INFO - [2026-09-10T14:31:18.027+0000] {dagbag.py:588} INFO - Filling up the DagBag from /opt/airflow/dags/pipeline.py
[2026-09-10T14:31:18.045+0000] {processor.py:925} INFO - DAG(s) 'credit_con' retrieved from /opt/airflow/dags/pipeline.py
[2026-09-10T14:31:18.059+0000] {logging_mixin.py:190} INFO - [2026-09-10T14:31:18.059+0000] {dag.py:3239} INFO - Sync 1 DAGs
[2026-09-10T14:31:18.074+0000] {logging_mixin.py:190} INFO - [2026-09-10T14:31:18.074+0000] {dag.py:4180} INFO - Setting next_dagrun for credit_con to None, run_after=None
[2026-09-10T14:31:18.100+0000] {processor.py:208} INFO - Processing /opt/airflow/dags/pipeline.py took 0.083 seconds
[2026-09-10T14:31:19.041+0000] {processor.py:186} INFO - Started process (PID=69) to work on /opt/airflow/dags/pipeline.py
[2026-09-10T14:31:19.042+0000] {processor.py:914} INFO - Processing file /opt/airflow/dags/pipeline.py for tasks to queue
[2026-09-10T14:31:19.044+0000] {logging_mixin.py:190} INFO - [2026-09-10T14:31:19.044+0000] {dagbag.py:588} INFO - Filling up the DagBag from /opt/airflow/dags/pipeline.py
[2026-09-10T14:31:19.059+0000] {processor.py:925} INFO - DAG(s) 'credit_con' retrieved from /opt/airflow/dags/pipeline.py
[2026-09-10T14:31:19.072+0000] {logging_mixin.py:190} INFO - [2026-09-10T14:31:19.072+0000] {dag.py:3239} INFO - Sync 1 DAGs
[2026-09-10T14:31:19.086+0000] {logging_mixin.py:190} INFO - [2026-09-10T14:31:19.086+0000] {dag.py:4180} INFO - Setting next_dagrun for credit_con to None, run_after=None
[2026-09-10T14:31:19.106+0000] {processor.py:208} INFO - Processing /opt/airflow/dags/pipeline.py took 0.070 seconds
[2026-09-10T14:31:49.241+0000] {processor.py:186} INFO - Started process (PID=70) to work on /opt/airflow/dags/pipeline.py
[2026-09-10T14:31:49.242+0000] {processor.py:914} INFO - Processing file /opt/airflow/dags/pipeline.py for tasks to queue
[2026-09-10T14:31:49.246+0000] {logging_mixin.py:190} INFO - [2026-09-10T14:31:49.246+0000] {dagbag.py:588} INFO - Filling up the DagBag from /opt/airflow/dags/pipeline.py
[2026-09-10T14:31:49.256+0000] {processor.py:925} INFO - DAG(s) 'credit_con' retrieved from /opt/airflow/dags/pipeline.py
[2026-09-10T14:31:49.285+0000] {logging_mixin.py:190} INFO - [2026-09-10T14:31:49.285+0000] {dag.py:3239} INFO - Sync 1 DAGs
[2026-09-10T14:31:49.301+0000] {logging_mixin.py:190} INFO - [2026-09-10T14:31:49.301+0000] {dag.py:4180} INFO - Setting next_dagrun for credit_con to None, run_after=None
[2026-09-10T14:31:49.321+0000] {processor.py:208} INFO - Processing /opt/airflow/dags/pipeline.py took 0.085 seconds
[2026-09-10T14:32:19.468+0000] {processor.py:186} INFO - Started process (PID=71) to work on /opt/airflow/dags/pipeline.py
[2026-09-10T14:32:19.469+0000] {processor.py:914} INFO - Processing file /opt/airflow/dags/pipeline.py for tasks to queue
[2026-09-10T14:32:19.473+0000] {logging_mixin.py:190} INFO - [2026-09-10T14:32:19.472+0000] {dagbag.py:588} INFO - Filling up the DagBag from /opt/airflow/dags/pipeline.py
[2026-09-10T14:32:19.486+0000] {processor.py:925} INFO - DAG(s) 'credit_con' retrieved from /opt/airflow/dags/pipeline.py
[2026-09-10T14:32:19.515+0000] {logging_mixin.py:190} INFO - [2026-09-10T14:32:19.514+0000] {dag.py:3239} INFO - Sync 1 DAGs
[2026-09-10T14:32:19.532+0000] {logging_mixin.py:190} INFO - [2026-09-10T14:32:19.531+0000] {dag.py:4180} INFO - Setting next_dagrun for credit_con to None, run_after=None
[2026-09-10T14:32:19.551+0000] {processor.py:208} INFO - Processing /opt/airflow/dags/pipeline.py took 0.090 seconds
[2026-09-10T14:32:49.697+0000] {processor.py:186} INFO - Started process (PID=72) to work on /opt/airflow/dags/pipeline.py
[2026-09-10T14:32:49.698+0000] {processor.py:914} INFO - Processing file /opt/airflow/dags/pipeline.py for tasks to queue
[2026-09-10T14:32:49.700+0000] {logging_mixin.py:190} INFO - [2026-09-10T14:32:49.699+0000] {dagbag.py:588} INFO - Filling up the DagBag from /opt/airflow/dags/pipeline.py
[2026-09-10T14:32:49.710+0000] {processor.py:925} INFO - DAG(s) 'credit_con' retrieved from /opt/airflow/dags/pipeline.py
[2026-09-10T14:32:49.736+0000] {logging_mixin.py:190} INFO - [2026-09-10T14:32:49.735+0000] {dag.py:3239} INFO - Sync 1 DAGs
[2026-09-10T14:32:49.753+0000] {logging_mixin.py:190} INFO - [2026-09-10T14:32:49.752+0000] {dag.py:4180} INFO - Setting next_dagrun for credit_con to None, run_after=None
[2026-09-10T14:32:49.777+0000] {processor.py:208} INFO - Processing /opt/airflow/dags/pipeline.py took 0.084 seconds
[2026-09-10T14:33:19.919+0000] {processor.py:186} INFO - Started process (PID=73) to work on /opt/airflow/dags/pipeline.py
[2026-09-10T14:33:19.921+0000] {processor.py:914} INFO - Processing file /opt/airflow/dags/pipeline.py for tasks to queue
[2026-09-10T14:33:19.922+0000] {logging_mixin.py:190} INFO - [2026-09-10T14:33:19.922+0000] {dagbag.py:588} INFO - Filling up the DagBag from /opt/airflow/dags/pipeline.py
[2026-09-10T14:33:19.934+0000] {processor.py:925} INFO - DAG(s) 'credit_con' retrieved from /opt/airflow/dags/pipeline.py
[2026-09-10T14:33:19.961+0000] {logging_mixin.py:190} INFO - [2026-09-10T14:33:19.960+0000] {dag.py:3239} INFO - Sync 1 DAGs
[2026-09-10T14:33:19.977+0000] {logging_mixin.py:190} INFO - [2026-09-10T14:33:19.977+0000] {dag.py:4180} INFO - Setting next_dagrun for credit_con to None, run_after=None
[2026-09-10T14:33:19.996+0000] {processor.py:208} INFO - Processing /opt/airflow/dags/pipeline.py took 0.082 seconds
[2026-09-10T14:33:50.170+0000] {processor.py:186} INFO - Started process (PID=74) to work on /opt/airflow/dags/pipeline.py
[2026-09-10T14:33:50.171+0000] {processor.py:914} INFO - Processing file /opt/airflow/dags/pipeline.py for tasks to queue
[2026-09-10T14:33:50.172+0000] {logging_mixin.py:190} INFO - [2026-09-10T14:33:50.172+0000] {dagbag.py:588} INFO - Filling up the DagBag from /opt/airflow/dags/pipeline.py
[2026-09-10T14:33:50.182+0000] {processor.py:925} INFO - DAG(s) 'credit_con' retrieved from /opt/airflow/dags/pipeline.py
[2026-09-10T14:33:50.205+0000] {logging_mixin.py:190} INFO - [2026-09-10T14:33:50.205+0000] {dag.py:3239} INFO - Sync 1 DAGs
[2026-09-10T14:33:50.220+0000] {logging_mixin.py:190} INFO - [2026-09-10T14:33:50.220+0000] {dag.py:4180} INFO - Setting next_dagrun for credit_con to None, run_after=None
[2026-09-10T14:33:50.237+0000] {processor.py:208} INFO - Processing /opt/airflow/dags/pipeline.py took 0.072 seconds
[2026-09-10T14:34:20.369+0000] {processor.py:186} INFO - Started process (PID=75) to work on /opt/airflow/dags/pipeline.py
[2026-09-10T14:34:20.370+0000] {processor.py:914} INFO - Processing file /opt/airflow/dags/pipeline.py for tasks to queue
[2026-09-10T14:34:20.372+0000] {logging_mixin.py:190} INFO - [2026-09-10T14:34:20.371+0000] {dagbag.py:588} INFO - Filling up the DagBag from /opt/airflow/dags/pipeline.py
[2026-09-10T14:34:20.384+0000] {processor.py:925} INFO - DAG(s) 'credit_con' retrieved from /opt/airflow/dags/pipeline.py
[2026-09-10T14:34:20.412+0000] {logging_mixin.py:190} INFO - [2026-09-10T14:34:20.412+0000] {dag.py:3239} INFO - Sync 1 DAGs
[2026-09-10T14:34:20.428+0000] {logging_mixin.py:190} INFO - [2026-09-10T14:34:20.428+0000] {dag.py:4180} INFO - Setting next_dagrun for credit_con to None, run_after=None
[2026-09-10T14:34:20.447+0000] {processor.py:208} INFO - Processing /opt/airflow/dags/pipeline.py took 0.084 seconds
[2026-09-10T14:34:50.602+0000] {processor.py:186} INFO - Started process (PID=83) to work on /opt/airflow/dags/pipeline.py
[2026-09-10T14:34:50.603+0000] {processor.py:914} INFO - Processing file /opt/airflow/dags/pipeline.py for tasks to queue
[2026-09-10T14:34:50.604+0000] {logging_mixin.py:190} INFO - [2026-09-10T14:34:50.604+0000] {dagbag.py:588} INFO - Filling up the DagBag from /opt/airflow/dags/pipeline.py
[2026-09-10T14:34:50.614+0000] {processor.py:925} INFO - DAG(s) 'credit_con' retrieved from /opt/airflow/dags/pipeline.py
[2026-09-10T14:34:50.639+0000] {logging_mixin.py:190} INFO - [2026-09-10T14:34:50.639+0000] {dag.py:3239} INFO - Sync 1 DAGs
[2026-09-10T14:34:50.654+0000] {logging_mixin.py:190} INFO - [2026-09-10T14:34:50.654+0000] {dag.py:4180} INFO - Setting next_dagrun for credit_con to None, run_after=None
[2026-09-10T14:34:50.673+0000] {processor.py:208} INFO - Processing /opt/airflow/dags/pipeline.py took 0.077 seconds
[2026-09-10T14:35:20.808+0000] {processor.py:186} INFO - Started process (PID=84) to work on /opt/airflow/dags/pipeline.py
[2026-09-10T14:35:20.809+0000] {processor.py:914} INFO - Processing file /opt/airflow/dags/pipeline.py for tasks to queue
[2026-09-10T14:35:20.810+0000] {logging_mixin.py:190} INFO - [2026-09-10T14:35:20.810+0000] {dagbag.py:588} INFO - Filling up the DagBag from /opt/airflow/dags/pipeline.py
[2026-09-10T14:35:20.820+0000] {processor.py:925} INFO - DAG(s) 'credit_con' retrieved from /opt/airflow/dags/pipeline.py
[2026-09-10T14:35:20.844+0000] {logging_mixin.py:190} INFO - [2026-09-10T14:35:20.844+0000] {dag.py:3239} INFO - Sync 1 DAGs
[2026-09-10T14:35:20.860+0000] {logging_mixin.py:190} INFO - [2026-09-10T14:35:20.860+0000] {dag.py:4180} INFO - Setting next_dagrun for credit_con to None, run_after=None
[2026-09-10T14:35:20.877+0000] {processor.py:208} INFO - Processing /opt/airflow/dags/pipeline.py took 0.075 seconds
[2026-09-10T14:35:51.033+0000] {processor.py:186} INFO - Started process (PID=85) to work on /opt/airflow/dags/pipeline.py
[2026-09-10T14:35:51.034+0000] {processor.py:914} INFO - Processing file /opt/airflow/dags/pipeline.py for tasks to queue
[2026-09-10T14:35:51.035+0000] {logging_mixin.py:190} INFO - [2026-09-10T14:35:51.035+0000] {dagbag.py:588} INFO - Filling up the DagBag from /opt/airflow/dags/pipeline.py
[2026-09-10T14:35:51.045+0000] {processor.py:925} INFO - DAG(s) 'credit_con' retrieved from /opt/airflow/dags/pipeline.py
[2026-09-10T14:35:51.068+0000] {logging_mixin.py:190} INFO - [2026-09-10T14:35:51.067+0000] {dag.py:3239} INFO - Sync 1 DAGs
[2026-09-10T14:35:51.082+0000] {logging_mixin.py:190} INFO - [2026-09-10T14:35:51.082+0000] {dag.py:4180} INFO - Setting next_dagrun for credit_con to None, run_after=None
[2026-09-10T14:35:51.104+0000] {processor.py:208} INFO - Processing /opt/airflow/dags/pipeline.py took 0.078 seconds
[2026-09-10T14:36:21.233+0000] {processor.py:186} INFO - Started process (PID=86) to work on /opt/airflow/dags/pipeline.py
[2026-09-10T14:36:21.234+0000] {processor.py:914} INFO - Processing file /opt/airflow/dags/pipeline.py for tasks to queue
[2026-09-10T14:36:21.236+0000] {logging_mixin.py:190} INFO - [2026-09-10T14:36:21.235+0000] {dagbag.py:588} INFO - Filling up the DagBag from /opt/airflow/dags/pipeline.py
[2026-09-10T14:36:21.246+0000] {processor.py:925} INFO - DAG(s) 'credit_con' retrieved from /opt/airflow/dags/pipeline.py
[2026-09-10T14:36:21.269+0000] {logging_mixin.py:190} INFO - [2026-09-10T14:36:21.269+0000] {dag.py:3239} INFO - Sync 1 DAGs
[2026-09-10T14:36:21.282+0000] {logging_mixin.py:190} INFO - [2026-09-10T14:36:21.281+0000] {dag.py:4180} INFO - Setting next_dagrun for credit_con to None, run_after=None
[2026-09-10T14:36:21.297+0000] {processor.py:208} INFO - Processing /opt/airflow/dags/pipeline.py took 0.069 seconds
[2026-09-10T14:36:51.467+0000] {processor.py:186} INFO - Started process (PID=87) to work on /opt/airflow/dags/pipeline.py
[2026-09-10T14:36:51.468+0000] {processor.py:914} INFO - Processing file /opt/airflow/dags/pipeline.py for tasks to queue
[2026-09-10T14:36:51.469+0000] {logging_mixin.py:190} INFO - [2026-09-10T14:36:51.469+0000] {dagbag.py:588} INFO - Filling up the DagBag from /opt/airflow/dags/pipeline.py
[2026-09-10T14:36:51.480+0000] {processor.py:925} INFO - DAG(s) 'credit_con' retrieved from /opt/airflow/dags/pipeline.py
[2026-09-10T14:36:51.502+0000] {logging_mixin.py:190} INFO - [2026-09-10T14:36:51.502+0000] {dag.py:3239} INFO - Sync 1 DAGs
[2026-09-10T14:36:51.516+0000] {logging_mixin.py:190} INFO - [2026-09-10T14:36:51.516+0000] {dag.py:4180} INFO - Setting next_dagrun for credit_con to None, run_after=None
[2026-09-10T14:36:51.532+0000] {processor.py:208} INFO - Processing /opt/airflow/dags/pipeline.py took 0.069 seconds
[2026-09-10T14:37:21.666+0000] {processor.py:186} INFO - Started process (PID=88) to work on /opt/airflow/dags/pipeline.py
[2026-09-10T14:37:21.667+0000] {processor.py:914} INFO - Processing file /opt/airflow/dags/pipeline.py for tasks to queue
[2026-09-10T14:37:21.669+0000] {logging_mixin.py:190} INFO - [2026-09-10T14:37:21.668+0000] {dagbag.py:588} INFO - Filling up the DagBag from /opt/airflow/dags/pipeline.py
[2026-09-10T14:37:21.679+0000] {processor.py:925} INFO - DAG(s) 'credit_con' retrieved from /opt/airflow/dags/pipeline.py
[2026-09-10T14:37:21.702+0000] {logging_mixin.py:190} INFO - [2026-09-10T14:37:21.702+0000] {dag.py:3239} INFO - Sync 1 DAGs
[2026-09-10T14:37:21.716+0000] {logging_mixin.py:190} INFO - [2026-09-10T14:37:21.716+0000] {dag.py:4180} INFO - Setting next_dagrun for credit_con to None, run_after=None
[2026-09-10T14:37:21.734+0000] {processor.py:208} INFO - Processing /opt/airflow/dags/pipeline.py took 0.074 seconds
[2026-09-10T14:37:51.907+0000] {processor.py:186} INFO - Started process (PID=89) to work on /opt/airflow/dags/pipeline.py
[2026-09-10T14:37:51.908+0000] {processor.py:914} INFO - Processing file /opt/airflow/dags/pipeline.py for tasks to queue
[2026-09-10T14:37:51.910+0000] {logging_mixin.py:190} INFO - [2026-09-10T14:37:51.910+0000] {dagbag.py:588} INFO - Filling up the DagBag from /opt/airflow/dags/pipeline.py
[2026-09-10T14:37:51.920+0000] {processor.py:925} INFO - DAG(s) 'credit_con' retrieved from /opt/airflow/dags/pipeline.py
[2026-09-10T14:37:51.943+0000] {logging_mixin.py:190} INFO - [2026-09-10T14:37:51.943+0000] {dag.py:3239} INFO - Sync 1 DAGs
[2026-09-10T14:37:51.960+0000] {logging_mixin.py:190} INFO - [2026-09-10T14:37:51.959+0000] {dag.py:4180} INFO - Setting next_dagrun for credit_con to None, run_after=None
[2026-09-10T14:37:51.977+0000] {processor.py:208} INFO - Processing /opt/airflow/dags/pipeline.py took 0.075 seconds
[2026-09-10T14:38:22.099+0000] {processor.py:186} INFO - Started process (PID=90) to work on /opt/airflow/dags/pipeline.py
[2026-09-10T14:38:22.101+0000] {processor.py:914} INFO - Processing file /opt/airflow/dags/pipeline.py for tasks to queue
[2026-09-10T14:38:22.102+0000] {logging_mixin.py:190} INFO - [2026-09-10T14:38:22.102+0000] {dagbag.py:588} INFO - Filling up the DagBag from /opt/airflow/dags/pipeline.py
[2026-09-10T14:38:22.112+0000] {processor.py:925} INFO - DAG(s) 'credit_con' retrieved from /opt/airflow/dags/pipeline.py
[2026-09-10T14:38:22.135+0000] {logging_mixin.py:190} INFO - [2026-09-10T14:38:22.135+0000] {dag.py:3239} INFO - Sync 1 DAGs
[2026-09-10T14:38:22.149+0000] {logging_mixin.py:190} INFO - [2026-09-10T14:38:22.149+0000] {dag.py:4180} INFO - Setting next_dagrun for credit_con to None, run_after=None
[2026-09-10T14:38:22.169+0000] {processor.py:208} INFO - Processing /opt/airflow/dags/pipeline.py took 0.075 seconds
[2026-09-10T14:38:52.374+0000] {processor.py:186} INFO - Started process (PID=91) to work on /opt/airflow/dags/pipeline.py
[2026-09-10T14:38:52.375+0000] {processor.py:914} INFO - Processing file /opt/airflow/dags/pipeline.py for tasks to queue
[2026-09-10T14:38:52.377+0000] {logging_mixin.py:190} INFO - [2026-09-10T14:38:52.376+0000] {dagbag.py:588} INFO - Filling up the DagBag from /opt/airflow/dags/pipeline.py
[2026-09-10T14:38:52.387+0000] {processor.py:925} INFO - DAG(s) 'credit_con' retrieved from /opt/airflow/dags/pipeline.py
[2026-09-10T14:38:52.410+0000] {logging_mixin.py:190} INFO - [2026-09-10T14:38:52.410+0000] {dag.py:3239} INFO - Sync 1 DAGs
[2026-09-10T14:38:52.424+0000] {logging_mixin.py:190} INFO - [2026-09-10T14:38:52.423+0000] {dag.py:4180} INFO - Setting next_dagrun for credit_con to None, run_after=None
[2026-09-10T14:38:52.439+0000] {processor.py:208} INFO - Processing /opt/airflow/dags/pipeline.py took 0.069 seconds
[2026-09-10T14:39:22.572+0000] {processor.py:186} INFO - Started process (PID=92) to work on /opt/airflow/dags/pipeline.py
[2026-09-10T14:39:22.573+0000] {processor.py:914} INFO - Processing file /opt/airflow/dags/pipeline.py for tasks to queue
[2026-09-10T14:39:22.575+0000] {logging_mixin.py:190} INFO - [2026-09-10T14:39:22.575+0000] {dagbag.py:588} INFO - Filling up the DagBag from /opt/airflow/dags/pipeline.py
[2026-09-10T14:39:22.591+0000] {processor.py:925} INFO - DAG(s) 'credit_con' retrieved from /opt/airflow/dags/pipeline.py
[2026-09-10T14:39:22.616+0000] {logging_mixin.py:190} INFO - [2026-09-10T14:39:22.616+0000] {dag.py:3239} INFO - Sync 1 DAGs
[2026-09-10T14:39:22.631+0000] {logging_mixin.py:190} INFO - [2026-09-10T14:39:22.631+0000] {dag.py:4180} INFO - Setting next_dagrun for credit_con to None, run_after=None
[2026-09-10T14:39:22.649+0000] {processor.py:208} INFO - Processing /opt/airflow/dags/pipeline.py took 0.083 seconds
[2026-09-10T14:39:52.818+0000] {processor.py:186} INFO - Started process (PID=93) to work on /opt/airflow/dags/pipeline.py
[2026-09-10T14:39:52.819+0000] {processor.py:914} INFO - Processing file /opt/airflow/dags/pipeline.py for tasks to queue
[2026-09-10T14:39:52.821+0000] {logging_mixin.py:190} INFO - [2026-09-10T14:39:52.821+0000] {dagbag.py:588} INFO - Filling up the DagBag from /opt/airflow/dags/pipeline.py
[2026-09-10T14:39:52.831+0000] {processor.py:925} INFO - DAG(s) 'credit_con' retrieved from /opt/airflow/dags/pipeline.py
[2026-09-10T14:39:52.857+0000] {logging_mixin.py:190} INFO - [2026-09-10T14:39:52.857+0000] {dag.py:3239} INFO - Sync 1 DAGs
[2026-09-10T14:39:52.873+0000] {logging_mixin.py:190} INFO - [2026-09-10T14:39:52.873+0000] {dag.py:4180} INFO - Setting next_dagrun for credit_con to None, run_after=None
[2026-09-10T14:39:52.892+0000] {processor.py:208} INFO - Processing /opt/airflow/dags/pipeline.py took 0.080 seconds
[2026-09-10T14:40:23.010+0000] {processor.py:186} INFO - Started process (PID=94) to work on /opt/airflow/dags/pipeline.py
[2026-09-10T14:40:23.011+0000] {processor.py:914} INFO - Processing file /opt/airflow/dags/pipeline.py for tasks to queue
[2026-09-10T14:40:23.013+0000] {logging_mixin.py:190} INFO - [2026-09-10T14:40:23.012+0000] {dagbag.py:588} INFO - Filling up the DagBag from /opt/airflow/dags/pipeline.py
[2026-09-10T14:40:23.022+0000] {processor.py:925} INFO - DAG(s) 'credit_con' retrieved from /opt/airflow/dags/pipeline.py
[2026-09-10T14:40:23.045+0000] {logging_mixin.py:190} INFO - [2026-09-10T14:40:23.045+0000] {dag.py:3239} INFO - Sync 1 DAGs
[2026-09-10T14:40:23.059+0000] {logging_mixin.py:190} INFO - [2026-09-10T14:40:23.059+0000] {dag.py:4180} INFO - Setting next_dagrun for credit_con to None, run_after=None
[2026-09-10T14:40:23.076+0000] {processor.py:208} INFO - Processing /opt/airflow/dags/pipeline.py took 0.071 seconds
[2026-09-10T14:40:53.268+0000] {processor.py:186} INFO - Started process (PID=95) to work on /opt/airflow/dags/pipeline.py
[2026-09-10T14:40:53.271+0000] {processor.py:914} INFO - Processing file /opt/airflow/dags/pipeline.py for tasks to queue
[2026-09-10T14:40:53.273+0000] {logging_mixin.py:190} INFO - [2026-09-10T14:40:53.273+0000] {dagbag.py:588} INFO - Filling up the DagBag from /opt/airflow/dags/pipeline.py
[2026-09-10T14:40:53.290+0000] {processor.py:925} INFO - DAG(s) 'credit_con' retrieved from /opt/airflow/dags/pipeline.py
[2026-09-10T14:40:53.337+0000] {logging_mixin.py:190} INFO - [2026-09-10T14:40:53.337+0000] {dag.py:3239} INFO - Sync 1 DAGs
[2026-09-10T14:40:53.363+0000] {logging_mixin.py:190} INFO - [2026-09-10T14:40:53.363+0000] {dag.py:4180} INFO - Setting next_dagrun for credit_con to None, run_after=None
[2026-09-10T14:40:53.387+0000] {processor.py:208} INFO - Processing /opt/airflow/dags/pipeline.py took 0.131 seconds
[2026-09-10T14:41:23.454+0000] {processor.py:186} INFO - Started process (PID=96) to work on /opt/airflow/dags/pipeline.py
[2026-09-10T14:41:23.455+0000] {processor.py:914} INFO - Processing file /opt/airflow/dags/pipeline.py for tasks to queue
[2026-09-10T14:41:23.457+0000] {logging_mixin.py:190} INFO - [2026-09-10T14:41:23.457+0000] {dagbag.py:588} INFO - Filling up the DagBag from /opt/airflow/dags/pipeline.py
[2026-09-10T14:41:23.469+0000] {processor.py:925} INFO - DAG(s) 'credit_con' retrieved from /opt/airflow/dags/pipeline.py
[2026-09-10T14:41:23.496+0000] {logging_mixin.py:190} INFO - [2026-09-10T14:41:23.496+0000] {dag.py:3239} INFO - Sync 1 DAGs
[2026-09-10T14:41:23.518+0000] {logging_mixin.py:190} INFO - [2026-09-10T14:41:23.517+0000] {dag.py:4180} INFO - Setting next_dagrun for credit_con to None, run_after=None
[2026-09-10T14:41:23.542+0000] {processor.py:208} INFO - Processing /opt/airflow/dags/pipeline.py took 0.093 seconds
[2026-09-10T14:41:53.649+0000] {processor.py:186} INFO - Started process (PID=97) to work on /opt/airflow/dags/pipeline.py
[2026-09-10T14:41:53.651+0000] {processor.py:914} INFO - Processing file /opt/airflow/dags/pipeline.py for tasks to queue
[2026-09-10T14:41:53.654+0000] {logging_mixin.py:190} INFO - [2026-09-10T14:41:53.654+0000] {dagbag.py:588} INFO - Filling up the DagBag from /opt/airflow/dags/pipeline.py
[2026-09-10T14:41:53.671+0000] {processor.py:925} INFO - DAG(s) 'credit_con' retrieved from /opt/airflow/dags/pipeline.py
[2026-09-10T14:41:53.712+0000] {logging_mixin.py:190} INFO - [2026-09-10T14:41:53.712+0000] {dag.py:3239} INFO - Sync 1 DAGs
[2026-09-10T14:41:53.736+0000] {logging_mixin.py:190} INFO - [2026-09-10T14:41:53.736+0000] {dag.py:4180} INFO - Setting next_dagrun for credit_con to None, run_after=None
[2026-09-10T14:41:53.759+0000] {processor.py:208} INFO - Processing /opt/airflow/dags/pipeline.py took 0.116 seconds
[2026-09-10T14:42:23.906+0000] {processor.py:186} INFO - Started process (PID=98) to work on /opt/airflow/dags/pipeline.py
[2026-09-10T14:42:23.908+0000] {processor.py:914} INFO - Processing file /opt/airflow/dags/pipeline.py for tasks to queue
[2026-09-10T14:42:23.911+0000] {logging_mixin.py:190} INFO - [2026-09-10T14:42:23.911+0000] {dagbag.py:588} INFO - Filling up the DagBag from /opt/airflow/dags/pipeline.py
[2026-09-10T14:42:23.928+0000] {processor.py:925} INFO - DAG(s) 'credit_con' retrieved from /opt/airflow/dags/pipeline.py
[2026-09-10T14:42:23.970+0000] {logging_mixin.py:190} INFO - [2026-09-10T14:42:23.969+0000] {dag.py:3239} INFO - Sync 1 DAGs
[2026-09-10T14:42:23.989+0000] {logging_mixin.py:190} INFO - [2026-09-10T14:42:23.989+0000] {dag.py:4180} INFO - Setting next_dagrun for credit_con to None, run_after=None
[2026-09-10T14:42:24.010+0000] {processor.py:208} INFO - Processing /opt/airflow/dags/pipeline.py took 0.110 seconds
[2026-09-10T14:42:54.120+0000] {processor.py:186} INFO - Started process (PID=99) to work on /opt/airflow/dags/pipeline.py
[2026-09-10T14:42:54.122+0000] {processor.py:914} INFO - Processing file /opt/airflow/dags/pipeline.py for tasks to queue
[2026-09-10T14:42:54.124+0000] {logging_mixin.py:190} INFO - [2026-09-10T14:42:54.123+0000] {dagbag.py:588} INFO - Filling up the DagBag from /opt/airflow/dags/pipeline.py
[2026-09-10T14:42:54.135+0000] {processor.py:925} INFO - DAG(s) 'credit_con' retrieved from /opt/airflow/dags/pipeline.py
[2026-09-10T14:42:54.176+0000] {logging_mixin.py:190} INFO - [2026-09-10T14:42:54.176+0000] {dag.py:3239} INFO - Sync 1 DAGs
[2026-09-10T14:42:54.202+0000] {logging_mixin.py:190} INFO - [2026-09-10T14:42:54.202+0000] {dag.py:4180} INFO - Setting next_dagrun for credit_con to None, run_after=None
[2026-09-10T14:42:54.231+0000] {processor.py:208} INFO - Processing /opt/airflow/dags/pipeline.py took 0.116 seconds
[2026-09-10T14:43:24.385+0000] {processor.py:186} INFO - Started process (PID=100) to work on /opt/airflow/dags/pipeline.py
[2026-09-10T14:43:24.388+0000] {processor.py:914} INFO - Processing file /opt/airflow/dags/pipeline.py for tasks to queue
[2026-09-10T14:43:24.389+0000] {logging_mixin.py:190} INFO - [2026-09-10T14:43:24.389+0000] {dagbag.py:588} INFO - Filling up the DagBag from /opt/airflow/dags/pipeline.py
[2026-09-10T14:43:24.401+0000] {processor.py:925} INFO - DAG(s) 'credit_con' retrieved from /opt/airflow/dags/pipeline.py
[2026-09-10T14:43:24.436+0000] {logging_mixin.py:190} INFO - [2026-09-10T14:43:24.436+0000] {dag.py:3239} INFO - Sync 1 DAGs
[2026-09-10T14:43:24.459+0000] {logging_mixin.py:190} INFO - [2026-09-10T14:43:24.458+0000] {dag.py:4180} INFO - Setting next_dagrun for credit_con to None, run_after=None
[2026-09-10T14:43:24.483+0000] {processor.py:208} INFO - Processing /opt/airflow/dags/pipeline.py took 0.104 seconds
[2026-09-10T14:43:54.611+0000] {processor.py:186} INFO - Started process (PID=101) to work on /opt/airflow/dags/pipeline.py
[2026-09-10T14:43:54.612+0000] {processor.py:914} INFO - Processing file /opt/airflow/dags/pipeline.py for tasks to queue
[2026-09-10T14:43:54.614+0000] {logging_mixin.py:190} INFO - [2026-09-10T14:43:54.614+0000] {dagbag.py:588} INFO - Filling up the DagBag from /opt/airflow/dags/pipeline.py
[2026-09-10T14:43:54.625+0000] {processor.py:925} INFO - DAG(s) 'credit_con' retrieved from /opt/airflow/dags/pipeline.py
[2026-09-10T14:43:54.649+0000] {logging_mixin.py:190} INFO - [2026-09-10T14:43:54.649+0000] {dag.py:3239} INFO - Sync 1 DAGs
[2026-09-10T14:43:54.664+0000] {logging_mixin.py:190} INFO - [2026-09-10T14:43:54.663+0000] {dag.py:4180} INFO - Setting next_dagrun for credit_con to None, run_after=None
[2026-09-10T14:43:54.684+0000] {processor.py:208} INFO - Processing /opt/airflow/dags/pipeline.py took 0.077 seconds
[2026-09-10T14:44:24.840+0000] {processor.py:186} INFO - Started process (PID=102) to work on /opt/airflow/dags/pipeline.py
[2026-09-10T14:44:24.841+0000] {processor.py:914} INFO - Processing file /opt/airflow/dags/pipeline.py for tasks to queue
[2026-09-10T14:44:24.843+0000] {logging_mixin.py:190} INFO - [2026-09-10T14:44:24.843+0000] {dagbag.py:588} INFO - Filling up the DagBag from /opt/airflow/dags/pipeline.py
[2026-09-10T14:44:24.854+0000] {processor.py:925} INFO - DAG(s) 'credit_con' retrieved from /opt/airflow/dags/pipeline.py
[2026-09-10T14:44:24.880+0000] {logging_mixin.py:190} INFO - [2026-09-10T14:44:24.880+0000] {dag.py:3239} INFO - Sync 1 DAGs
[2026-09-10T14:44:24.895+0000] {logging_mixin.py:190} INFO - [2026-09-10T14:44:24.895+0000] {dag.py:4180} INFO - Setting next_dagrun for credit_con to None, run_after=None
[2026-09-10T14:44:24.912+0000] {processor.py:208} INFO - Processing /opt/airflow/dags/pipeline.py took 0.078 seconds
[2026-09-10T14:44:55.041+0000] {processor.py:186} INFO - Started process (PID=103) to work on /opt/airflow/dags/pipeline.py
[2026-09-10T14:44:55.042+0000] {processor.py:914} INFO - Processing file /opt/airflow/dags/pipeline.py for tasks to queue
[2026-09-10T14:44:55.044+0000] {logging_mixin.py:190} INFO - [2026-09-10T14:44:55.044+0000] {dagbag.py:588} INFO - Filling up the DagBag from /opt/airflow/dags/pipeline.py
[2026-09-10T14:44:55.055+0000] {processor.py:925} INFO - DAG(s) 'credit_con' retrieved from /opt/airflow/dags/pipeline.py
[2026-09-10T14:44:55.080+0000] {logging_mixin.py:190} INFO - [2026-09-10T14:44:55.080+0000] {dag.py:3239} INFO - Sync 1 DAGs
[2026-09-10T14:44:55.096+0000] {logging_mixin.py:190} INFO - [2026-09-10T14:44:55.095+0000] {dag.py:4180} INFO - Setting next_dagrun for credit_con to None, run_after=None
[2026-09-10T14:44:55.119+0000] {processor.py:208} INFO - Processing /opt/airflow/dags/pipeline.py took 0.085 seconds
[2026-09-10T14:45:25.274+0000] {processor.py:186} INFO - Started process (PID=104) to work on /opt/airflow/dags/pipeline.py
[2026-09-10T14:45:25.275+0000] {processor.py:914} INFO - Processing file /opt/airflow/dags/pipeline.py for tasks to queue
[2026-09-10T14:45:25.276+0000] {logging_mixin.py:190} INFO - [2026-09-10T14:45:25.276+0000] {dagbag.py:588} INFO - Filling up the DagBag from /opt/airflow/dags/pipeline.py
[2026-09-10T14:45:25.287+0000] {processor.py:925} INFO - DAG(s) 'credit_con' retrieved from /opt/airflow/dags/pipeline.py
[2026-09-10T14:45:25.310+0000] {logging_mixin.py:190} INFO - [2026-09-10T14:45:25.309+0000] {dag.py:3239} INFO - Sync 1 DAGs
[2026-09-10T14:45:25.325+0000] {logging_mixin.py:190} INFO - [2026-09-10T14:45:25.324+0000] {dag.py:4180} INFO - Setting next_dagrun for credit_con to None, run_after=None
[2026-09-10T14:45:25.342+0000] {processor.py:208} INFO - Processing /opt/airflow/dags/pipeline.py took 0.073 seconds
[2026-09-10T14:45:55.486+0000] {processor.py:186} INFO - Started process (PID=105) to work on /opt/airflow/dags/pipeline.py
[2026-09-10T14:45:55.487+0000] {processor.py:914} INFO - Processing file /opt/airflow/dags/pipeline.py for tasks to queue
[2026-09-10T14:45:55.488+0000] {logging_mixin.py:190} INFO - [2026-09-10T14:45:55.488+0000] {dagbag.py:588} INFO - Filling up the DagBag from /opt/airflow/dags/pipeline.py
[2026-09-10T14:45:55.500+0000] {processor.py:925} INFO - DAG(s) 'credit_con' retrieved from /opt/airflow/dags/pipeline.py
[2026-09-10T14:45:55.522+0000] {logging_mixin.py:190} INFO - [2026-09-10T14:45:55.522+0000] {dag.py:3239} INFO - Sync 1 DAGs
[2026-09-10T14:45:55.537+0000] {logging_mixin.py:190} INFO - [2026-09-10T14:45:55.537+0000] {dag.py:4180} INFO - Setting next_dagrun for credit_con to None, run_after=None
[2026-09-10T14:45:55.557+0000] {processor.py:208} INFO - Processing /opt/airflow/dags/pipeline.py took 0.076 seconds
[2026-09-10T14:46:25.701+0000] {processor.py:186} INFO - Started process (PID=106) to work on /opt/airflow/dags/pipeline.py
[2026-09-10T14:46:25.702+0000] {processor.py:914} INFO - Processing file /opt/airflow/dags/pipeline.py for tasks to queue
[2026-09-10T14:46:25.703+0000] {logging_mixin.py:190} INFO - [2026-09-10T14:46:25.703+0000] {dagbag.py:588} INFO - Filling up the DagBag from /opt/airflow/dags/pipeline.py
[2026-09-10T14:46:25.714+0000] {processor.py:925} INFO - DAG(s) 'credit_con' retrieved from /opt/airflow/dags/pipeline.py
[2026-09-10T14:46:25.736+0000] {logging_mixin.py:190} INFO - [2026-09-10T14:46:25.736+0000] {dag.py:3239} INFO - Sync 1 DAGs
[2026-09-10T14:46:25.750+0000] {logging_mixin.py:190} INFO - [2026-09-10T14:46:25.750+0000] {dag.py:4180} INFO - Setting next_dagrun for credit_con to None, run_after=None
[2026-09-10T14:46:25.774+0000] {processor.py:208} INFO - Processing /opt/airflow/dags/pipeline.py took 0.078 seconds
[2026-09-10T14:46:55.918+0000] {processor.py:186} INFO - Started process (PID=107) to work on /opt/airflow/dags/pipeline.py
[2026-09-10T14:46:55.919+0000] {processor.py:914} INFO - Processing file /opt/airflow/dags/pipeline.py for tasks to queue
[2026-09-10T14:46:55.922+0000] {logging_mixin.py:190} INFO - [2026-09-10T14:46:55.921+0000] {dagbag.py:588} INFO - Filling up the DagBag from /opt/airflow/dags/pipeline.py
[2026-09-10T14:46:55.935+0000] {processor.py:925} INFO - DAG(s) 'credit_con' retrieved from /opt/airflow/dags/pipeline.py
[2026-09-10T14:46:55.963+0000] {logging_mixin.py:190} INFO - [2026-09-10T14:46:55.962+0000] {dag.py:3239} INFO - Sync 1 DAGs
[2026-09-10T14:46:55.978+0000] {logging_mixin.py:190} INFO - [2026-09-10T14:46:55.978+0000] {dag.py:4180} INFO - Setting next_dagrun for credit_con to None, run_after=None
[2026-09-10T14:46:55.997+0000] {processor.py:208} INFO - Processing /opt/airflow/dags/pipeline.py took 0.085 seconds
[2026-09-10T14:47:26.129+0000] {processor.py:186} INFO - Started process (PID=108) to work on /opt/airflow/dags/pipeline.py
[2026-09-10T14:47:26.130+0000] {processor.py:914} INFO - Processing file /opt/airflow/dags/pipeline.py for tasks to queue
[2026-09-10T14:47:26.131+0000] {logging_mixin.py:190} INFO - [2026-09-10T14:47:26.131+0000] {dagbag.py:588} INFO - Filling up the DagBag from /opt/airflow/dags/pipeline.py
[2026-09-10T14:47:26.141+0000] {processor.py:925} INFO - DAG(s) 'credit_con' retrieved from /opt/airflow/dags/pipeline.py
[2026-09-10T14:47:26.163+0000] {logging_mixin.py:190} INFO - [2026-09-10T14:47:26.163+0000] {dag.py:3239} INFO - Sync 1 DAGs
[2026-09-10T14:47:26.177+0000] {logging_mixin.py:190} INFO - [2026-09-10T14:47:26.177+0000] {dag.py:4180} INFO - Setting next_dagrun for credit_con to None, run_after=None
[2026-09-10T14:47:26.201+0000] {processor.py:208} INFO - Processing /opt/airflow/dags/pipeline.py took 0.077 seconds
[2026-09-10T14:47:56.369+0000] {processor.py:186} INFO - Started process (PID=109) to work on /opt/airflow/dags/pipeline.py
[2026-09-10T14:47:56.370+0000] {processor.py:914} INFO - Processing file /opt/airflow/dags/pipeline.py for tasks to queue
[2026-09-10T14:47:56.372+0000] {logging_mixin.py:190} INFO - [2026-09-10T14:47:56.371+0000] {dagbag.py:588} INFO - Filling up the DagBag from /opt/airflow/dags/pipeline.py
[2026-09-10T14:47:56.382+0000] {processor.py:925} INFO - DAG(s) 'credit_con' retrieved from /opt/airflow/dags/pipeline.py
[2026-09-10T14:47:56.405+0000] {logging_mixin.py:190} INFO - [2026-09-10T14:47:56.404+0000] {dag.py:3239} INFO - Sync 1 DAGs
[2026-09-10T14:47:56.418+0000] {logging_mixin.py:190} INFO - [2026-09-10T14:47:56.417+0000] {dag.py:4180} INFO - Setting next_dagrun for credit_con to None, run_after=None
[2026-09-10T14:47:56.438+0000] {processor.py:208} INFO - Processing /opt/airflow/dags/pipeline.py took 0.073 seconds
[2026-09-10T14:48:26.567+0000] {processor.py:186} INFO - Started process (PID=110) to work on /opt/airflow/dags/pipeline.py
[2026-09-10T14:48:26.568+0000] {processor.py:914} INFO - Processing file /opt/airflow/dags/pipeline.py for tasks to queue
[2026-09-10T14:48:26.569+0000] {logging_mixin.py:190} INFO - [2026-09-10T14:48:26.569+0000] {dagbag.py:588} INFO - Filling up the DagBag from /opt/airflow/dags/pipeline.py
[2026-09-10T14:48:26.580+0000] {processor.py:925} INFO - DAG(s) 'credit_con' retrieved from /opt/airflow/dags/pipeline.py
[2026-09-10T14:48:26.604+0000] {logging_mixin.py:190} INFO - [2026-09-10T14:48:26.603+0000] {dag.py:3239} INFO - Sync 1 DAGs
[2026-09-10T14:48:26.618+0000] {logging_mixin.py:190} INFO - [2026-09-10T14:48:26.618+0000] {dag.py:4180} INFO - Setting next_dagrun for credit_con to None, run_after=None
[2026-09-10T14:48:26.641+0000] {processor.py:208} INFO - Processing /opt/airflow/dags/pipeline.py took 0.079 seconds
[2026-09-10T14:48:56.836+0000] {processor.py:186} INFO - Started process (PID=111) to work on /opt/airflow/dags/pipeline.py
[2026-09-10T14:48:56.837+0000] {processor.py:914} INFO - Processing file /opt/airflow/dags/pipeline.py for tasks to queue
[2026-09-10T14:48:56.839+0000] {logging_mixin.py:190} INFO - [2026-09-10T14:48:56.838+0000] {dagbag.py:588} INFO - Filling up the DagBag from /opt/airflow/dags/pipeline.py
[2026-09-10T14:48:56.849+0000] {processor.py:925} INFO - DAG(s) 'credit_con' retrieved from /opt/airflow/dags/pipeline.py
[2026-09-10T14:48:56.874+0000] {logging_mixin.py:190} INFO - [2026-09-10T14:48:56.874+0000] {dag.py:3239} INFO - Sync 1 DAGs
[2026-09-10T14:48:56.889+0000] {logging_mixin.py:190} INFO - [2026-09-10T14:48:56.888+0000] {dag.py:4180} INFO - Setting next_dagrun for credit_con to None, run_after=None
[2026-09-10T14:48:56.911+0000] {processor.py:208} INFO - Processing /opt/airflow/dags/pipeline.py took 0.080 seconds
[2026-09-10T14:49:27.026+0000] {processor.py:186} INFO - Started process (PID=112) to work on /opt/airflow/dags/pipeline.py
[2026-09-10T14:49:27.027+0000] {processor.py:914} INFO - Processing file /opt/airflow/dags/pipeline.py for tasks to queue
[2026-09-10T14:49:27.029+0000] {logging_mixin.py:190} INFO - [2026-09-10T14:49:27.029+0000] {dagbag.py:588} INFO - Filling up the DagBag from /opt/airflow/dags/pipeline.py
[2026-09-10T14:49:27.039+0000] {processor.py:925} INFO - DAG(s) 'credit_con' retrieved from /opt/airflow/dags/pipeline.py
[2026-09-10T14:49:27.064+0000] {logging_mixin.py:190} INFO - [2026-09-10T14:49:27.064+0000] {dag.py:3239} INFO - Sync 1 DAGs
[2026-09-10T14:49:27.080+0000] {logging_mixin.py:190} INFO - [2026-09-10T14:49:27.080+0000] {dag.py:4180} INFO - Setting next_dagrun for credit_con to None, run_after=None
[2026-09-10T14:49:27.103+0000] {processor.py:208} INFO - Processing /opt/airflow/dags/pipeline.py took 0.082 seconds
[2026-09-10T14:49:57.275+0000] {processor.py:186} INFO - Started process (PID=113) to work on /opt/airflow/dags/pipeline.py
[2026-09-10T14:49:57.276+0000] {processor.py:914} INFO - Processing file /opt/airflow/dags/pipeline.py for tasks to queue
[2026-09-10T14:49:57.278+0000] {logging_mixin.py:190} INFO - [2026-09-10T14:49:57.277+0000] {dagbag.py:588} INFO - Filling up the DagBag from /opt/airflow/dags/pipeline.py
[2026-09-10T14:49:57.289+0000] {processor.py:925} INFO - DAG(s) 'credit_con' retrieved from /opt/airflow/dags/pipeline.py
[2026-09-10T14:49:57.313+0000] {logging_mixin.py:190} INFO - [2026-09-10T14:49:57.312+0000] {dag.py:3239} INFO - Sync 1 DAGs
[2026-09-10T14:49:57.328+0000] {logging_mixin.py:190} INFO - [2026-09-10T14:49:57.328+0000] {dag.py:4180} INFO - Setting next_dagrun for credit_con to None, run_after=None
[2026-09-10T14:49:57.345+0000] {processor.py:208} INFO - Processing /opt/airflow/dags/pipeline.py took 0.075 seconds
[2026-09-10T14:50:27.470+0000] {processor.py:186} INFO - Started process (PID=114) to work on /opt/airflow/dags/pipeline.py
[2026-09-10T14:50:27.471+0000] {processor.py:914} INFO - Processing file /opt/airflow/dags/pipeline.py for tasks to queue
[2026-09-10T14:50:27.472+0000] {logging_mixin.py:190} INFO - [2026-09-10T14:50:27.472+0000] {dagbag.py:588} INFO - Filling up the DagBag from /opt/airflow/dags/pipeline.py
[2026-09-10T14:50:27.482+0000] {processor.py:925} INFO - DAG(s) 'credit_con' retrieved from /opt/airflow/dags/pipeline.py
[2026-09-10T14:50:27.507+0000] {logging_mixin.py:190} INFO - [2026-09-10T14:50:27.506+0000] {dag.py:3239} INFO - Sync 1 DAGs
[2026-09-10T14:50:27.520+0000] {logging_mixin.py:190} INFO - [2026-09-10T14:50:27.520+0000] {dag.py:4180} INFO - Setting next_dagrun for credit_con to None, run_after=None
[2026-09-10T14:50:27.536+0000] {processor.py:208} INFO - Processing /opt/airflow/dags/pipeline.py took 0.072 seconds
[2026-09-10T14:50:57.719+0000] {processor.py:186} INFO - Started process (PID=115) to work on /opt/airflow/dags/pipeline.py
[2026-09-10T14:50:57.720+0000] {processor.py:914} INFO - Processing file /opt/airflow/dags/pipeline.py for tasks to queue
[2026-09-10T14:50:57.722+0000] {logging_mixin.py:190} INFO - [2026-09-10T14:50:57.721+0000] {dagbag.py:588} INFO - Filling up the DagBag from /opt/airflow/dags/pipeline.py
[2026-09-10T14:50:57.733+0000] {processor.py:925} INFO - DAG(s) 'credit_con' retrieved from /opt/airflow/dags/pipeline.py
[2026-09-10T14:50:57.759+0000] {logging_mixin.py:190} INFO - [2026-09-10T14:50:57.758+0000] {dag.py:3239} INFO - Sync 1 DAGs
[2026-09-10T14:50:57.776+0000] {logging_mixin.py:190} INFO - [2026-09-10T14:50:57.775+0000] {dag.py:4180} INFO - Setting next_dagrun for credit_con to None, run_after=None
[2026-09-10T14:50:57.794+0000] {processor.py:208} INFO - Processing /opt/airflow/dags/pipeline.py took 0.081 seconds
[2026-09-10T14:51:27.904+0000] {processor.py:186} INFO - Started process (PID=116) to work on /opt/airflow/dags/pipeline.py
[2026-09-10T14:51:27.906+0000] {processor.py:914} INFO - Processing file /opt/airflow/dags/pipeline.py for tasks to queue
[2026-09-10T14:51:27.908+0000] {logging_mixin.py:190} INFO - [2026-09-10T14:51:27.907+0000] {dagbag.py:588} INFO - Filling up the DagBag from /opt/airflow/dags/pipeline.py
[2026-09-10T14:51:27.923+0000] {processor.py:925} INFO - DAG(s) 'credit_con' retrieved from /opt/airflow/dags/pipeline.py
[2026-09-10T14:51:27.952+0000] {logging_mixin.py:190} INFO - [2026-09-10T14:51:27.952+0000] {dag.py:3239} INFO - Sync 1 DAGs
[2026-09-10T14:51:27.968+0000] {logging_mixin.py:190} INFO - [2026-09-10T14:51:27.967+0000] {dag.py:4180} INFO - Setting next_dagrun for credit_con to None, run_after=None
[2026-09-10T14:51:27.986+0000] {processor.py:208} INFO - Processing /opt/airflow/dags/pipeline.py took 0.087 seconds
[2026-09-10T14:51:58.161+0000] {processor.py:186} INFO - Started process (PID=117) to work on /opt/airflow/dags/pipeline.py
[2026-09-10T14:51:58.162+0000] {processor.py:914} INFO - Processing file /opt/airflow/dags/pipeline.py for tasks to queue
[2026-09-10T14:51:58.163+0000] {logging_mixin.py:190} INFO - [2026-09-10T14:51:58.163+0000] {dagbag.py:588} INFO - Filling up the DagBag from /opt/airflow/dags/pipeline.py
[2026-09-10T14:51:58.174+0000] {processor.py:925} INFO - DAG(s) 'credit_con' retrieved from /opt/airflow/dags/pipeline.py
[2026-09-10T14:51:58.197+0000] {logging_mixin.py:190} INFO - [2026-09-10T14:51:58.197+0000] {dag.py:3239} INFO - Sync 1 DAGs
[2026-09-10T14:51:58.213+0000] {logging_mixin.py:190} INFO - [2026-09-10T14:51:58.213+0000] {dag.py:4180} INFO - Setting next_dagrun for credit_con to None, run_after=None
[2026-09-10T14:51:58.233+0000] {processor.py:208} INFO - Processing /opt/airflow/dags/pipeline.py took 0.077 seconds
[2026-09-10T14:52:28.364+0000] {processor.py:186} INFO - Started process (PID=118) to work on /opt/airflow/dags/pipeline.py
[2026-09-10T14:52:28.365+0000] {processor.py:914} INFO - Processing file /opt/airflow/dags/pipeline.py for tasks to queue
[2026-09-10T14:52:28.367+0000] {logging_mixin.py:190} INFO - [2026-09-10T14:52:28.366+0000] {dagbag.py:588} INFO - Filling up the DagBag from /opt/airflow/dags/pipeline.py
[2026-09-10T14:52:28.376+0000] {processor.py:925} INFO - DAG(s) 'credit_con' retrieved from /opt/airflow/dags/pipeline.py
[2026-09-10T14:52:28.401+0000] {logging_mixin.py:190} INFO - [2026-09-10T14:52:28.401+0000] {dag.py:3239} INFO - Sync 1 DAGs
[2026-09-10T14:52:28.417+0000] {logging_mixin.py:190} INFO - [2026-09-10T14:52:28.417+0000] {dag.py:4180} INFO - Setting next_dagrun for credit_con to None, run_after=None
[2026-09-10T14:52:28.434+0000] {processor.py:208} INFO - Processing /opt/airflow/dags/pipeline.py took 0.075 seconds
[2026-09-10T14:52:58.601+0000] {processor.py:186} INFO - Started process (PID=119) to work on /opt/airflow/dags/pipeline.py
[2026-09-10T14:52:58.602+0000] {processor.py:914} INFO - Processing file /opt/airflow/dags/pipeline.py for tasks to queue
[2026-09-10T14:52:58.604+0000] {logging_mixin.py:190} INFO - [2026-09-10T14:52:58.604+0000] {dagbag.py:588} INFO - Filling up the DagBag from /opt/airflow/dags/pipeline.py
[2026-09-10T14:52:58.616+0000] {processor.py:925} INFO - DAG(s) 'credit_con' retrieved from /opt/airflow/dags/pipeline.py
[2026-09-10T14:52:58.640+0000] {logging_mixin.py:190} INFO - [2026-09-10T14:52:58.640+0000] {dag.py:3239} INFO - Sync 1 DAGs
[2026-09-10T14:52:58.654+0000] {logging_mixin.py:190} INFO - [2026-09-10T14:52:58.654+0000] {dag.py:4180} INFO - Setting next_dagrun for credit_con to None, run_after=None
[2026-09-10T14:52:58.672+0000] {processor.py:208} INFO - Processing /opt/airflow/dags/pipeline.py took 0.075 seconds
[2026-09-10T14:53:28.792+0000] {processor.py:186} INFO - Started process (PID=120) to work on /opt/airflow/dags/pipeline.py
[2026-09-10T14:53:28.793+0000] {processor.py:914} INFO - Processing file /opt/airflow/dags/pipeline.py for tasks to queue
[2026-09-10T14:53:28.794+0000] {logging_mixin.py:190} INFO - [2026-09-10T14:53:28.794+0000] {dagbag.py:588} INFO - Filling up the DagBag from /opt/airflow/dags/pipeline.py
[2026-09-10T14:53:28.804+0000] {processor.py:925} INFO - DAG(s) 'credit_con' retrieved from /opt/airflow/dags/pipeline.py
[2026-09-10T14:53:28.826+0000] {logging_mixin.py:190} INFO - [2026-09-10T14:53:28.826+0000] {dag.py:3239} INFO - Sync 1 DAGs
[2026-09-10T14:53:28.839+0000] {logging_mixin.py:190} INFO - [2026-09-10T14:53:28.838+0000] {dag.py:4180} INFO - Setting next_dagrun for credit_con to None, run_after=None
[2026-09-10T14:53:28.854+0000] {processor.py:208} INFO - Processing /opt/airflow/dags/pipeline.py took 0.067 seconds
[2026-09-10T14:53:59.060+0000] {processor.py:186} INFO - Started process (PID=121) to work on /opt/airflow/dags/pipeline.py
[2026-09-10T14:53:59.060+0000] {processor.py:914} INFO - Processing file /opt/airflow/dags/pipeline.py for tasks to queue
[2026-09-10T14:53:59.062+0000] {logging_mixin.py:190} INFO - [2026-09-10T14:53:59.061+0000] {dagbag.py:588} INFO - Filling up the DagBag from /opt/airflow/dags/pipeline.py
[2026-09-10T14:53:59.071+0000] {processor.py:925} INFO - DAG(s) 'credit_con' retrieved from /opt/airflow/dags/pipeline.py
[2026-09-10T14:53:59.093+0000] {logging_mixin.py:190} INFO - [2026-09-10T14:53:59.093+0000] {dag.py:3239} INFO - Sync 1 DAGs
[2026-09-10T14:53:59.106+0000] {logging_mixin.py:190} INFO - [2026-09-10T14:53:59.106+0000] {dag.py:4180} INFO - Setting next_dagrun for credit_con to None, run_after=None
[2026-09-10T14:53:59.121+0000] {processor.py:208} INFO - Processing /opt/airflow/dags/pipeline.py took 0.066 seconds
[2026-09-10T14:54:29.256+0000] {processor.py:186} INFO - Started process (PID=122) to work on /opt/airflow/dags/pipeline.py
[2026-09-10T14:54:29.257+0000] {processor.py:914} INFO - Processing file /opt/airflow/dags/pipeline.py for tasks to queue
[2026-09-10T14:54:29.258+0000] {logging_mixin.py:190} INFO - [2026-09-10T14:54:29.258+0000] {dagbag.py:588} INFO - Filling up the DagBag from /opt/airflow/dags/pipeline.py
[2026-09-10T14:54:29.269+0000] {processor.py:925} INFO - DAG(s) 'credit_con' retrieved from /opt/airflow/dags/pipeline.py
[2026-09-10T14:54:29.294+0000] {logging_mixin.py:190} INFO - [2026-09-10T14:54:29.294+0000] {dag.py:3239} INFO - Sync 1 DAGs
[2026-09-10T14:54:29.308+0000] {logging_mixin.py:190} INFO - [2026-09-10T14:54:29.307+0000] {dag.py:4180} INFO - Setting next_dagrun for credit_con to None, run_after=None
[2026-09-10T14:54:29.326+0000] {processor.py:208} INFO - Processing /opt/airflow/dags/pipeline.py took 0.076 seconds
[2026-09-10T14:54:59.488+0000] {processor.py:186} INFO - Started process (PID=123) to work on /opt/airflow/dags/pipeline.py
[2026-09-10T14:54:59.489+0000] {processor.py:914} INFO - Processing file /opt/airflow/dags/pipeline.py for tasks to queue
[2026-09-10T14:54:59.490+0000] {logging_mixin.py:190} INFO - [2026-09-10T14:54:59.490+0000] {dagbag.py:588} INFO - Filling up the DagBag from /opt/airflow/dags/pipeline.py
[2026-09-10T14:54:59.499+0000] {processor.py:925} INFO - DAG(s) 'credit_con' retrieved from /opt/airflow/dags/pipeline.py
[2026-09-10T14:54:59.521+0000] {logging_mixin.py:190} INFO - [2026-09-10T14:54:59.521+0000] {dag.py:3239} INFO - Sync 1 DAGs
[2026-09-10T14:54:59.534+0000] {logging_mixin.py:190} INFO - [2026-09-10T14:54:59.534+0000] {dag.py:4180} INFO - Setting next_dagrun for credit_con to None, run_after=None
[2026-09-10T14:54:59.551+0000] {processor.py:208} INFO - Processing /opt/airflow/dags/pipeline.py took 0.068 seconds
[2026-09-10T14:55:29.679+0000] {processor.py:186} INFO - Started process (PID=124) to work on /opt/airflow/dags/pipeline.py
[2026-09-10T14:55:29.680+0000] {processor.py:914} INFO - Processing file /opt/airflow/dags/pipeline.py for tasks to queue
[2026-09-10T14:55:29.681+0000] {logging_mixin.py:190} INFO - [2026-09-10T14:55:29.681+0000] {dagbag.py:588} INFO - Filling up the DagBag from /opt/airflow/dags/pipeline.py
[2026-09-10T14:55:29.690+0000] {processor.py:925} INFO - DAG(s) 'credit_con' retrieved from /opt/airflow/dags/pipeline.py
[2026-09-10T14:55:29.714+0000] {logging_mixin.py:190} INFO - [2026-09-10T14:55:29.714+0000] {dag.py:3239} INFO - Sync 1 DAGs
[2026-09-10T14:55:29.729+0000] {logging_mixin.py:190} INFO - [2026-09-10T14:55:29.729+0000] {dag.py:4180} INFO - Setting next_dagrun for credit_con to None, run_after=None
[2026-09-10T14:55:29.745+0000] {processor.py:208} INFO - Processing /opt/airflow/dags/pipeline.py took 0.072 seconds
[2026-09-10T14:55:59.929+0000] {processor.py:186} INFO - Started process (PID=125) to work on /opt/airflow/dags/pipeline.py
[2026-09-10T14:55:59.930+0000] {processor.py:914} INFO - Processing file /opt/airflow/dags/pipeline.py for tasks to queue
[2026-09-10T14:55:59.931+0000] {logging_mixin.py:190} INFO - [2026-09-10T14:55:59.931+0000] {dagbag.py:588} INFO - Filling up the DagBag from /opt/airflow/dags/pipeline.py
[2026-09-10T14:55:59.941+0000] {processor.py:925} INFO - DAG(s) 'credit_con' retrieved from /opt/airflow/dags/pipeline.py
[2026-09-10T14:55:59.964+0000] {logging_mixin.py:190} INFO - [2026-09-10T14:55:59.964+0000] {dag.py:3239} INFO - Sync 1 DAGs
[2026-09-10T14:55:59.980+0000] {logging_mixin.py:190} INFO - [2026-09-10T14:55:59.979+0000] {dag.py:4180} INFO - Setting next_dagrun for credit_con to None, run_after=None
[2026-09-10T14:55:59.997+0000] {processor.py:208} INFO - Processing /opt/airflow/dags/pipeline.py took 0.073 seconds
[2026-09-10T14:56:30.120+0000] {processor.py:186} INFO - Started process (PID=126) to work on /opt/airflow/dags/pipeline.py
[2026-09-10T14:56:30.121+0000] {processor.py:914} INFO - Processing file /opt/airflow/dags/pipeline.py for tasks to queue
[2026-09-10T14:56:30.122+0000] {logging_mixin.py:190} INFO - [2026-09-10T14:56:30.122+0000] {dagbag.py:588} INFO - Filling up the DagBag from /opt/airflow/dags/pipeline.py
[2026-09-10T14:56:30.133+0000] {processor.py:925} INFO - DAG(s) 'credit_con' retrieved from /opt/airflow/dags/pipeline.py
[2026-09-10T14:56:30.158+0000] {logging_mixin.py:190} INFO - [2026-09-10T14:56:30.157+0000] {dag.py:3239} INFO - Sync 1 DAGs
[2026-09-10T14:56:30.172+0000] {logging_mixin.py:190} INFO - [2026-09-10T14:56:30.172+0000] {dag.py:4180} INFO - Setting next_dagrun for credit_con to None, run_after=None
[2026-09-10T14:56:30.191+0000] {processor.py:208} INFO - Processing /opt/airflow/dags/pipeline.py took 0.077 seconds
[2026-09-10T14:56:48.297+0000] {processor.py:186} INFO - Started process (PID=127) to work on /opt/airflow/dags/pipeline.py
[2026-09-10T14:56:48.298+0000] {processor.py:914} INFO - Processing file /opt/airflow/dags/pipeline.py for tasks to queue
[2026-09-10T14:56:48.300+0000] {logging_mixin.py:190} INFO - [2026-09-10T14:56:48.299+0000] {dagbag.py:588} INFO - Filling up the DagBag from /opt/airflow/dags/pipeline.py
[2026-09-10T14:56:48.317+0000] {processor.py:925} INFO - DAG(s) 'credit_risk_analysis_pipeline' retrieved from /opt/airflow/dags/pipeline.py
[2026-09-10T14:56:48.586+0000] {logging_mixin.py:190} INFO - [2026-09-10T14:56:48.586+0000] {dag.py:3239} INFO - Sync 1 DAGs
[2026-09-10T14:56:48.599+0000] {logging_mixin.py:190} INFO - [2026-09-10T14:56:48.599+0000] {dag.py:4180} INFO - Setting next_dagrun for credit_risk_analysis_pipeline to None, run_after=None
[2026-09-10T14:56:48.621+0000] {processor.py:208} INFO - Processing /opt/airflow/dags/pipeline.py took 0.329 seconds
[2026-09-10T14:56:49.324+0000] {processor.py:186} INFO - Started process (PID=128) to work on /opt/airflow/dags/pipeline.py
[2026-09-10T14:56:49.325+0000] {processor.py:914} INFO - Processing file /opt/airflow/dags/pipeline.py for tasks to queue
[2026-09-10T14:56:49.326+0000] {logging_mixin.py:190} INFO - [2026-09-10T14:56:49.326+0000] {dagbag.py:588} INFO - Filling up the DagBag from /opt/airflow/dags/pipeline.py
[2026-09-10T14:56:49.337+0000] {processor.py:925} INFO - DAG(s) 'credit_risk_analysis_pipeline' retrieved from /opt/airflow/dags/pipeline.py
[2026-09-10T14:56:49.350+0000] {logging_mixin.py:190} INFO - [2026-09-10T14:56:49.350+0000] {dag.py:3239} INFO - Sync 1 DAGs
[2026-09-10T14:56:49.364+0000] {logging_mixin.py:190} INFO - [2026-09-10T14:56:49.364+0000] {dag.py:4180} INFO - Setting next_dagrun for credit_risk_analysis_pipeline to None, run_after=None
[2026-09-10T14:56:49.383+0000] {processor.py:208} INFO - Processing /opt/airflow/dags/pipeline.py took 0.064 seconds
[2026-09-10T14:56:50.344+0000] {processor.py:186} INFO - Started process (PID=129) to work on /opt/airflow/dags/pipeline.py
[2026-09-10T14:56:50.345+0000] {processor.py:914} INFO - Processing file /opt/airflow/dags/pipeline.py for tasks to queue
[2026-09-10T14:56:50.346+0000] {logging_mixin.py:190} INFO - [2026-09-10T14:56:50.346+0000] {dagbag.py:588} INFO - Filling up the DagBag from /opt/airflow/dags/pipeline.py
[2026-09-10T14:56:50.363+0000] {processor.py:925} INFO - DAG(s) 'credit_risk_analysis_pipeline' retrieved from /opt/airflow/dags/pipeline.py
[2026-09-10T14:56:50.377+0000] {logging_mixin.py:190} INFO - [2026-09-10T14:56:50.377+0000] {dag.py:3239} INFO - Sync 1 DAGs
[2026-09-10T14:56:50.392+0000] {logging_mixin.py:190} INFO - [2026-09-10T14:56:50.392+0000] {dag.py:4180} INFO - Setting next_dagrun for credit_risk_analysis_pipeline to None, run_after=None
[2026-09-10T14:56:50.411+0000] {processor.py:208} INFO - Processing /opt/airflow/dags/pipeline.py took 0.074 seconds
[2026-09-10T14:56:51.432+0000] {processor.py:186} INFO - Started process (PID=130) to work on /opt/airflow/dags/pipeline.py
[2026-09-10T14:56:51.433+0000] {processor.py:914} INFO - Processing file /opt/airflow/dags/pipeline.py for tasks to queue
[2026-09-10T14:56:51.435+0000] {logging_mixin.py:190} INFO - [2026-09-10T14:56:51.434+0000] {dagbag.py:588} INFO - Filling up the DagBag from /opt/airflow/dags/pipeline.py
[2026-09-10T14:56:51.444+0000] {processor.py:925} INFO - DAG(s) 'credit_risk_analysis_pipeline' retrieved from /opt/airflow/dags/pipeline.py
[2026-09-10T14:56:51.456+0000] {logging_mixin.py:190} INFO - [2026-09-10T14:56:51.456+0000] {dag.py:3239} INFO - Sync 1 DAGs
[2026-09-10T14:56:51.470+0000] {logging_mixin.py:190} INFO - [2026-09-10T14:56:51.470+0000] {dag.py:4180} INFO - Setting next_dagrun for credit_risk_analysis_pipeline to None, run_after=None
[2026-09-10T14:56:51.489+0000] {processor.py:208} INFO - Processing /opt/airflow/dags/pipeline.py took 0.061 seconds
[2026-09-10T14:56:52.460+0000] {processor.py:186} INFO - Started process (PID=131) to work on /opt/airflow/dags/pipeline.py
[2026-09-10T14:56:52.461+0000] {processor.py:914} INFO - Processing file /opt/airflow/dags/pipeline.py for tasks to queue
[2026-09-10T14:56:52.462+0000] {logging_mixin.py:190} INFO - [2026-09-10T14:56:52.462+0000] {dagbag.py:588} INFO - Filling up the DagBag from /opt/airflow/dags/pipeline.py
[2026-09-10T14:56:52.479+0000] {processor.py:925} INFO - DAG(s) 'credit_risk_analysis_pipeline' retrieved from /opt/airflow/dags/pipeline.py
[2026-09-10T14:56:52.491+0000] {logging_mixin.py:190} INFO - [2026-09-10T14:56:52.491+0000] {dag.py:3239} INFO - Sync 1 DAGs
[2026-09-10T14:56:52.505+0000] {logging_mixin.py:190} INFO - [2026-09-10T14:56:52.505+0000] {dag.py:4180} INFO - Setting next_dagrun for credit_risk_analysis_pipeline to None, run_after=None
[2026-09-10T14:56:52.523+0000] {processor.py:208} INFO - Processing /opt/airflow/dags/pipeline.py took 0.068 seconds
[2026-09-10T14:56:53.538+0000] {processor.py:186} INFO - Started process (PID=132) to work on /opt/airflow/dags/pipeline.py
[2026-09-10T14:56:53.539+0000] {processor.py:914} INFO - Processing file /opt/airflow/dags/pipeline.py for tasks to queue
[2026-09-10T14:56:53.541+0000] {logging_mixin.py:190} INFO - [2026-09-10T14:56:53.540+0000] {dagbag.py:588} INFO - Filling up the DagBag from /opt/airflow/dags/pipeline.py
[2026-09-10T14:56:53.556+0000] {processor.py:925} INFO - DAG(s) 'credit_risk_analysis_pipeline' retrieved from /opt/airflow/dags/pipeline.py
[2026-09-10T14:56:53.568+0000] {logging_mixin.py:190} INFO - [2026-09-10T14:56:53.568+0000] {dag.py:3239} INFO - Sync 1 DAGs
[2026-09-10T14:56:53.583+0000] {logging_mixin.py:190} INFO - [2026-09-10T14:56:53.583+0000] {dag.py:4180} INFO - Setting next_dagrun for credit_risk_analysis_pipeline to None, run_after=None
[2026-09-10T14:56:53.602+0000] {processor.py:208} INFO - Processing /opt/airflow/dags/pipeline.py took 0.070 seconds
[2026-09-10T14:56:54.571+0000] {processor.py:186} INFO - Started process (PID=133) to work on /opt/airflow/dags/pipeline.py
[2026-09-10T14:56:54.572+0000] {processor.py:914} INFO - Processing file /opt/airflow/dags/pipeline.py for tasks to queue
[2026-09-10T14:56:54.573+0000] {logging_mixin.py:190} INFO - [2026-09-10T14:56:54.573+0000] {dagbag.py:588} INFO - Filling up the DagBag from /opt/airflow/dags/pipeline.py
[2026-09-10T14:56:54.584+0000] {processor.py:925} INFO - DAG(s) 'credit_risk_analysis_pipeline' retrieved from /opt/airflow/dags/pipeline.py
[2026-09-10T14:56:54.597+0000] {logging_mixin.py:190} INFO - [2026-09-10T14:56:54.597+0000] {dag.py:3239} INFO - Sync 1 DAGs
[2026-09-10T14:56:54.614+0000] {logging_mixin.py:190} INFO - [2026-09-10T14:56:54.614+0000] {dag.py:4180} INFO - Setting next_dagrun for credit_risk_analysis_pipeline to None, run_after=None
[2026-09-10T14:56:54.635+0000] {processor.py:208} INFO - Processing /opt/airflow/dags/pipeline.py took 0.069 seconds
[2026-09-10T14:57:24.812+0000] {processor.py:186} INFO - Started process (PID=148) to work on /opt/airflow/dags/pipeline.py
[2026-09-10T14:57:24.813+0000] {processor.py:914} INFO - Processing file /opt/airflow/dags/pipeline.py for tasks to queue
[2026-09-10T14:57:24.814+0000] {logging_mixin.py:190} INFO - [2026-09-10T14:57:24.814+0000] {dagbag.py:588} INFO - Filling up the DagBag from /opt/airflow/dags/pipeline.py
[2026-09-10T14:57:24.826+0000] {processor.py:925} INFO - DAG(s) 'credit_risk_analysis_pipeline' retrieved from /opt/airflow/dags/pipeline.py
[2026-09-10T14:57:24.850+0000] {logging_mixin.py:190} INFO - [2026-09-10T14:57:24.849+0000] {dag.py:3239} INFO - Sync 1 DAGs
[2026-09-10T14:57:24.864+0000] {logging_mixin.py:190} INFO - [2026-09-10T14:57:24.864+0000] {dag.py:4180} INFO - Setting next_dagrun for credit_risk_analysis_pipeline to None, run_after=None
[2026-09-10T14:57:24.882+0000] {processor.py:208} INFO - Processing /opt/airflow/dags/pipeline.py took 0.075 seconds
[2026-09-10T14:57:55.034+0000] {processor.py:186} INFO - Started process (PID=149) to work on /opt/airflow/dags/pipeline.py
[2026-09-10T14:57:55.036+0000] {processor.py:914} INFO - Processing file /opt/airflow/dags/pipeline.py for tasks to queue
[2026-09-10T14:57:55.040+0000] {logging_mixin.py:190} INFO - [2026-09-10T14:57:55.039+0000] {dagbag.py:588} INFO - Filling up the DagBag from /opt/airflow/dags/pipeline.py
[2026-09-10T14:57:55.056+0000] {processor.py:925} INFO - DAG(s) 'credit_risk_analysis_pipeline' retrieved from /opt/airflow/dags/pipeline.py
[2026-09-10T14:57:55.086+0000] {logging_mixin.py:190} INFO - [2026-09-10T14:57:55.085+0000] {dag.py:3239} INFO - Sync 1 DAGs
[2026-09-10T14:57:55.108+0000] {logging_mixin.py:190} INFO - [2026-09-10T14:57:55.108+0000] {dag.py:4180} INFO - Setting next_dagrun for credit_risk_analysis_pipeline to None, run_after=None
[2026-09-10T14:57:55.133+0000] {processor.py:208} INFO - Processing /opt/airflow/dags/pipeline.py took 0.108 seconds
[2026-09-10T14:58:25.249+0000] {processor.py:186} INFO - Started process (PID=150) to work on /opt/airflow/dags/pipeline.py
[2026-09-10T14:58:25.250+0000] {processor.py:914} INFO - Processing file /opt/airflow/dags/pipeline.py for tasks to queue
[2026-09-10T14:58:25.251+0000] {logging_mixin.py:190} INFO - [2026-09-10T14:58:25.251+0000] {dagbag.py:588} INFO - Filling up the DagBag from /opt/airflow/dags/pipeline.py
[2026-09-10T14:58:25.262+0000] {processor.py:925} INFO - DAG(s) 'credit_risk_analysis_pipeline' retrieved from /opt/airflow/dags/pipeline.py
[2026-09-10T14:58:25.286+0000] {logging_mixin.py:190} INFO - [2026-09-10T14:58:25.286+0000] {dag.py:3239} INFO - Sync 1 DAGs
[2026-09-10T14:58:25.300+0000] {logging_mixin.py:190} INFO - [2026-09-10T14:58:25.300+0000] {dag.py:4180} INFO - Setting next_dagrun for credit_risk_analysis_pipeline to None, run_after=None
[2026-09-10T14:58:25.321+0000] {processor.py:208} INFO - Processing /opt/airflow/dags/pipeline.py took 0.077 seconds
[2026-09-10T14:58:55.547+0000] {processor.py:186} INFO - Started process (PID=151) to work on /opt/airflow/dags/pipeline.py
[2026-09-10T14:58:55.548+0000] {processor.py:914} INFO - Processing file /opt/airflow/dags/pipeline.py for tasks to queue
[2026-09-10T14:58:55.550+0000] {logging_mixin.py:190} INFO - [2026-09-10T14:58:55.549+0000] {dagbag.py:588} INFO - Filling up the DagBag from /opt/airflow/dags/pipeline.py
[2026-09-10T14:58:55.559+0000] {processor.py:925} INFO - DAG(s) 'credit_risk_analysis_pipeline' retrieved from /opt/airflow/dags/pipeline.py
[2026-09-10T14:58:55.582+0000] {logging_mixin.py:190} INFO - [2026-09-10T14:58:55.582+0000] {dag.py:3239} INFO - Sync 1 DAGs
[2026-09-10T14:58:55.597+0000] {logging_mixin.py:190} INFO - [2026-09-10T14:58:55.597+0000] {dag.py:4180} INFO - Setting next_dagrun for credit_risk_analysis_pipeline to None, run_after=None
[2026-09-10T14:58:55.614+0000] {processor.py:208} INFO - Processing /opt/airflow/dags/pipeline.py took 0.072 seconds
[2026-09-10T14:59:25.746+0000] {processor.py:186} INFO - Started process (PID=152) to work on /opt/airflow/dags/pipeline.py
[2026-09-10T14:59:25.747+0000] {processor.py:914} INFO - Processing file /opt/airflow/dags/pipeline.py for tasks to queue
[2026-09-10T14:59:25.748+0000] {logging_mixin.py:190} INFO - [2026-09-10T14:59:25.748+0000] {dagbag.py:588} INFO - Filling up the DagBag from /opt/airflow/dags/pipeline.py
[2026-09-10T14:59:25.758+0000] {processor.py:925} INFO - DAG(s) 'credit_risk_analysis_pipeline' retrieved from /opt/airflow/dags/pipeline.py
[2026-09-10T14:59:25.782+0000] {logging_mixin.py:190} INFO - [2026-09-10T14:59:25.781+0000] {dag.py:3239} INFO - Sync 1 DAGs
[2026-09-10T14:59:25.796+0000] {logging_mixin.py:190} INFO - [2026-09-10T14:59:25.795+0000] {dag.py:4180} INFO - Setting next_dagrun for credit_risk_analysis_pipeline to None, run_after=None
[2026-09-10T14:59:25.816+0000] {processor.py:208} INFO - Processing /opt/airflow/dags/pipeline.py took 0.076 seconds
[2026-09-10T14:59:55.971+0000] {processor.py:186} INFO - Started process (PID=153) to work on /opt/airflow/dags/pipeline.py
[2026-09-10T14:59:55.972+0000] {processor.py:914} INFO - Processing file /opt/airflow/dags/pipeline.py for tasks to queue
[2026-09-10T14:59:55.973+0000] {logging_mixin.py:190} INFO - [2026-09-10T14:59:55.973+0000] {dagbag.py:588} INFO - Filling up the DagBag from /opt/airflow/dags/pipeline.py
[2026-09-10T14:59:55.984+0000] {processor.py:925} INFO - DAG(s) 'credit_risk_analysis_pipeline' retrieved from /opt/airflow/dags/pipeline.py
[2026-09-10T14:59:56.007+0000] {logging_mixin.py:190} INFO - [2026-09-10T14:59:56.007+0000] {dag.py:3239} INFO - Sync 1 DAGs
[2026-09-10T14:59:56.021+0000] {logging_mixin.py:190} INFO - [2026-09-10T14:59:56.021+0000] {dag.py:4180} INFO - Setting next_dagrun for credit_risk_analysis_pipeline to None, run_after=None
[2026-09-10T14:59:56.044+0000] {processor.py:208} INFO - Processing /opt/airflow/dags/pipeline.py took 0.078 seconds
[2026-09-10T15:00:26.167+0000] {processor.py:186} INFO - Started process (PID=154) to work on /opt/airflow/dags/pipeline.py
[2026-09-10T15:00:26.169+0000] {processor.py:914} INFO - Processing file /opt/airflow/dags/pipeline.py for tasks to queue
[2026-09-10T15:00:26.170+0000] {logging_mixin.py:190} INFO - [2026-09-10T15:00:26.170+0000] {dagbag.py:588} INFO - Filling up the DagBag from /opt/airflow/dags/pipeline.py
[2026-09-10T15:00:26.180+0000] {processor.py:925} INFO - DAG(s) 'credit_risk_analysis_pipeline' retrieved from /opt/airflow/dags/pipeline.py
[2026-09-10T15:00:26.204+0000] {logging_mixin.py:190} INFO - [2026-09-10T15:00:26.204+0000] {dag.py:3239} INFO - Sync 1 DAGs
[2026-09-10T15:00:26.219+0000] {logging_mixin.py:190} INFO - [2026-09-10T15:00:26.219+0000] {dag.py:4180} INFO - Setting next_dagrun for credit_risk_analysis_pipeline to None, run_after=None
[2026-09-10T15:00:26.399+0000] {processor.py:208} INFO - Processing /opt/airflow/dags/pipeline.py took 0.237 seconds
[2026-09-10T15:00:56.600+0000] {processor.py:186} INFO - Started process (PID=155) to work on /opt/airflow/dags/pipeline.py
[2026-09-10T15:00:56.602+0000] {processor.py:914} INFO - Processing file /opt/airflow/dags/pipeline.py for tasks to queue
[2026-09-10T15:00:56.603+0000] {logging_mixin.py:190} INFO - [2026-09-10T15:00:56.603+0000] {dagbag.py:588} INFO - Filling up the DagBag from /opt/airflow/dags/pipeline.py
[2026-09-10T15:00:56.615+0000] {processor.py:925} INFO - DAG(s) 'credit_risk_analysis_pipeline' retrieved from /opt/airflow/dags/pipeline.py
[2026-09-10T15:00:56.639+0000] {logging_mixin.py:190} INFO - [2026-09-10T15:00:56.639+0000] {dag.py:3239} INFO - Sync 1 DAGs
[2026-09-10T15:00:56.653+0000] {logging_mixin.py:190} INFO - [2026-09-10T15:00:56.653+0000] {dag.py:4180} INFO - Setting next_dagrun for credit_risk_analysis_pipeline to None, run_after=None
[2026-09-10T15:00:56.675+0000] {processor.py:208} INFO - Processing /opt/airflow/dags/pipeline.py took 0.079 seconds
[2026-09-10T15:01:26.781+0000] {processor.py:186} INFO - Started process (PID=156) to work on /opt/airflow/dags/pipeline.py
[2026-09-10T15:01:26.782+0000] {processor.py:914} INFO - Processing file /opt/airflow/dags/pipeline.py for tasks to queue
[2026-09-10T15:01:26.783+0000] {logging_mixin.py:190} INFO - [2026-09-10T15:01:26.783+0000] {dagbag.py:588} INFO - Filling up the DagBag from /opt/airflow/dags/pipeline.py
[2026-09-10T15:01:26.793+0000] {processor.py:925} INFO - DAG(s) 'credit_risk_analysis_pipeline' retrieved from /opt/airflow/dags/pipeline.py
[2026-09-10T15:01:26.817+0000] {logging_mixin.py:190} INFO - [2026-09-10T15:01:26.816+0000] {dag.py:3239} INFO - Sync 1 DAGs
[2026-09-10T15:01:26.830+0000] {logging_mixin.py:190} INFO - [2026-09-10T15:01:26.830+0000] {dag.py:4180} INFO - Setting next_dagrun for credit_risk_analysis_pipeline to None, run_after=None
[2026-09-10T15:01:26.848+0000] {processor.py:208} INFO - Processing /opt/airflow/dags/pipeline.py took 0.072 seconds
[2026-09-10T15:01:57.043+0000] {processor.py:186} INFO - Started process (PID=157) to work on /opt/airflow/dags/pipeline.py
[2026-09-10T15:01:57.044+0000] {processor.py:914} INFO - Processing file /opt/airflow/dags/pipeline.py for tasks to queue
[2026-09-10T15:01:57.046+0000] {logging_mixin.py:190} INFO - [2026-09-10T15:01:57.045+0000] {dagbag.py:588} INFO - Filling up the DagBag from /opt/airflow/dags/pipeline.py
[2026-09-10T15:01:57.055+0000] {processor.py:925} INFO - DAG(s) 'credit_risk_analysis_pipeline' retrieved from /opt/airflow/dags/pipeline.py
[2026-09-10T15:01:57.076+0000] {logging_mixin.py:190} INFO - [2026-09-10T15:01:57.076+0000] {dag.py:3239} INFO - Sync 1 DAGs
[2026-09-10T15:01:57.089+0000] {logging_mixin.py:190} INFO - [2026-09-10T15:01:57.089+0000] {dag.py:4180} INFO - Setting next_dagrun for credit_risk_analysis_pipeline to None, run_after=None
[2026-09-10T15:01:57.110+0000] {processor.py:208} INFO - Processing /opt/airflow/dags/pipeline.py took 0.071 seconds
[2026-09-10T15:02:27.239+0000] {processor.py:186} INFO - Started process (PID=158) to work on /opt/airflow/dags/pipeline.py
[2026-09-10T15:02:27.240+0000] {processor.py:914} INFO - Processing file /opt/airflow/dags/pipeline.py for tasks to queue
[2026-09-10T15:02:27.242+0000] {logging_mixin.py:190} INFO - [2026-09-10T15:02:27.241+0000] {dagbag.py:588} INFO - Filling up the DagBag from /opt/airflow/dags/pipeline.py
[2026-09-10T15:02:27.251+0000] {processor.py:925} INFO - DAG(s) 'credit_risk_analysis_pipeline' retrieved from /opt/airflow/dags/pipeline.py
[2026-09-10T15:02:27.272+0000] {logging_mixin.py:190} INFO - [2026-09-10T15:02:27.272+0000] {dag.py:3239} INFO - Sync 1 DAGs
[2026-09-10T15:02:27.285+0000] {logging_mixin.py:190} INFO - [2026-09-10T15:02:27.285+0000] {dag.py:4180} INFO - Setting next_dagrun for credit_risk_analysis_pipeline to None, run_after=None
[2026-09-10T15:02:27.306+0000] {processor.py:208} INFO - Processing /opt/airflow/dags/pipeline.py took 0.072 seconds
[2026-09-10T15:02:57.475+0000] {processor.py:186} INFO - Started process (PID=159) to work on /opt/airflow/dags/pipeline.py
[2026-09-10T15:02:57.476+0000] {processor.py:914} INFO - Processing file /opt/airflow/dags/pipeline.py for tasks to queue
[2026-09-10T15:02:57.478+0000] {logging_mixin.py:190} INFO - [2026-09-10T15:02:57.478+0000] {dagbag.py:588} INFO - Filling up the DagBag from /opt/airflow/dags/pipeline.py
[2026-09-10T15:02:57.487+0000] {processor.py:925} INFO - DAG(s) 'credit_risk_analysis_pipeline' retrieved from /opt/airflow/dags/pipeline.py
[2026-09-10T15:02:57.510+0000] {logging_mixin.py:190} INFO - [2026-09-10T15:02:57.509+0000] {dag.py:3239} INFO - Sync 1 DAGs
[2026-09-10T15:02:57.524+0000] {logging_mixin.py:190} INFO - [2026-09-10T15:02:57.524+0000] {dag.py:4180} INFO - Setting next_dagrun for credit_risk_analysis_pipeline to None, run_after=None
[2026-09-10T15:02:57.545+0000] {processor.py:208} INFO - Processing /opt/airflow/dags/pipeline.py took 0.073 seconds
[2026-09-10T15:03:27.674+0000] {processor.py:186} INFO - Started process (PID=160) to work on /opt/airflow/dags/pipeline.py
[2026-09-10T15:03:27.676+0000] {processor.py:914} INFO - Processing file /opt/airflow/dags/pipeline.py for tasks to queue
[2026-09-10T15:03:27.677+0000] {logging_mixin.py:190} INFO - [2026-09-10T15:03:27.677+0000] {dagbag.py:588} INFO - Filling up the DagBag from /opt/airflow/dags/pipeline.py
[2026-09-10T15:03:27.686+0000] {processor.py:925} INFO - DAG(s) 'credit_risk_analysis_pipeline' retrieved from /opt/airflow/dags/pipeline.py
[2026-09-10T15:03:27.709+0000] {logging_mixin.py:190} INFO - [2026-09-10T15:03:27.709+0000] {dag.py:3239} INFO - Sync 1 DAGs
[2026-09-10T15:03:27.722+0000] {logging_mixin.py:190} INFO - [2026-09-10T15:03:27.722+0000] {dag.py:4180} INFO - Setting next_dagrun for credit_risk_analysis_pipeline to None, run_after=None
[2026-09-10T15:03:27.869+0000] {processor.py:208} INFO - Processing /opt/airflow/dags/pipeline.py took 0.200 seconds
[2026-09-10T15:03:57.920+0000] {processor.py:186} INFO - Started process (PID=161) to work on /opt/airflow/dags/pipeline.py
[2026-09-10T15:03:57.922+0000] {processor.py:914} INFO - Processing file /opt/airflow/dags/pipeline.py for tasks to queue
[2026-09-10T15:03:57.923+0000] {logging_mixin.py:190} INFO - [2026-09-10T15:03:57.923+0000] {dagbag.py:588} INFO - Filling up the DagBag from /opt/airflow/dags/pipeline.py
[2026-09-10T15:03:57.933+0000] {processor.py:925} INFO - DAG(s) 'credit_risk_analysis_pipeline' retrieved from /opt/airflow/dags/pipeline.py
[2026-09-10T15:03:57.958+0000] {logging_mixin.py:190} INFO - [2026-09-10T15:03:57.958+0000] {dag.py:3239} INFO - Sync 1 DAGs
[2026-09-10T15:03:57.972+0000] {logging_mixin.py:190} INFO - [2026-09-10T15:03:57.972+0000] {dag.py:4180} INFO - Setting next_dagrun for credit_risk_analysis_pipeline to None, run_after=None
[2026-09-10T15:03:57.994+0000] {processor.py:208} INFO - Processing /opt/airflow/dags/pipeline.py took 0.080 seconds
[2026-09-10T15:04:28.103+0000] {processor.py:186} INFO - Started process (PID=162) to work on /opt/airflow/dags/pipeline.py
[2026-09-10T15:04:28.104+0000] {processor.py:914} INFO - Processing file /opt/airflow/dags/pipeline.py for tasks to queue
[2026-09-10T15:04:28.106+0000] {logging_mixin.py:190} INFO - [2026-09-10T15:04:28.105+0000] {dagbag.py:588} INFO - Filling up the DagBag from /opt/airflow/dags/pipeline.py
[2026-09-10T15:04:28.117+0000] {processor.py:925} INFO - DAG(s) 'credit_risk_analysis_pipeline' retrieved from /opt/airflow/dags/pipeline.py
[2026-09-10T15:04:28.144+0000] {logging_mixin.py:190} INFO - [2026-09-10T15:04:28.143+0000] {dag.py:3239} INFO - Sync 1 DAGs
[2026-09-10T15:04:28.158+0000] {logging_mixin.py:190} INFO - [2026-09-10T15:04:28.158+0000] {dag.py:4180} INFO - Setting next_dagrun for credit_risk_analysis_pipeline to None, run_after=None
[2026-09-10T15:04:28.176+0000] {processor.py:208} INFO - Processing /opt/airflow/dags/pipeline.py took 0.079 seconds
[2026-09-10T15:04:58.365+0000] {processor.py:186} INFO - Started process (PID=163) to work on /opt/airflow/dags/pipeline.py
[2026-09-10T15:04:58.366+0000] {processor.py:914} INFO - Processing file /opt/airflow/dags/pipeline.py for tasks to queue
[2026-09-10T15:04:58.368+0000] {logging_mixin.py:190} INFO - [2026-09-10T15:04:58.367+0000] {dagbag.py:588} INFO - Filling up the DagBag from /opt/airflow/dags/pipeline.py
[2026-09-10T15:04:58.377+0000] {processor.py:925} INFO - DAG(s) 'credit_risk_analysis_pipeline' retrieved from /opt/airflow/dags/pipeline.py
[2026-09-10T15:04:58.401+0000] {logging_mixin.py:190} INFO - [2026-09-10T15:04:58.401+0000] {dag.py:3239} INFO - Sync 1 DAGs
[2026-09-10T15:04:58.416+0000] {logging_mixin.py:190} INFO - [2026-09-10T15:04:58.416+0000] {dag.py:4180} INFO - Setting next_dagrun for credit_risk_analysis_pipeline to None, run_after=None
[2026-09-10T15:04:58.438+0000] {processor.py:208} INFO - Processing /opt/airflow/dags/pipeline.py took 0.078 seconds
[2026-09-10T15:05:28.563+0000] {processor.py:186} INFO - Started process (PID=164) to work on /opt/airflow/dags/pipeline.py
[2026-09-10T15:05:28.565+0000] {processor.py:914} INFO - Processing file /opt/airflow/dags/pipeline.py for tasks to queue
[2026-09-10T15:05:28.566+0000] {logging_mixin.py:190} INFO - [2026-09-10T15:05:28.566+0000] {dagbag.py:588} INFO - Filling up the DagBag from /opt/airflow/dags/pipeline.py
[2026-09-10T15:05:28.577+0000] {processor.py:925} INFO - DAG(s) 'credit_risk_analysis_pipeline' retrieved from /opt/airflow/dags/pipeline.py
[2026-09-10T15:05:28.601+0000] {logging_mixin.py:190} INFO - [2026-09-10T15:05:28.601+0000] {dag.py:3239} INFO - Sync 1 DAGs
[2026-09-10T15:05:28.615+0000] {logging_mixin.py:190} INFO - [2026-09-10T15:05:28.615+0000] {dag.py:4180} INFO - Setting next_dagrun for credit_risk_analysis_pipeline to None, run_after=None
[2026-09-10T15:05:28.637+0000] {processor.py:208} INFO - Processing /opt/airflow/dags/pipeline.py took 0.080 seconds
[2026-09-10T15:05:58.807+0000] {processor.py:186} INFO - Started process (PID=165) to work on /opt/airflow/dags/pipeline.py
[2026-09-10T15:05:58.808+0000] {processor.py:914} INFO - Processing file /opt/airflow/dags/pipeline.py for tasks to queue
[2026-09-10T15:05:58.809+0000] {logging_mixin.py:190} INFO - [2026-09-10T15:05:58.809+0000] {dagbag.py:588} INFO - Filling up the DagBag from /opt/airflow/dags/pipeline.py
[2026-09-10T15:05:58.819+0000] {processor.py:925} INFO - DAG(s) 'credit_risk_analysis_pipeline' retrieved from /opt/airflow/dags/pipeline.py
[2026-09-10T15:05:58.842+0000] {logging_mixin.py:190} INFO - [2026-09-10T15:05:58.842+0000] {dag.py:3239} INFO - Sync 1 DAGs
[2026-09-10T15:05:58.857+0000] {logging_mixin.py:190} INFO - [2026-09-10T15:05:58.856+0000] {dag.py:4180} INFO - Setting next_dagrun for credit_risk_analysis_pipeline to None, run_after=None
[2026-09-10T15:05:58.881+0000] {processor.py:208} INFO - Processing /opt/airflow/dags/pipeline.py took 0.078 seconds
[2026-09-10T15:06:29.001+0000] {processor.py:186} INFO - Started process (PID=166) to work on /opt/airflow/dags/pipeline.py
[2026-09-10T15:06:29.002+0000] {processor.py:914} INFO - Processing file /opt/airflow/dags/pipeline.py for tasks to queue
[2026-09-10T15:06:29.004+0000] {logging_mixin.py:190} INFO - [2026-09-10T15:06:29.003+0000] {dagbag.py:588} INFO - Filling up the DagBag from /opt/airflow/dags/pipeline.py
[2026-09-10T15:06:29.016+0000] {processor.py:925} INFO - DAG(s) 'credit_risk_analysis_pipeline' retrieved from /opt/airflow/dags/pipeline.py
[2026-09-10T15:06:29.041+0000] {logging_mixin.py:190} INFO - [2026-09-10T15:06:29.041+0000] {dag.py:3239} INFO - Sync 1 DAGs
[2026-09-10T15:06:29.056+0000] {logging_mixin.py:190} INFO - [2026-09-10T15:06:29.056+0000] {dag.py:4180} INFO - Setting next_dagrun for credit_risk_analysis_pipeline to None, run_after=None
[2026-09-10T15:06:29.075+0000] {processor.py:208} INFO - Processing /opt/airflow/dags/pipeline.py took 0.079 seconds
[2026-09-10T15:06:59.238+0000] {processor.py:186} INFO - Started process (PID=167) to work on /opt/airflow/dags/pipeline.py
[2026-09-10T15:06:59.239+0000] {processor.py:914} INFO - Processing file /opt/airflow/dags/pipeline.py for tasks to queue
[2026-09-10T15:06:59.240+0000] {logging_mixin.py:190} INFO - [2026-09-10T15:06:59.240+0000] {dagbag.py:588} INFO - Filling up the DagBag from /opt/airflow/dags/pipeline.py
[2026-09-10T15:06:59.253+0000] {processor.py:925} INFO - DAG(s) 'credit_risk_analysis_pipeline' retrieved from /opt/airflow/dags/pipeline.py
[2026-09-10T15:06:59.277+0000] {logging_mixin.py:190} INFO - [2026-09-10T15:06:59.277+0000] {dag.py:3239} INFO - Sync 1 DAGs
[2026-09-10T15:06:59.292+0000] {logging_mixin.py:190} INFO - [2026-09-10T15:06:59.292+0000] {dag.py:4180} INFO - Setting next_dagrun for credit_risk_analysis_pipeline to None, run_after=None
[2026-09-10T15:06:59.314+0000] {processor.py:208} INFO - Processing /opt/airflow/dags/pipeline.py took 0.082 seconds
[2026-09-10T15:07:29.437+0000] {processor.py:186} INFO - Started process (PID=168) to work on /opt/airflow/dags/pipeline.py
[2026-09-10T15:07:29.438+0000] {processor.py:914} INFO - Processing file /opt/airflow/dags/pipeline.py for tasks to queue
[2026-09-10T15:07:29.440+0000] {logging_mixin.py:190} INFO - [2026-09-10T15:07:29.440+0000] {dagbag.py:588} INFO - Filling up the DagBag from /opt/airflow/dags/pipeline.py
[2026-09-10T15:07:29.450+0000] {processor.py:925} INFO - DAG(s) 'credit_risk_analysis_pipeline' retrieved from /opt/airflow/dags/pipeline.py
[2026-09-10T15:07:29.475+0000] {logging_mixin.py:190} INFO - [2026-09-10T15:07:29.475+0000] {dag.py:3239} INFO - Sync 1 DAGs
[2026-09-10T15:07:29.489+0000] {logging_mixin.py:190} INFO - [2026-09-10T15:07:29.489+0000] {dag.py:4180} INFO - Setting next_dagrun for credit_risk_analysis_pipeline to None, run_after=None
[2026-09-10T15:07:29.506+0000] {processor.py:208} INFO - Processing /opt/airflow/dags/pipeline.py took 0.076 seconds
[2026-09-10T15:07:59.691+0000] {processor.py:186} INFO - Started process (PID=169) to work on /opt/airflow/dags/pipeline.py
[2026-09-10T15:07:59.693+0000] {processor.py:914} INFO - Processing file /opt/airflow/dags/pipeline.py for tasks to queue
[2026-09-10T15:07:59.696+0000] {logging_mixin.py:190} INFO - [2026-09-10T15:07:59.696+0000] {dagbag.py:588} INFO - Filling up the DagBag from /opt/airflow/dags/pipeline.py
[2026-09-10T15:07:59.710+0000] {processor.py:925} INFO - DAG(s) 'credit_risk_analysis_pipeline' retrieved from /opt/airflow/dags/pipeline.py
[2026-09-10T15:07:59.737+0000] {logging_mixin.py:190} INFO - [2026-09-10T15:07:59.737+0000] {dag.py:3239} INFO - Sync 1 DAGs
[2026-09-10T15:07:59.752+0000] {logging_mixin.py:190} INFO - [2026-09-10T15:07:59.752+0000] {dag.py:4180} INFO - Setting next_dagrun for credit_risk_analysis_pipeline to None, run_after=None
[2026-09-10T15:07:59.770+0000] {processor.py:208} INFO - Processing /opt/airflow/dags/pipeline.py took 0.092 seconds
[2026-09-10T15:08:29.874+0000] {processor.py:186} INFO - Started process (PID=170) to work on /opt/airflow/dags/pipeline.py
[2026-09-10T15:08:29.875+0000] {processor.py:914} INFO - Processing file /opt/airflow/dags/pipeline.py for tasks to queue
[2026-09-10T15:08:29.876+0000] {logging_mixin.py:190} INFO - [2026-09-10T15:08:29.876+0000] {dagbag.py:588} INFO - Filling up the DagBag from /opt/airflow/dags/pipeline.py
[2026-09-10T15:08:29.886+0000] {processor.py:925} INFO - DAG(s) 'credit_risk_analysis_pipeline' retrieved from /opt/airflow/dags/pipeline.py
[2026-09-10T15:08:29.910+0000] {logging_mixin.py:190} INFO - [2026-09-10T15:08:29.910+0000] {dag.py:3239} INFO - Sync 1 DAGs
[2026-09-10T15:08:29.925+0000] {logging_mixin.py:190} INFO - [2026-09-10T15:08:29.925+0000] {dag.py:4180} INFO - Setting next_dagrun for credit_risk_analysis_pipeline to None, run_after=None
[2026-09-10T15:08:29.941+0000] {processor.py:208} INFO - Processing /opt/airflow/dags/pipeline.py took 0.074 seconds
[2026-09-10T15:09:00.153+0000] {processor.py:186} INFO - Started process (PID=171) to work on /opt/airflow/dags/pipeline.py
[2026-09-10T15:09:00.154+0000] {processor.py:914} INFO - Processing file /opt/airflow/dags/pipeline.py for tasks to queue
[2026-09-10T15:09:00.155+0000] {logging_mixin.py:190} INFO - [2026-09-10T15:09:00.155+0000] {dagbag.py:588} INFO - Filling up the DagBag from /opt/airflow/dags/pipeline.py
[2026-09-10T15:09:00.164+0000] {processor.py:925} INFO - DAG(s) 'credit_risk_analysis_pipeline' retrieved from /opt/airflow/dags/pipeline.py
[2026-09-10T15:09:00.186+0000] {logging_mixin.py:190} INFO - [2026-09-10T15:09:00.186+0000] {dag.py:3239} INFO - Sync 1 DAGs
[2026-09-10T15:09:00.202+0000] {logging_mixin.py:190} INFO - [2026-09-10T15:09:00.202+0000] {dag.py:4180} INFO - Setting next_dagrun for credit_risk_analysis_pipeline to None, run_after=None
[2026-09-10T15:09:00.363+0000] {processor.py:208} INFO - Processing /opt/airflow/dags/pipeline.py took 0.215 seconds
[2026-09-10T15:09:30.561+0000] {processor.py:186} INFO - Started process (PID=172) to work on /opt/airflow/dags/pipeline.py
[2026-09-10T15:09:30.563+0000] {processor.py:914} INFO - Processing file /opt/airflow/dags/pipeline.py for tasks to queue
[2026-09-10T15:09:30.564+0000] {logging_mixin.py:190} INFO - [2026-09-10T15:09:30.564+0000] {dagbag.py:588} INFO - Filling up the DagBag from /opt/airflow/dags/pipeline.py
[2026-09-10T15:09:30.574+0000] {processor.py:925} INFO - DAG(s) 'credit_risk_analysis_pipeline' retrieved from /opt/airflow/dags/pipeline.py
[2026-09-10T15:09:30.598+0000] {logging_mixin.py:190} INFO - [2026-09-10T15:09:30.598+0000] {dag.py:3239} INFO - Sync 1 DAGs
[2026-09-10T15:09:30.612+0000] {logging_mixin.py:190} INFO - [2026-09-10T15:09:30.612+0000] {dag.py:4180} INFO - Setting next_dagrun for credit_risk_analysis_pipeline to None, run_after=None
[2026-09-10T15:09:30.634+0000] {processor.py:208} INFO - Processing /opt/airflow/dags/pipeline.py took 0.078 seconds
[2026-09-10T15:10:00.754+0000] {processor.py:186} INFO - Started process (PID=173) to work on /opt/airflow/dags/pipeline.py
[2026-09-10T15:10:00.755+0000] {processor.py:914} INFO - Processing file /opt/airflow/dags/pipeline.py for tasks to queue
[2026-09-10T15:10:00.756+0000] {logging_mixin.py:190} INFO - [2026-09-10T15:10:00.756+0000] {dagbag.py:588} INFO - Filling up the DagBag from /opt/airflow/dags/pipeline.py
[2026-09-10T15:10:00.766+0000] {processor.py:925} INFO - DAG(s) 'credit_risk_analysis_pipeline' retrieved from /opt/airflow/dags/pipeline.py
[2026-09-10T15:10:00.788+0000] {logging_mixin.py:190} INFO - [2026-09-10T15:10:00.788+0000] {dag.py:3239} INFO - Sync 1 DAGs
[2026-09-10T15:10:00.802+0000] {logging_mixin.py:190} INFO - [2026-09-10T15:10:00.801+0000] {dag.py:4180} INFO - Setting next_dagrun for credit_risk_analysis_pipeline to None, run_after=None
[2026-09-10T15:10:00.817+0000] {processor.py:208} INFO - Processing /opt/airflow/dags/pipeline.py took 0.068 seconds
[2026-09-10T15:10:31.001+0000] {processor.py:186} INFO - Started process (PID=174) to work on /opt/airflow/dags/pipeline.py
[2026-09-10T15:10:31.003+0000] {processor.py:914} INFO - Processing file /opt/airflow/dags/pipeline.py for tasks to queue
[2026-09-10T15:10:31.004+0000] {logging_mixin.py:190} INFO - [2026-09-10T15:10:31.004+0000] {dagbag.py:588} INFO - Filling up the DagBag from /opt/airflow/dags/pipeline.py
[2026-09-10T15:10:31.014+0000] {processor.py:925} INFO - DAG(s) 'credit_risk_analysis_pipeline' retrieved from /opt/airflow/dags/pipeline.py
[2026-09-10T15:10:31.035+0000] {logging_mixin.py:190} INFO - [2026-09-10T15:10:31.034+0000] {dag.py:3239} INFO - Sync 1 DAGs
[2026-09-10T15:10:31.047+0000] {logging_mixin.py:190} INFO - [2026-09-10T15:10:31.047+0000] {dag.py:4180} INFO - Setting next_dagrun for credit_risk_analysis_pipeline to None, run_after=None
[2026-09-10T15:10:31.062+0000] {processor.py:208} INFO - Processing /opt/airflow/dags/pipeline.py took 0.066 seconds
[2026-09-10T15:11:01.199+0000] {processor.py:186} INFO - Started process (PID=175) to work on /opt/airflow/dags/pipeline.py
[2026-09-10T15:11:01.201+0000] {processor.py:914} INFO - Processing file /opt/airflow/dags/pipeline.py for tasks to queue
[2026-09-10T15:11:01.202+0000] {logging_mixin.py:190} INFO - [2026-09-10T15:11:01.202+0000] {dagbag.py:588} INFO - Filling up the DagBag from /opt/airflow/dags/pipeline.py
[2026-09-10T15:11:01.212+0000] {processor.py:925} INFO - DAG(s) 'credit_risk_analysis_pipeline' retrieved from /opt/airflow/dags/pipeline.py
[2026-09-10T15:11:01.237+0000] {logging_mixin.py:190} INFO - [2026-09-10T15:11:01.237+0000] {dag.py:3239} INFO - Sync 1 DAGs
[2026-09-10T15:11:01.252+0000] {logging_mixin.py:190} INFO - [2026-09-10T15:11:01.251+0000] {dag.py:4180} INFO - Setting next_dagrun for credit_risk_analysis_pipeline to None, run_after=None
[2026-09-10T15:11:01.268+0000] {processor.py:208} INFO - Processing /opt/airflow/dags/pipeline.py took 0.074 seconds
[2026-09-10T15:11:31.426+0000] {processor.py:186} INFO - Started process (PID=176) to work on /opt/airflow/dags/pipeline.py
[2026-09-10T15:11:31.427+0000] {processor.py:914} INFO - Processing file /opt/airflow/dags/pipeline.py for tasks to queue
[2026-09-10T15:11:31.429+0000] {logging_mixin.py:190} INFO - [2026-09-10T15:11:31.429+0000] {dagbag.py:588} INFO - Filling up the DagBag from /opt/airflow/dags/pipeline.py
[2026-09-10T15:11:31.439+0000] {processor.py:925} INFO - DAG(s) 'credit_risk_analysis_pipeline' retrieved from /opt/airflow/dags/pipeline.py
[2026-09-10T15:11:31.461+0000] {logging_mixin.py:190} INFO - [2026-09-10T15:11:31.460+0000] {dag.py:3239} INFO - Sync 1 DAGs
[2026-09-10T15:11:31.473+0000] {logging_mixin.py:190} INFO - [2026-09-10T15:11:31.473+0000] {dag.py:4180} INFO - Setting next_dagrun for credit_risk_analysis_pipeline to None, run_after=None
[2026-09-10T15:11:31.494+0000] {processor.py:208} INFO - Processing /opt/airflow/dags/pipeline.py took 0.073 seconds
[2026-09-10T15:12:01.636+0000] {processor.py:186} INFO - Started process (PID=177) to work on /opt/airflow/dags/pipeline.py
[2026-09-10T15:12:01.637+0000] {processor.py:914} INFO - Processing file /opt/airflow/dags/pipeline.py for tasks to queue
[2026-09-10T15:12:01.639+0000] {logging_mixin.py:190} INFO - [2026-09-10T15:12:01.638+0000] {dagbag.py:588} INFO - Filling up the DagBag from /opt/airflow/dags/pipeline.py
[2026-09-10T15:12:01.653+0000] {processor.py:925} INFO - DAG(s) 'credit_risk_analysis_pipeline' retrieved from /opt/airflow/dags/pipeline.py
[2026-09-10T15:12:01.680+0000] {logging_mixin.py:190} INFO - [2026-09-10T15:12:01.680+0000] {dag.py:3239} INFO - Sync 1 DAGs
[2026-09-10T15:12:01.696+0000] {logging_mixin.py:190} INFO - [2026-09-10T15:12:01.696+0000] {dag.py:4180} INFO - Setting next_dagrun for credit_risk_analysis_pipeline to None, run_after=None
[2026-09-10T15:12:01.857+0000] {processor.py:208} INFO - Processing /opt/airflow/dags/pipeline.py took 0.230 seconds
[2026-09-10T15:12:32.066+0000] {processor.py:186} INFO - Started process (PID=178) to work on /opt/airflow/dags/pipeline.py
[2026-09-10T15:12:32.072+0000] {processor.py:914} INFO - Processing file /opt/airflow/dags/pipeline.py for tasks to queue
[2026-09-10T15:12:32.082+0000] {logging_mixin.py:190} INFO - [2026-09-10T15:12:32.082+0000] {dagbag.py:588} INFO - Filling up the DagBag from /opt/airflow/dags/pipeline.py
[2026-09-10T15:12:32.151+0000] {processor.py:925} INFO - DAG(s) 'credit_risk_analysis_pipeline' retrieved from /opt/airflow/dags/pipeline.py
[2026-09-10T15:12:32.179+0000] {logging_mixin.py:190} INFO - [2026-09-10T15:12:32.179+0000] {dag.py:3239} INFO - Sync 1 DAGs
[2026-09-10T15:12:32.196+0000] {logging_mixin.py:190} INFO - [2026-09-10T15:12:32.196+0000] {dag.py:4180} INFO - Setting next_dagrun for credit_risk_analysis_pipeline to None, run_after=None
[2026-09-10T15:12:32.214+0000] {processor.py:208} INFO - Processing /opt/airflow/dags/pipeline.py took 0.162 seconds
[2026-09-10T15:13:02.407+0000] {processor.py:186} INFO - Started process (PID=179) to work on /opt/airflow/dags/pipeline.py
[2026-09-10T15:13:02.408+0000] {processor.py:914} INFO - Processing file /opt/airflow/dags/pipeline.py for tasks to queue
[2026-09-10T15:13:02.410+0000] {logging_mixin.py:190} INFO - [2026-09-10T15:13:02.410+0000] {dagbag.py:588} INFO - Filling up the DagBag from /opt/airflow/dags/pipeline.py
[2026-09-10T15:13:02.421+0000] {processor.py:925} INFO - DAG(s) 'credit_risk_analysis_pipeline' retrieved from /opt/airflow/dags/pipeline.py
[2026-09-10T15:13:02.445+0000] {logging_mixin.py:190} INFO - [2026-09-10T15:13:02.445+0000] {dag.py:3239} INFO - Sync 1 DAGs
[2026-09-10T15:13:02.461+0000] {logging_mixin.py:190} INFO - [2026-09-10T15:13:02.460+0000] {dag.py:4180} INFO - Setting next_dagrun for credit_risk_analysis_pipeline to None, run_after=None
[2026-09-10T15:13:02.478+0000] {processor.py:208} INFO - Processing /opt/airflow/dags/pipeline.py took 0.076 seconds
[2026-09-10T15:13:32.592+0000] {processor.py:186} INFO - Started process (PID=180) to work on /opt/airflow/dags/pipeline.py
[2026-09-10T15:13:32.593+0000] {processor.py:914} INFO - Processing file /opt/airflow/dags/pipeline.py for tasks to queue
[2026-09-10T15:13:32.594+0000] {logging_mixin.py:190} INFO - [2026-09-10T15:13:32.594+0000] {dagbag.py:588} INFO - Filling up the DagBag from /opt/airflow/dags/pipeline.py
[2026-09-10T15:13:32.604+0000] {processor.py:925} INFO - DAG(s) 'credit_risk_analysis_pipeline' retrieved from /opt/airflow/dags/pipeline.py
[2026-09-10T15:13:32.626+0000] {logging_mixin.py:190} INFO - [2026-09-10T15:13:32.625+0000] {dag.py:3239} INFO - Sync 1 DAGs
[2026-09-10T15:13:32.639+0000] {logging_mixin.py:190} INFO - [2026-09-10T15:13:32.639+0000] {dag.py:4180} INFO - Setting next_dagrun for credit_risk_analysis_pipeline to None, run_after=None
[2026-09-10T15:13:32.655+0000] {processor.py:208} INFO - Processing /opt/airflow/dags/pipeline.py took 0.067 seconds
[2026-09-10T15:14:02.870+0000] {processor.py:186} INFO - Started process (PID=181) to work on /opt/airflow/dags/pipeline.py
[2026-09-10T15:14:02.871+0000] {processor.py:914} INFO - Processing file /opt/airflow/dags/pipeline.py for tasks to queue
[2026-09-10T15:14:02.872+0000] {logging_mixin.py:190} INFO - [2026-09-10T15:14:02.872+0000] {dagbag.py:588} INFO - Filling up the DagBag from /opt/airflow/dags/pipeline.py
[2026-09-10T15:14:02.883+0000] {processor.py:925} INFO - DAG(s) 'credit_risk_analysis_pipeline' retrieved from /opt/airflow/dags/pipeline.py
[2026-09-10T15:14:02.906+0000] {logging_mixin.py:190} INFO - [2026-09-10T15:14:02.906+0000] {dag.py:3239} INFO - Sync 1 DAGs
[2026-09-10T15:14:02.921+0000] {logging_mixin.py:190} INFO - [2026-09-10T15:14:02.921+0000] {dag.py:4180} INFO - Setting next_dagrun for credit_risk_analysis_pipeline to None, run_after=None
[2026-09-10T15:14:02.937+0000] {processor.py:208} INFO - Processing /opt/airflow/dags/pipeline.py took 0.073 seconds
[2026-09-10T15:14:33.063+0000] {processor.py:186} INFO - Started process (PID=182) to work on /opt/airflow/dags/pipeline.py
[2026-09-10T15:14:33.064+0000] {processor.py:914} INFO - Processing file /opt/airflow/dags/pipeline.py for tasks to queue
[2026-09-10T15:14:33.066+0000] {logging_mixin.py:190} INFO - [2026-09-10T15:14:33.066+0000] {dagbag.py:588} INFO - Filling up the DagBag from /opt/airflow/dags/pipeline.py
[2026-09-10T15:14:33.078+0000] {processor.py:925} INFO - DAG(s) 'credit_risk_analysis_pipeline' retrieved from /opt/airflow/dags/pipeline.py
[2026-09-10T15:14:33.104+0000] {logging_mixin.py:190} INFO - [2026-09-10T15:14:33.103+0000] {dag.py:3239} INFO - Sync 1 DAGs
[2026-09-10T15:14:33.117+0000] {logging_mixin.py:190} INFO - [2026-09-10T15:14:33.117+0000] {dag.py:4180} INFO - Setting next_dagrun for credit_risk_analysis_pipeline to None, run_after=None
[2026-09-10T15:14:33.134+0000] {processor.py:208} INFO - Processing /opt/airflow/dags/pipeline.py took 0.076 seconds
[2026-09-10T15:15:03.300+0000] {processor.py:186} INFO - Started process (PID=183) to work on /opt/airflow/dags/pipeline.py
[2026-09-10T15:15:03.301+0000] {processor.py:914} INFO - Processing file /opt/airflow/dags/pipeline.py for tasks to queue
[2026-09-10T15:15:03.302+0000] {logging_mixin.py:190} INFO - [2026-09-10T15:15:03.302+0000] {dagbag.py:588} INFO - Filling up the DagBag from /opt/airflow/dags/pipeline.py
[2026-09-10T15:15:03.312+0000] {processor.py:925} INFO - DAG(s) 'credit_risk_analysis_pipeline' retrieved from /opt/airflow/dags/pipeline.py
[2026-09-10T15:15:03.333+0000] {logging_mixin.py:190} INFO - [2026-09-10T15:15:03.332+0000] {dag.py:3239} INFO - Sync 1 DAGs
[2026-09-10T15:15:03.346+0000] {logging_mixin.py:190} INFO - [2026-09-10T15:15:03.346+0000] {dag.py:4180} INFO - Setting next_dagrun for credit_risk_analysis_pipeline to None, run_after=None
[2026-09-10T15:15:03.362+0000] {processor.py:208} INFO - Processing /opt/airflow/dags/pipeline.py took 0.067 seconds
[2026-09-10T15:15:33.508+0000] {processor.py:186} INFO - Started process (PID=184) to work on /opt/airflow/dags/pipeline.py
[2026-09-10T15:15:33.509+0000] {processor.py:914} INFO - Processing file /opt/airflow/dags/pipeline.py for tasks to queue
[2026-09-10T15:15:33.511+0000] {logging_mixin.py:190} INFO - [2026-09-10T15:15:33.511+0000] {dagbag.py:588} INFO - Filling up the DagBag from /opt/airflow/dags/pipeline.py
[2026-09-10T15:15:33.524+0000] {processor.py:925} INFO - DAG(s) 'credit_risk_analysis_pipeline' retrieved from /opt/airflow/dags/pipeline.py
[2026-09-10T15:15:33.556+0000] {logging_mixin.py:190} INFO - [2026-09-10T15:15:33.555+0000] {dag.py:3239} INFO - Sync 1 DAGs
[2026-09-10T15:15:33.572+0000] {logging_mixin.py:190} INFO - [2026-09-10T15:15:33.572+0000] {dag.py:4180} INFO - Setting next_dagrun for credit_risk_analysis_pipeline to None, run_after=None
[2026-09-10T15:15:33.599+0000] {processor.py:208} INFO - Processing /opt/airflow/dags/pipeline.py took 0.095 seconds
[2026-09-10T15:16:03.735+0000] {processor.py:186} INFO - Started process (PID=185) to work on /opt/airflow/dags/pipeline.py
[2026-09-10T15:16:03.736+0000] {processor.py:914} INFO - Processing file /opt/airflow/dags/pipeline.py for tasks to queue
[2026-09-10T15:16:03.737+0000] {logging_mixin.py:190} INFO - [2026-09-10T15:16:03.737+0000] {dagbag.py:588} INFO - Filling up the DagBag from /opt/airflow/dags/pipeline.py
[2026-09-10T15:16:03.747+0000] {processor.py:925} INFO - DAG(s) 'credit_risk_analysis_pipeline' retrieved from /opt/airflow/dags/pipeline.py
[2026-09-10T15:16:03.768+0000] {logging_mixin.py:190} INFO - [2026-09-10T15:16:03.768+0000] {dag.py:3239} INFO - Sync 1 DAGs
[2026-09-10T15:16:03.782+0000] {logging_mixin.py:190} INFO - [2026-09-10T15:16:03.782+0000] {dag.py:4180} INFO - Setting next_dagrun for credit_risk_analysis_pipeline to None, run_after=None
[2026-09-10T15:16:03.797+0000] {processor.py:208} INFO - Processing /opt/airflow/dags/pipeline.py took 0.067 seconds
[2026-09-10T15:16:33.957+0000] {processor.py:186} INFO - Started process (PID=186) to work on /opt/airflow/dags/pipeline.py
[2026-09-10T15:16:33.958+0000] {processor.py:914} INFO - Processing file /opt/airflow/dags/pipeline.py for tasks to queue
[2026-09-10T15:16:33.960+0000] {logging_mixin.py:190} INFO - [2026-09-10T15:16:33.959+0000] {dagbag.py:588} INFO - Filling up the DagBag from /opt/airflow/dags/pipeline.py
[2026-09-10T15:16:33.969+0000] {processor.py:925} INFO - DAG(s) 'credit_risk_analysis_pipeline' retrieved from /opt/airflow/dags/pipeline.py
[2026-09-10T15:16:33.991+0000] {logging_mixin.py:190} INFO - [2026-09-10T15:16:33.991+0000] {dag.py:3239} INFO - Sync 1 DAGs
[2026-09-10T15:16:34.004+0000] {logging_mixin.py:190} INFO - [2026-09-10T15:16:34.004+0000] {dag.py:4180} INFO - Setting next_dagrun for credit_risk_analysis_pipeline to None, run_after=None
[2026-09-10T15:16:34.027+0000] {processor.py:208} INFO - Processing /opt/airflow/dags/pipeline.py took 0.074 seconds
[2026-09-10T15:17:04.146+0000] {processor.py:186} INFO - Started process (PID=187) to work on /opt/airflow/dags/pipeline.py
[2026-09-10T15:17:04.147+0000] {processor.py:914} INFO - Processing file /opt/airflow/dags/pipeline.py for tasks to queue
[2026-09-10T15:17:04.149+0000] {logging_mixin.py:190} INFO - [2026-09-10T15:17:04.149+0000] {dagbag.py:588} INFO - Filling up the DagBag from /opt/airflow/dags/pipeline.py
[2026-09-10T15:17:04.160+0000] {processor.py:925} INFO - DAG(s) 'credit_risk_analysis_pipeline' retrieved from /opt/airflow/dags/pipeline.py
[2026-09-10T15:17:04.182+0000] {logging_mixin.py:190} INFO - [2026-09-10T15:17:04.182+0000] {dag.py:3239} INFO - Sync 1 DAGs
[2026-09-10T15:17:04.196+0000] {logging_mixin.py:190} INFO - [2026-09-10T15:17:04.196+0000] {dag.py:4180} INFO - Setting next_dagrun for credit_risk_analysis_pipeline to None, run_after=None
[2026-09-10T15:17:04.212+0000] {processor.py:208} INFO - Processing /opt/airflow/dags/pipeline.py took 0.072 seconds
[2026-09-10T15:17:34.394+0000] {processor.py:186} INFO - Started process (PID=188) to work on /opt/airflow/dags/pipeline.py
[2026-09-10T15:17:34.395+0000] {processor.py:914} INFO - Processing file /opt/airflow/dags/pipeline.py for tasks to queue
[2026-09-10T15:17:34.396+0000] {logging_mixin.py:190} INFO - [2026-09-10T15:17:34.396+0000] {dagbag.py:588} INFO - Filling up the DagBag from /opt/airflow/dags/pipeline.py
[2026-09-10T15:17:34.410+0000] {processor.py:925} INFO - DAG(s) 'credit_risk_analysis_pipeline' retrieved from /opt/airflow/dags/pipeline.py
[2026-09-10T15:17:34.436+0000] {logging_mixin.py:190} INFO - [2026-09-10T15:17:34.436+0000] {dag.py:3239} INFO - Sync 1 DAGs
[2026-09-10T15:17:34.452+0000] {logging_mixin.py:190} INFO - [2026-09-10T15:17:34.452+0000] {dag.py:4180} INFO - Setting next_dagrun for credit_risk_analysis_pipeline to None, run_after=None
[2026-09-10T15:17:34.625+0000] {processor.py:208} INFO - Processing /opt/airflow/dags/pipeline.py took 0.236 seconds
[2026-09-10T15:18:04.824+0000] {processor.py:186} INFO - Started process (PID=189) to work on /opt/airflow/dags/pipeline.py
[2026-09-10T15:18:04.825+0000] {processor.py:914} INFO - Processing file /opt/airflow/dags/pipeline.py for tasks to queue
[2026-09-10T15:18:04.827+0000] {logging_mixin.py:190} INFO - [2026-09-10T15:18:04.826+0000] {dagbag.py:588} INFO - Filling up the DagBag from /opt/airflow/dags/pipeline.py
[2026-09-10T15:18:04.837+0000] {processor.py:925} INFO - DAG(s) 'credit_risk_analysis_pipeline' retrieved from /opt/airflow/dags/pipeline.py
[2026-09-10T15:18:04.862+0000] {logging_mixin.py:190} INFO - [2026-09-10T15:18:04.862+0000] {dag.py:3239} INFO - Sync 1 DAGs
[2026-09-10T15:18:04.877+0000] {logging_mixin.py:190} INFO - [2026-09-10T15:18:04.876+0000] {dag.py:4180} INFO - Setting next_dagrun for credit_risk_analysis_pipeline to None, run_after=None
[2026-09-10T15:18:04.895+0000] {processor.py:208} INFO - Processing /opt/airflow/dags/pipeline.py took 0.076 seconds
[2026-09-10T15:18:35.021+0000] {processor.py:186} INFO - Started process (PID=190) to work on /opt/airflow/dags/pipeline.py
[2026-09-10T15:18:35.022+0000] {processor.py:914} INFO - Processing file /opt/airflow/dags/pipeline.py for tasks to queue
[2026-09-10T15:18:35.023+0000] {logging_mixin.py:190} INFO - [2026-09-10T15:18:35.023+0000] {dagbag.py:588} INFO - Filling up the DagBag from /opt/airflow/dags/pipeline.py
[2026-09-10T15:18:35.036+0000] {processor.py:925} INFO - DAG(s) 'credit_risk_analysis_pipeline' retrieved from /opt/airflow/dags/pipeline.py
[2026-09-10T15:18:35.063+0000] {logging_mixin.py:190} INFO - [2026-09-10T15:18:35.063+0000] {dag.py:3239} INFO - Sync 1 DAGs
[2026-09-10T15:18:35.081+0000] {logging_mixin.py:190} INFO - [2026-09-10T15:18:35.080+0000] {dag.py:4180} INFO - Setting next_dagrun for credit_risk_analysis_pipeline to None, run_after=None
[2026-09-10T15:18:35.104+0000] {processor.py:208} INFO - Processing /opt/airflow/dags/pipeline.py took 0.089 seconds
[2026-09-10T15:19:05.288+0000] {processor.py:186} INFO - Started process (PID=191) to work on /opt/airflow/dags/pipeline.py
[2026-09-10T15:19:05.289+0000] {processor.py:914} INFO - Processing file /opt/airflow/dags/pipeline.py for tasks to queue
[2026-09-10T15:19:05.290+0000] {logging_mixin.py:190} INFO - [2026-09-10T15:19:05.290+0000] {dagbag.py:588} INFO - Filling up the DagBag from /opt/airflow/dags/pipeline.py
[2026-09-10T15:19:05.300+0000] {processor.py:925} INFO - DAG(s) 'credit_risk_analysis_pipeline' retrieved from /opt/airflow/dags/pipeline.py
[2026-09-10T15:19:05.321+0000] {logging_mixin.py:190} INFO - [2026-09-10T15:19:05.321+0000] {dag.py:3239} INFO - Sync 1 DAGs
[2026-09-10T15:19:05.335+0000] {logging_mixin.py:190} INFO - [2026-09-10T15:19:05.335+0000] {dag.py:4180} INFO - Setting next_dagrun for credit_risk_analysis_pipeline to None, run_after=None
[2026-09-10T15:19:05.357+0000] {processor.py:208} INFO - Processing /opt/airflow/dags/pipeline.py took 0.075 seconds
[2026-09-10T15:19:35.481+0000] {processor.py:186} INFO - Started process (PID=192) to work on /opt/airflow/dags/pipeline.py
[2026-09-10T15:19:35.482+0000] {processor.py:914} INFO - Processing file /opt/airflow/dags/pipeline.py for tasks to queue
[2026-09-10T15:19:35.484+0000] {logging_mixin.py:190} INFO - [2026-09-10T15:19:35.484+0000] {dagbag.py:588} INFO - Filling up the DagBag from /opt/airflow/dags/pipeline.py
[2026-09-10T15:19:35.494+0000] {processor.py:925} INFO - DAG(s) 'credit_risk_analysis_pipeline' retrieved from /opt/airflow/dags/pipeline.py
[2026-09-10T15:19:35.517+0000] {logging_mixin.py:190} INFO - [2026-09-10T15:19:35.517+0000] {dag.py:3239} INFO - Sync 1 DAGs
[2026-09-10T15:19:35.531+0000] {logging_mixin.py:190} INFO - [2026-09-10T15:19:35.531+0000] {dag.py:4180} INFO - Setting next_dagrun for credit_risk_analysis_pipeline to None, run_after=None
[2026-09-10T15:19:35.550+0000] {processor.py:208} INFO - Processing /opt/airflow/dags/pipeline.py took 0.073 seconds
[2026-09-10T15:20:05.713+0000] {processor.py:186} INFO - Started process (PID=193) to work on /opt/airflow/dags/pipeline.py
[2026-09-10T15:20:05.714+0000] {processor.py:914} INFO - Processing file /opt/airflow/dags/pipeline.py for tasks to queue
[2026-09-10T15:20:05.716+0000] {logging_mixin.py:190} INFO - [2026-09-10T15:20:05.715+0000] {dagbag.py:588} INFO - Filling up the DagBag from /opt/airflow/dags/pipeline.py
[2026-09-10T15:20:05.725+0000] {processor.py:925} INFO - DAG(s) 'credit_risk_analysis_pipeline' retrieved from /opt/airflow/dags/pipeline.py
[2026-09-10T15:20:05.748+0000] {logging_mixin.py:190} INFO - [2026-09-10T15:20:05.747+0000] {dag.py:3239} INFO - Sync 1 DAGs
[2026-09-10T15:20:05.761+0000] {logging_mixin.py:190} INFO - [2026-09-10T15:20:05.761+0000] {dag.py:4180} INFO - Setting next_dagrun for credit_risk_analysis_pipeline to None, run_after=None
[2026-09-10T15:20:05.784+0000] {processor.py:208} INFO - Processing /opt/airflow/dags/pipeline.py took 0.076 seconds
[2026-09-10T15:20:35.925+0000] {processor.py:186} INFO - Started process (PID=194) to work on /opt/airflow/dags/pipeline.py
[2026-09-10T15:20:35.926+0000] {processor.py:914} INFO - Processing file /opt/airflow/dags/pipeline.py for tasks to queue
[2026-09-10T15:20:35.927+0000] {logging_mixin.py:190} INFO - [2026-09-10T15:20:35.927+0000] {dagbag.py:588} INFO - Filling up the DagBag from /opt/airflow/dags/pipeline.py
[2026-09-10T15:20:35.939+0000] {processor.py:925} INFO - DAG(s) 'credit_risk_analysis_pipeline' retrieved from /opt/airflow/dags/pipeline.py
[2026-09-10T15:20:35.965+0000] {logging_mixin.py:190} INFO - [2026-09-10T15:20:35.964+0000] {dag.py:3239} INFO - Sync 1 DAGs
[2026-09-10T15:20:36.153+0000] {logging_mixin.py:190} INFO - [2026-09-10T15:20:36.152+0000] {dag.py:4180} INFO - Setting next_dagrun for credit_risk_analysis_pipeline to None, run_after=None
[2026-09-10T15:20:36.172+0000] {processor.py:208} INFO - Processing /opt/airflow/dags/pipeline.py took 0.255 seconds
[2026-09-10T15:21:06.370+0000] {processor.py:186} INFO - Started process (PID=195) to work on /opt/airflow/dags/pipeline.py
[2026-09-10T15:21:06.371+0000] {processor.py:914} INFO - Processing file /opt/airflow/dags/pipeline.py for tasks to queue
[2026-09-10T15:21:06.373+0000] {logging_mixin.py:190} INFO - [2026-09-10T15:21:06.373+0000] {dagbag.py:588} INFO - Filling up the DagBag from /opt/airflow/dags/pipeline.py
[2026-09-10T15:21:06.384+0000] {processor.py:925} INFO - DAG(s) 'credit_risk_analysis_pipeline' retrieved from /opt/airflow/dags/pipeline.py
[2026-09-10T15:21:06.414+0000] {logging_mixin.py:190} INFO - [2026-09-10T15:21:06.413+0000] {dag.py:3239} INFO - Sync 1 DAGs
[2026-09-10T15:21:06.431+0000] {logging_mixin.py:190} INFO - [2026-09-10T15:21:06.430+0000] {dag.py:4180} INFO - Setting next_dagrun for credit_risk_analysis_pipeline to None, run_after=None
[2026-09-10T15:21:06.448+0000] {processor.py:208} INFO - Processing /opt/airflow/dags/pipeline.py took 0.089 seconds
[2026-09-10T15:21:36.552+0000] {processor.py:186} INFO - Started process (PID=196) to work on /opt/airflow/dags/pipeline.py
[2026-09-10T15:21:36.554+0000] {processor.py:914} INFO - Processing file /opt/airflow/dags/pipeline.py for tasks to queue
[2026-09-10T15:21:36.555+0000] {logging_mixin.py:190} INFO - [2026-09-10T15:21:36.555+0000] {dagbag.py:588} INFO - Filling up the DagBag from /opt/airflow/dags/pipeline.py
[2026-09-10T15:21:36.565+0000] {processor.py:925} INFO - DAG(s) 'credit_risk_analysis_pipeline' retrieved from /opt/airflow/dags/pipeline.py
[2026-09-10T15:21:36.593+0000] {logging_mixin.py:190} INFO - [2026-09-10T15:21:36.593+0000] {dag.py:3239} INFO - Sync 1 DAGs
[2026-09-10T15:21:36.606+0000] {logging_mixin.py:190} INFO - [2026-09-10T15:21:36.606+0000] {dag.py:4180} INFO - Setting next_dagrun for credit_risk_analysis_pipeline to None, run_after=None
[2026-09-10T15:21:36.623+0000] {processor.py:208} INFO - Processing /opt/airflow/dags/pipeline.py took 0.075 seconds
[2026-09-10T15:22:06.831+0000] {processor.py:186} INFO - Started process (PID=197) to work on /opt/airflow/dags/pipeline.py
[2026-09-10T15:22:06.832+0000] {processor.py:914} INFO - Processing file /opt/airflow/dags/pipeline.py for tasks to queue
[2026-09-10T15:22:06.833+0000] {logging_mixin.py:190} INFO - [2026-09-10T15:22:06.833+0000] {dagbag.py:588} INFO - Filling up the DagBag from /opt/airflow/dags/pipeline.py
[2026-09-10T15:22:06.845+0000] {processor.py:925} INFO - DAG(s) 'credit_risk_analysis_pipeline' retrieved from /opt/airflow/dags/pipeline.py
[2026-09-10T15:22:06.868+0000] {logging_mixin.py:190} INFO - [2026-09-10T15:22:06.867+0000] {dag.py:3239} INFO - Sync 1 DAGs
[2026-09-10T15:22:06.883+0000] {logging_mixin.py:190} INFO - [2026-09-10T15:22:06.882+0000] {dag.py:4180} INFO - Setting next_dagrun for credit_risk_analysis_pipeline to None, run_after=None
[2026-09-10T15:22:06.908+0000] {processor.py:208} INFO - Processing /opt/airflow/dags/pipeline.py took 0.082 seconds
[2026-09-10T15:22:37.026+0000] {processor.py:186} INFO - Started process (PID=198) to work on /opt/airflow/dags/pipeline.py
[2026-09-10T15:22:37.027+0000] {processor.py:914} INFO - Processing file /opt/airflow/dags/pipeline.py for tasks to queue
[2026-09-10T15:22:37.029+0000] {logging_mixin.py:190} INFO - [2026-09-10T15:22:37.028+0000] {dagbag.py:588} INFO - Filling up the DagBag from /opt/airflow/dags/pipeline.py
[2026-09-10T15:22:37.041+0000] {processor.py:925} INFO - DAG(s) 'credit_risk_analysis_pipeline' retrieved from /opt/airflow/dags/pipeline.py
[2026-09-10T15:22:37.068+0000] {logging_mixin.py:190} INFO - [2026-09-10T15:22:37.067+0000] {dag.py:3239} INFO - Sync 1 DAGs
[2026-09-10T15:22:37.084+0000] {logging_mixin.py:190} INFO - [2026-09-10T15:22:37.084+0000] {dag.py:4180} INFO - Setting next_dagrun for credit_risk_analysis_pipeline to None, run_after=None
[2026-09-10T15:22:37.109+0000] {processor.py:208} INFO - Processing /opt/airflow/dags/pipeline.py took 0.088 seconds
[2026-09-10T15:23:07.280+0000] {processor.py:186} INFO - Started process (PID=199) to work on /opt/airflow/dags/pipeline.py
[2026-09-10T15:23:07.281+0000] {processor.py:914} INFO - Processing file /opt/airflow/dags/pipeline.py for tasks to queue
[2026-09-10T15:23:07.283+0000] {logging_mixin.py:190} INFO - [2026-09-10T15:23:07.282+0000] {dagbag.py:588} INFO - Filling up the DagBag from /opt/airflow/dags/pipeline.py
[2026-09-10T15:23:07.293+0000] {processor.py:925} INFO - DAG(s) 'credit_risk_analysis_pipeline' retrieved from /opt/airflow/dags/pipeline.py
[2026-09-10T15:23:07.318+0000] {logging_mixin.py:190} INFO - [2026-09-10T15:23:07.318+0000] {dag.py:3239} INFO - Sync 1 DAGs
[2026-09-10T15:23:07.335+0000] {logging_mixin.py:190} INFO - [2026-09-10T15:23:07.335+0000] {dag.py:4180} INFO - Setting next_dagrun for credit_risk_analysis_pipeline to None, run_after=None
[2026-09-10T15:23:07.356+0000] {processor.py:208} INFO - Processing /opt/airflow/dags/pipeline.py took 0.082 seconds
[2026-09-10T15:23:37.505+0000] {processor.py:186} INFO - Started process (PID=200) to work on /opt/airflow/dags/pipeline.py
[2026-09-10T15:23:37.507+0000] {processor.py:914} INFO - Processing file /opt/airflow/dags/pipeline.py for tasks to queue
[2026-09-10T15:23:37.509+0000] {logging_mixin.py:190} INFO - [2026-09-10T15:23:37.508+0000] {dagbag.py:588} INFO - Filling up the DagBag from /opt/airflow/dags/pipeline.py
[2026-09-10T15:23:37.524+0000] {processor.py:925} INFO - DAG(s) 'credit_risk_analysis_pipeline' retrieved from /opt/airflow/dags/pipeline.py
[2026-09-10T15:23:37.551+0000] {logging_mixin.py:190} INFO - [2026-09-10T15:23:37.551+0000] {dag.py:3239} INFO - Sync 1 DAGs
[2026-09-10T15:23:37.735+0000] {logging_mixin.py:190} INFO - [2026-09-10T15:23:37.735+0000] {dag.py:4180} INFO - Setting next_dagrun for credit_risk_analysis_pipeline to None, run_after=None
[2026-09-10T15:23:37.752+0000] {processor.py:208} INFO - Processing /opt/airflow/dags/pipeline.py took 0.254 seconds
[2026-09-10T15:24:07.956+0000] {processor.py:186} INFO - Started process (PID=201) to work on /opt/airflow/dags/pipeline.py
[2026-09-10T15:24:07.957+0000] {processor.py:914} INFO - Processing file /opt/airflow/dags/pipeline.py for tasks to queue
[2026-09-10T15:24:07.958+0000] {logging_mixin.py:190} INFO - [2026-09-10T15:24:07.958+0000] {dagbag.py:588} INFO - Filling up the DagBag from /opt/airflow/dags/pipeline.py
[2026-09-10T15:24:07.968+0000] {processor.py:925} INFO - DAG(s) 'credit_risk_analysis_pipeline' retrieved from /opt/airflow/dags/pipeline.py
[2026-09-10T15:24:07.993+0000] {logging_mixin.py:190} INFO - [2026-09-10T15:24:07.992+0000] {dag.py:3239} INFO - Sync 1 DAGs
[2026-09-10T15:24:08.008+0000] {logging_mixin.py:190} INFO - [2026-09-10T15:24:08.008+0000] {dag.py:4180} INFO - Setting next_dagrun for credit_risk_analysis_pipeline to None, run_after=None
[2026-09-10T15:24:08.028+0000] {processor.py:208} INFO - Processing /opt/airflow/dags/pipeline.py took 0.078 seconds
[2026-09-10T15:24:38.146+0000] {processor.py:186} INFO - Started process (PID=202) to work on /opt/airflow/dags/pipeline.py
[2026-09-10T15:24:38.147+0000] {processor.py:914} INFO - Processing file /opt/airflow/dags/pipeline.py for tasks to queue
[2026-09-10T15:24:38.148+0000] {logging_mixin.py:190} INFO - [2026-09-10T15:24:38.148+0000] {dagbag.py:588} INFO - Filling up the DagBag from /opt/airflow/dags/pipeline.py
[2026-09-10T15:24:38.158+0000] {processor.py:925} INFO - DAG(s) 'credit_risk_analysis_pipeline' retrieved from /opt/airflow/dags/pipeline.py
[2026-09-10T15:24:38.181+0000] {logging_mixin.py:190} INFO - [2026-09-10T15:24:38.181+0000] {dag.py:3239} INFO - Sync 1 DAGs
[2026-09-10T15:24:38.197+0000] {logging_mixin.py:190} INFO - [2026-09-10T15:24:38.196+0000] {dag.py:4180} INFO - Setting next_dagrun for credit_risk_analysis_pipeline to None, run_after=None
[2026-09-10T15:24:38.220+0000] {processor.py:208} INFO - Processing /opt/airflow/dags/pipeline.py took 0.080 seconds
[2026-09-10T15:25:08.393+0000] {processor.py:186} INFO - Started process (PID=203) to work on /opt/airflow/dags/pipeline.py
[2026-09-10T15:25:08.394+0000] {processor.py:914} INFO - Processing file /opt/airflow/dags/pipeline.py for tasks to queue
[2026-09-10T15:25:08.395+0000] {logging_mixin.py:190} INFO - [2026-09-10T15:25:08.395+0000] {dagbag.py:588} INFO - Filling up the DagBag from /opt/airflow/dags/pipeline.py
[2026-09-10T15:25:08.405+0000] {processor.py:925} INFO - DAG(s) 'credit_risk_analysis_pipeline' retrieved from /opt/airflow/dags/pipeline.py
[2026-09-10T15:25:08.429+0000] {logging_mixin.py:190} INFO - [2026-09-10T15:25:08.429+0000] {dag.py:3239} INFO - Sync 1 DAGs
[2026-09-10T15:25:08.445+0000] {logging_mixin.py:190} INFO - [2026-09-10T15:25:08.445+0000] {dag.py:4180} INFO - Setting next_dagrun for credit_risk_analysis_pipeline to None, run_after=None
[2026-09-10T15:25:08.469+0000] {processor.py:208} INFO - Processing /opt/airflow/dags/pipeline.py took 0.081 seconds
[2026-09-10T15:25:38.587+0000] {processor.py:186} INFO - Started process (PID=204) to work on /opt/airflow/dags/pipeline.py
[2026-09-10T15:25:38.588+0000] {processor.py:914} INFO - Processing file /opt/airflow/dags/pipeline.py for tasks to queue
[2026-09-10T15:25:38.590+0000] {logging_mixin.py:190} INFO - [2026-09-10T15:25:38.589+0000] {dagbag.py:588} INFO - Filling up the DagBag from /opt/airflow/dags/pipeline.py
[2026-09-10T15:25:38.601+0000] {processor.py:925} INFO - DAG(s) 'credit_risk_analysis_pipeline' retrieved from /opt/airflow/dags/pipeline.py
[2026-09-10T15:25:38.623+0000] {logging_mixin.py:190} INFO - [2026-09-10T15:25:38.623+0000] {dag.py:3239} INFO - Sync 1 DAGs
[2026-09-10T15:25:38.636+0000] {logging_mixin.py:190} INFO - [2026-09-10T15:25:38.636+0000] {dag.py:4180} INFO - Setting next_dagrun for credit_risk_analysis_pipeline to None, run_after=None
[2026-09-10T15:25:38.652+0000] {processor.py:208} INFO - Processing /opt/airflow/dags/pipeline.py took 0.070 seconds
[2026-09-10T15:26:08.835+0000] {processor.py:186} INFO - Started process (PID=205) to work on /opt/airflow/dags/pipeline.py
[2026-09-10T15:26:08.836+0000] {processor.py:914} INFO - Processing file /opt/airflow/dags/pipeline.py for tasks to queue
[2026-09-10T15:26:08.837+0000] {logging_mixin.py:190} INFO - [2026-09-10T15:26:08.837+0000] {dagbag.py:588} INFO - Filling up the DagBag from /opt/airflow/dags/pipeline.py
[2026-09-10T15:26:08.847+0000] {processor.py:925} INFO - DAG(s) 'credit_risk_analysis_pipeline' retrieved from /opt/airflow/dags/pipeline.py
[2026-09-10T15:26:08.869+0000] {logging_mixin.py:190} INFO - [2026-09-10T15:26:08.868+0000] {dag.py:3239} INFO - Sync 1 DAGs
[2026-09-10T15:26:08.883+0000] {logging_mixin.py:190} INFO - [2026-09-10T15:26:08.883+0000] {dag.py:4180} INFO - Setting next_dagrun for credit_risk_analysis_pipeline to None, run_after=None
[2026-09-10T15:26:09.048+0000] {processor.py:208} INFO - Processing /opt/airflow/dags/pipeline.py took 0.218 seconds
[2026-09-10T15:26:14.895+0000] {processor.py:186} INFO - Started process (PID=206) to work on /opt/airflow/dags/pipeline.py
[2026-09-10T15:26:14.896+0000] {processor.py:914} INFO - Processing file /opt/airflow/dags/pipeline.py for tasks to queue
[2026-09-10T15:26:14.897+0000] {logging_mixin.py:190} INFO - [2026-09-10T15:26:14.897+0000] {dagbag.py:588} INFO - Filling up the DagBag from /opt/airflow/dags/pipeline.py
[2026-09-10T15:26:14.912+0000] {processor.py:925} INFO - DAG(s) 'credit_con' retrieved from /opt/airflow/dags/pipeline.py
[2026-09-10T15:26:15.103+0000] {logging_mixin.py:190} INFO - [2026-09-10T15:26:15.102+0000] {dag.py:3239} INFO - Sync 1 DAGs
[2026-09-10T15:26:15.113+0000] {logging_mixin.py:190} INFO - [2026-09-10T15:26:15.113+0000] {dag.py:4180} INFO - Setting next_dagrun for credit_con to None, run_after=None
[2026-09-10T15:26:15.130+0000] {processor.py:208} INFO - Processing /opt/airflow/dags/pipeline.py took 0.240 seconds
[2026-09-10T15:26:20.151+0000] {processor.py:186} INFO - Started process (PID=207) to work on /opt/airflow/dags/pipeline.py
[2026-09-10T15:26:20.152+0000] {processor.py:914} INFO - Processing file /opt/airflow/dags/pipeline.py for tasks to queue
[2026-09-10T15:26:20.153+0000] {logging_mixin.py:190} INFO - [2026-09-10T15:26:20.153+0000] {dagbag.py:588} INFO - Filling up the DagBag from /opt/airflow/dags/pipeline.py
[2026-09-10T15:26:20.168+0000] {processor.py:925} INFO - DAG(s) 'credit_con' retrieved from /opt/airflow/dags/pipeline.py
[2026-09-10T15:26:20.181+0000] {logging_mixin.py:190} INFO - [2026-09-10T15:26:20.181+0000] {dag.py:3239} INFO - Sync 1 DAGs
[2026-09-10T15:26:20.196+0000] {logging_mixin.py:190} INFO - [2026-09-10T15:26:20.196+0000] {dag.py:4180} INFO - Setting next_dagrun for credit_con to None, run_after=None
[2026-09-10T15:26:20.354+0000] {processor.py:208} INFO - Processing /opt/airflow/dags/pipeline.py took 0.208 seconds
[2026-09-10T15:26:50.536+0000] {processor.py:186} INFO - Started process (PID=208) to work on /opt/airflow/dags/pipeline.py
[2026-09-10T15:26:50.537+0000] {processor.py:914} INFO - Processing file /opt/airflow/dags/pipeline.py for tasks to queue
[2026-09-10T15:26:50.538+0000] {logging_mixin.py:190} INFO - [2026-09-10T15:26:50.538+0000] {dagbag.py:588} INFO - Filling up the DagBag from /opt/airflow/dags/pipeline.py
[2026-09-10T15:26:50.549+0000] {processor.py:925} INFO - DAG(s) 'credit_con' retrieved from /opt/airflow/dags/pipeline.py
[2026-09-10T15:26:50.571+0000] {logging_mixin.py:190} INFO - [2026-09-10T15:26:50.571+0000] {dag.py:3239} INFO - Sync 1 DAGs
[2026-09-10T15:26:50.584+0000] {logging_mixin.py:190} INFO - [2026-09-10T15:26:50.584+0000] {dag.py:4180} INFO - Setting next_dagrun for credit_con to None, run_after=None
[2026-09-10T15:26:50.601+0000] {processor.py:208} INFO - Processing /opt/airflow/dags/pipeline.py took 0.070 seconds
[2026-09-10T15:27:20.718+0000] {processor.py:186} INFO - Started process (PID=209) to work on /opt/airflow/dags/pipeline.py
[2026-09-10T15:27:20.719+0000] {processor.py:914} INFO - Processing file /opt/airflow/dags/pipeline.py for tasks to queue
[2026-09-10T15:27:20.721+0000] {logging_mixin.py:190} INFO - [2026-09-10T15:27:20.720+0000] {dagbag.py:588} INFO - Filling up the DagBag from /opt/airflow/dags/pipeline.py
[2026-09-10T15:27:20.731+0000] {processor.py:925} INFO - DAG(s) 'credit_con' retrieved from /opt/airflow/dags/pipeline.py
[2026-09-10T15:27:20.757+0000] {logging_mixin.py:190} INFO - [2026-09-10T15:27:20.756+0000] {dag.py:3239} INFO - Sync 1 DAGs
[2026-09-10T15:27:20.771+0000] {logging_mixin.py:190} INFO - [2026-09-10T15:27:20.771+0000] {dag.py:4180} INFO - Setting next_dagrun for credit_con to None, run_after=None
[2026-09-10T15:27:20.788+0000] {processor.py:208} INFO - Processing /opt/airflow/dags/pipeline.py took 0.076 seconds
[2026-09-10T15:27:50.965+0000] {processor.py:186} INFO - Started process (PID=210) to work on /opt/airflow/dags/pipeline.py
[2026-09-10T15:27:50.966+0000] {processor.py:914} INFO - Processing file /opt/airflow/dags/pipeline.py for tasks to queue
[2026-09-10T15:27:50.968+0000] {logging_mixin.py:190} INFO - [2026-09-10T15:27:50.968+0000] {dagbag.py:588} INFO - Filling up the DagBag from /opt/airflow/dags/pipeline.py
[2026-09-10T15:27:50.978+0000] {processor.py:925} INFO - DAG(s) 'credit_con' retrieved from /opt/airflow/dags/pipeline.py
[2026-09-10T15:27:50.999+0000] {logging_mixin.py:190} INFO - [2026-09-10T15:27:50.999+0000] {dag.py:3239} INFO - Sync 1 DAGs
[2026-09-10T15:27:51.012+0000] {logging_mixin.py:190} INFO - [2026-09-10T15:27:51.012+0000] {dag.py:4180} INFO - Setting next_dagrun for credit_con to None, run_after=None
[2026-09-10T15:27:51.034+0000] {processor.py:208} INFO - Processing /opt/airflow/dags/pipeline.py took 0.073 seconds
[2026-09-10T15:28:01.043+0000] {processor.py:186} INFO - Started process (PID=211) to work on /opt/airflow/dags/pipeline.py
[2026-09-10T15:28:01.044+0000] {processor.py:914} INFO - Processing file /opt/airflow/dags/pipeline.py for tasks to queue
[2026-09-10T15:28:01.045+0000] {logging_mixin.py:190} INFO - [2026-09-10T15:28:01.045+0000] {dagbag.py:588} INFO - Filling up the DagBag from /opt/airflow/dags/pipeline.py
[2026-09-10T15:28:01.062+0000] {processor.py:925} INFO - DAG(s) 'credit_risk_analysis_pipeline' retrieved from /opt/airflow/dags/pipeline.py
[2026-09-10T15:28:01.266+0000] {logging_mixin.py:190} INFO - [2026-09-10T15:28:01.266+0000] {dag.py:3239} INFO - Sync 1 DAGs
[2026-09-10T15:28:01.276+0000] {logging_mixin.py:190} INFO - [2026-09-10T15:28:01.276+0000] {dag.py:4180} INFO - Setting next_dagrun for credit_risk_analysis_pipeline to None, run_after=None
[2026-09-10T15:28:01.296+0000] {processor.py:208} INFO - Processing /opt/airflow/dags/pipeline.py took 0.258 seconds
[2026-09-10T15:28:02.128+0000] {processor.py:186} INFO - Started process (PID=212) to work on /opt/airflow/dags/pipeline.py
[2026-09-10T15:28:02.129+0000] {processor.py:914} INFO - Processing file /opt/airflow/dags/pipeline.py for tasks to queue
[2026-09-10T15:28:02.130+0000] {logging_mixin.py:190} INFO - [2026-09-10T15:28:02.130+0000] {dagbag.py:588} INFO - Filling up the DagBag from /opt/airflow/dags/pipeline.py
[2026-09-10T15:28:02.148+0000] {processor.py:925} INFO - DAG(s) 'credit_risk_analysis_pipeline' retrieved from /opt/airflow/dags/pipeline.py
[2026-09-10T15:28:02.161+0000] {logging_mixin.py:190} INFO - [2026-09-10T15:28:02.161+0000] {dag.py:3239} INFO - Sync 1 DAGs
[2026-09-10T15:28:02.175+0000] {logging_mixin.py:190} INFO - [2026-09-10T15:28:02.175+0000] {dag.py:4180} INFO - Setting next_dagrun for credit_risk_analysis_pipeline to None, run_after=None
[2026-09-10T15:28:02.201+0000] {processor.py:208} INFO - Processing /opt/airflow/dags/pipeline.py took 0.078 seconds
[2026-09-10T15:28:32.324+0000] {processor.py:186} INFO - Started process (PID=213) to work on /opt/airflow/dags/pipeline.py
[2026-09-10T15:28:32.325+0000] {processor.py:914} INFO - Processing file /opt/airflow/dags/pipeline.py for tasks to queue
[2026-09-10T15:28:32.327+0000] {logging_mixin.py:190} INFO - [2026-09-10T15:28:32.326+0000] {dagbag.py:588} INFO - Filling up the DagBag from /opt/airflow/dags/pipeline.py
[2026-09-10T15:28:32.337+0000] {processor.py:925} INFO - DAG(s) 'credit_risk_analysis_pipeline' retrieved from /opt/airflow/dags/pipeline.py
[2026-09-10T15:28:32.359+0000] {logging_mixin.py:190} INFO - [2026-09-10T15:28:32.359+0000] {dag.py:3239} INFO - Sync 1 DAGs
[2026-09-10T15:28:32.373+0000] {logging_mixin.py:190} INFO - [2026-09-10T15:28:32.372+0000] {dag.py:4180} INFO - Setting next_dagrun for credit_risk_analysis_pipeline to None, run_after=None
[2026-09-10T15:28:32.390+0000] {processor.py:208} INFO - Processing /opt/airflow/dags/pipeline.py took 0.071 seconds
[2026-09-10T15:29:02.596+0000] {processor.py:186} INFO - Started process (PID=214) to work on /opt/airflow/dags/pipeline.py
[2026-09-10T15:29:02.597+0000] {processor.py:914} INFO - Processing file /opt/airflow/dags/pipeline.py for tasks to queue
[2026-09-10T15:29:02.599+0000] {logging_mixin.py:190} INFO - [2026-09-10T15:29:02.598+0000] {dagbag.py:588} INFO - Filling up the DagBag from /opt/airflow/dags/pipeline.py
[2026-09-10T15:29:02.609+0000] {processor.py:925} INFO - DAG(s) 'credit_risk_analysis_pipeline' retrieved from /opt/airflow/dags/pipeline.py
[2026-09-10T15:29:02.629+0000] {logging_mixin.py:190} INFO - [2026-09-10T15:29:02.629+0000] {dag.py:3239} INFO - Sync 1 DAGs
[2026-09-10T15:29:02.643+0000] {logging_mixin.py:190} INFO - [2026-09-10T15:29:02.643+0000] {dag.py:4180} INFO - Setting next_dagrun for credit_risk_analysis_pipeline to None, run_after=None
[2026-09-10T15:29:02.795+0000] {processor.py:208} INFO - Processing /opt/airflow/dags/pipeline.py took 0.204 seconds
[2026-09-10T15:29:32.994+0000] {processor.py:186} INFO - Started process (PID=215) to work on /opt/airflow/dags/pipeline.py
[2026-09-10T15:29:32.995+0000] {processor.py:914} INFO - Processing file /opt/airflow/dags/pipeline.py for tasks to queue
[2026-09-10T15:29:32.997+0000] {logging_mixin.py:190} INFO - [2026-09-10T15:29:32.996+0000] {dagbag.py:588} INFO - Filling up the DagBag from /opt/airflow/dags/pipeline.py
[2026-09-10T15:29:33.008+0000] {processor.py:925} INFO - DAG(s) 'credit_risk_analysis_pipeline' retrieved from /opt/airflow/dags/pipeline.py
[2026-09-10T15:29:33.030+0000] {logging_mixin.py:190} INFO - [2026-09-10T15:29:33.030+0000] {dag.py:3239} INFO - Sync 1 DAGs
[2026-09-10T15:29:33.044+0000] {logging_mixin.py:190} INFO - [2026-09-10T15:29:33.043+0000] {dag.py:4180} INFO - Setting next_dagrun for credit_risk_analysis_pipeline to None, run_after=None
[2026-09-10T15:29:33.062+0000] {processor.py:208} INFO - Processing /opt/airflow/dags/pipeline.py took 0.072 seconds
[2026-09-10T15:30:03.181+0000] {processor.py:186} INFO - Started process (PID=216) to work on /opt/airflow/dags/pipeline.py
[2026-09-10T15:30:03.182+0000] {processor.py:914} INFO - Processing file /opt/airflow/dags/pipeline.py for tasks to queue
[2026-09-10T15:30:03.183+0000] {logging_mixin.py:190} INFO - [2026-09-10T15:30:03.183+0000] {dagbag.py:588} INFO - Filling up the DagBag from /opt/airflow/dags/pipeline.py
[2026-09-10T15:30:03.192+0000] {processor.py:925} INFO - DAG(s) 'credit_risk_analysis_pipeline' retrieved from /opt/airflow/dags/pipeline.py
[2026-09-10T15:30:03.215+0000] {logging_mixin.py:190} INFO - [2026-09-10T15:30:03.215+0000] {dag.py:3239} INFO - Sync 1 DAGs
[2026-09-10T15:30:03.228+0000] {logging_mixin.py:190} INFO - [2026-09-10T15:30:03.227+0000] {dag.py:4180} INFO - Setting next_dagrun for credit_risk_analysis_pipeline to None, run_after=None
[2026-09-10T15:30:03.249+0000] {processor.py:208} INFO - Processing /opt/airflow/dags/pipeline.py took 0.073 seconds
[2026-09-10T15:30:33.430+0000] {processor.py:186} INFO - Started process (PID=217) to work on /opt/airflow/dags/pipeline.py
[2026-09-10T15:30:33.431+0000] {processor.py:914} INFO - Processing file /opt/airflow/dags/pipeline.py for tasks to queue
[2026-09-10T15:30:33.432+0000] {logging_mixin.py:190} INFO - [2026-09-10T15:30:33.432+0000] {dagbag.py:588} INFO - Filling up the DagBag from /opt/airflow/dags/pipeline.py
[2026-09-10T15:30:33.443+0000] {processor.py:925} INFO - DAG(s) 'credit_risk_analysis_pipeline' retrieved from /opt/airflow/dags/pipeline.py
[2026-09-10T15:30:33.466+0000] {logging_mixin.py:190} INFO - [2026-09-10T15:30:33.466+0000] {dag.py:3239} INFO - Sync 1 DAGs
[2026-09-10T15:30:33.480+0000] {logging_mixin.py:190} INFO - [2026-09-10T15:30:33.480+0000] {dag.py:4180} INFO - Setting next_dagrun for credit_risk_analysis_pipeline to None, run_after=None
[2026-09-10T15:30:33.497+0000] {processor.py:208} INFO - Processing /opt/airflow/dags/pipeline.py took 0.071 seconds
[2026-09-10T15:31:03.629+0000] {processor.py:186} INFO - Started process (PID=218) to work on /opt/airflow/dags/pipeline.py
[2026-09-10T15:31:03.630+0000] {processor.py:914} INFO - Processing file /opt/airflow/dags/pipeline.py for tasks to queue
[2026-09-10T15:31:03.631+0000] {logging_mixin.py:190} INFO - [2026-09-10T15:31:03.631+0000] {dagbag.py:588} INFO - Filling up the DagBag from /opt/airflow/dags/pipeline.py
[2026-09-10T15:31:03.642+0000] {processor.py:925} INFO - DAG(s) 'credit_risk_analysis_pipeline' retrieved from /opt/airflow/dags/pipeline.py
[2026-09-10T15:31:03.663+0000] {logging_mixin.py:190} INFO - [2026-09-10T15:31:03.663+0000] {dag.py:3239} INFO - Sync 1 DAGs
[2026-09-10T15:31:03.676+0000] {logging_mixin.py:190} INFO - [2026-09-10T15:31:03.676+0000] {dag.py:4180} INFO - Setting next_dagrun for credit_risk_analysis_pipeline to None, run_after=None
[2026-09-10T15:31:03.693+0000] {processor.py:208} INFO - Processing /opt/airflow/dags/pipeline.py took 0.069 seconds
[2026-09-10T15:31:33.866+0000] {processor.py:186} INFO - Started process (PID=219) to work on /opt/airflow/dags/pipeline.py
[2026-09-10T15:31:33.867+0000] {processor.py:914} INFO - Processing file /opt/airflow/dags/pipeline.py for tasks to queue
[2026-09-10T15:31:33.869+0000] {logging_mixin.py:190} INFO - [2026-09-10T15:31:33.868+0000] {dagbag.py:588} INFO - Filling up the DagBag from /opt/airflow/dags/pipeline.py
[2026-09-10T15:31:33.880+0000] {processor.py:925} INFO - DAG(s) 'credit_risk_analysis_pipeline' retrieved from /opt/airflow/dags/pipeline.py
[2026-09-10T15:31:33.903+0000] {logging_mixin.py:190} INFO - [2026-09-10T15:31:33.903+0000] {dag.py:3239} INFO - Sync 1 DAGs
[2026-09-10T15:31:33.918+0000] {logging_mixin.py:190} INFO - [2026-09-10T15:31:33.918+0000] {dag.py:4180} INFO - Setting next_dagrun for credit_risk_analysis_pipeline to None, run_after=None
[2026-09-10T15:31:33.943+0000] {processor.py:208} INFO - Processing /opt/airflow/dags/pipeline.py took 0.081 seconds
[2026-09-10T15:32:04.064+0000] {processor.py:186} INFO - Started process (PID=220) to work on /opt/airflow/dags/pipeline.py
[2026-09-10T15:32:04.065+0000] {processor.py:914} INFO - Processing file /opt/airflow/dags/pipeline.py for tasks to queue
[2026-09-10T15:32:04.067+0000] {logging_mixin.py:190} INFO - [2026-09-10T15:32:04.067+0000] {dagbag.py:588} INFO - Filling up the DagBag from /opt/airflow/dags/pipeline.py
[2026-09-10T15:32:04.077+0000] {processor.py:925} INFO - DAG(s) 'credit_risk_analysis_pipeline' retrieved from /opt/airflow/dags/pipeline.py
[2026-09-10T15:32:04.102+0000] {logging_mixin.py:190} INFO - [2026-09-10T15:32:04.102+0000] {dag.py:3239} INFO - Sync 1 DAGs
[2026-09-10T15:32:04.277+0000] {logging_mixin.py:190} INFO - [2026-09-10T15:32:04.277+0000] {dag.py:4180} INFO - Setting next_dagrun for credit_risk_analysis_pipeline to None, run_after=None
[2026-09-10T15:32:04.296+0000] {processor.py:208} INFO - Processing /opt/airflow/dags/pipeline.py took 0.237 seconds
[2026-09-10T15:32:34.501+0000] {processor.py:186} INFO - Started process (PID=221) to work on /opt/airflow/dags/pipeline.py
[2026-09-10T15:32:34.502+0000] {processor.py:914} INFO - Processing file /opt/airflow/dags/pipeline.py for tasks to queue
[2026-09-10T15:32:34.503+0000] {logging_mixin.py:190} INFO - [2026-09-10T15:32:34.503+0000] {dagbag.py:588} INFO - Filling up the DagBag from /opt/airflow/dags/pipeline.py
[2026-09-10T15:32:34.514+0000] {processor.py:925} INFO - DAG(s) 'credit_risk_analysis_pipeline' retrieved from /opt/airflow/dags/pipeline.py
[2026-09-10T15:32:34.540+0000] {logging_mixin.py:190} INFO - [2026-09-10T15:32:34.539+0000] {dag.py:3239} INFO - Sync 1 DAGs
[2026-09-10T15:32:34.554+0000] {logging_mixin.py:190} INFO - [2026-09-10T15:32:34.554+0000] {dag.py:4180} INFO - Setting next_dagrun for credit_risk_analysis_pipeline to None, run_after=None
[2026-09-10T15:32:34.572+0000] {processor.py:208} INFO - Processing /opt/airflow/dags/pipeline.py took 0.080 seconds
[2026-09-10T15:33:04.695+0000] {processor.py:186} INFO - Started process (PID=222) to work on /opt/airflow/dags/pipeline.py
[2026-09-10T15:33:04.696+0000] {processor.py:914} INFO - Processing file /opt/airflow/dags/pipeline.py for tasks to queue
[2026-09-10T15:33:04.697+0000] {logging_mixin.py:190} INFO - [2026-09-10T15:33:04.697+0000] {dagbag.py:588} INFO - Filling up the DagBag from /opt/airflow/dags/pipeline.py
[2026-09-10T15:33:04.707+0000] {processor.py:925} INFO - DAG(s) 'credit_risk_analysis_pipeline' retrieved from /opt/airflow/dags/pipeline.py
[2026-09-10T15:33:04.730+0000] {logging_mixin.py:190} INFO - [2026-09-10T15:33:04.730+0000] {dag.py:3239} INFO - Sync 1 DAGs
[2026-09-10T15:33:04.746+0000] {logging_mixin.py:190} INFO - [2026-09-10T15:33:04.745+0000] {dag.py:4180} INFO - Setting next_dagrun for credit_risk_analysis_pipeline to None, run_after=None
[2026-09-10T15:33:04.763+0000] {processor.py:208} INFO - Processing /opt/airflow/dags/pipeline.py took 0.074 seconds
[2026-09-10T15:33:34.947+0000] {processor.py:186} INFO - Started process (PID=223) to work on /opt/airflow/dags/pipeline.py
[2026-09-10T15:33:34.948+0000] {processor.py:914} INFO - Processing file /opt/airflow/dags/pipeline.py for tasks to queue
[2026-09-10T15:33:34.949+0000] {logging_mixin.py:190} INFO - [2026-09-10T15:33:34.949+0000] {dagbag.py:588} INFO - Filling up the DagBag from /opt/airflow/dags/pipeline.py
[2026-09-10T15:33:34.959+0000] {processor.py:925} INFO - DAG(s) 'credit_risk_analysis_pipeline' retrieved from /opt/airflow/dags/pipeline.py
[2026-09-10T15:33:34.981+0000] {logging_mixin.py:190} INFO - [2026-09-10T15:33:34.981+0000] {dag.py:3239} INFO - Sync 1 DAGs
[2026-09-10T15:33:34.995+0000] {logging_mixin.py:190} INFO - [2026-09-10T15:33:34.995+0000] {dag.py:4180} INFO - Setting next_dagrun for credit_risk_analysis_pipeline to None, run_after=None
[2026-09-10T15:33:35.019+0000] {processor.py:208} INFO - Processing /opt/airflow/dags/pipeline.py took 0.076 seconds
[2026-09-10T15:34:05.168+0000] {processor.py:186} INFO - Started process (PID=224) to work on /opt/airflow/dags/pipeline.py
[2026-09-10T15:34:05.169+0000] {processor.py:914} INFO - Processing file /opt/airflow/dags/pipeline.py for tasks to queue
[2026-09-10T15:34:05.172+0000] {logging_mixin.py:190} INFO - [2026-09-10T15:34:05.171+0000] {dagbag.py:588} INFO - Filling up the DagBag from /opt/airflow/dags/pipeline.py
[2026-09-10T15:34:05.182+0000] {processor.py:925} INFO - DAG(s) 'credit_risk_analysis_pipeline' retrieved from /opt/airflow/dags/pipeline.py
[2026-09-10T15:34:05.208+0000] {logging_mixin.py:190} INFO - [2026-09-10T15:34:05.207+0000] {dag.py:3239} INFO - Sync 1 DAGs
[2026-09-10T15:34:05.223+0000] {logging_mixin.py:190} INFO - [2026-09-10T15:34:05.223+0000] {dag.py:4180} INFO - Setting next_dagrun for credit_risk_analysis_pipeline to None, run_after=None
[2026-09-10T15:34:05.240+0000] {processor.py:208} INFO - Processing /opt/airflow/dags/pipeline.py took 0.079 seconds
[2026-09-10T15:34:35.384+0000] {processor.py:186} INFO - Started process (PID=225) to work on /opt/airflow/dags/pipeline.py
[2026-09-10T15:34:35.385+0000] {processor.py:914} INFO - Processing file /opt/airflow/dags/pipeline.py for tasks to queue
[2026-09-10T15:34:35.387+0000] {logging_mixin.py:190} INFO - [2026-09-10T15:34:35.386+0000] {dagbag.py:588} INFO - Filling up the DagBag from /opt/airflow/dags/pipeline.py
[2026-09-10T15:34:35.399+0000] {processor.py:925} INFO - DAG(s) 'credit_risk_analysis_pipeline' retrieved from /opt/airflow/dags/pipeline.py
[2026-09-10T15:34:35.427+0000] {logging_mixin.py:190} INFO - [2026-09-10T15:34:35.427+0000] {dag.py:3239} INFO - Sync 1 DAGs
[2026-09-10T15:34:35.452+0000] {logging_mixin.py:190} INFO - [2026-09-10T15:34:35.452+0000] {dag.py:4180} INFO - Setting next_dagrun for credit_risk_analysis_pipeline to None, run_after=None
[2026-09-10T15:34:35.639+0000] {processor.py:208} INFO - Processing /opt/airflow/dags/pipeline.py took 0.262 seconds
[2026-09-10T15:35:05.843+0000] {processor.py:186} INFO - Started process (PID=226) to work on /opt/airflow/dags/pipeline.py
[2026-09-10T15:35:05.844+0000] {processor.py:914} INFO - Processing file /opt/airflow/dags/pipeline.py for tasks to queue
[2026-09-10T15:35:05.845+0000] {logging_mixin.py:190} INFO - [2026-09-10T15:35:05.845+0000] {dagbag.py:588} INFO - Filling up the DagBag from /opt/airflow/dags/pipeline.py
[2026-09-10T15:35:05.856+0000] {processor.py:925} INFO - DAG(s) 'credit_risk_analysis_pipeline' retrieved from /opt/airflow/dags/pipeline.py
[2026-09-10T15:35:05.878+0000] {logging_mixin.py:190} INFO - [2026-09-10T15:35:05.878+0000] {dag.py:3239} INFO - Sync 1 DAGs
[2026-09-10T15:35:06.022+0000] {logging_mixin.py:190} INFO - [2026-09-10T15:35:06.022+0000] {dag.py:4180} INFO - Setting next_dagrun for credit_risk_analysis_pipeline to None, run_after=None
[2026-09-10T15:35:06.044+0000] {processor.py:208} INFO - Processing /opt/airflow/dags/pipeline.py took 0.207 seconds
[2026-09-10T15:35:36.243+0000] {processor.py:186} INFO - Started process (PID=227) to work on /opt/airflow/dags/pipeline.py
[2026-09-10T15:35:36.244+0000] {processor.py:914} INFO - Processing file /opt/airflow/dags/pipeline.py for tasks to queue
[2026-09-10T15:35:36.246+0000] {logging_mixin.py:190} INFO - [2026-09-10T15:35:36.245+0000] {dagbag.py:588} INFO - Filling up the DagBag from /opt/airflow/dags/pipeline.py
[2026-09-10T15:35:36.255+0000] {processor.py:925} INFO - DAG(s) 'credit_risk_analysis_pipeline' retrieved from /opt/airflow/dags/pipeline.py
[2026-09-10T15:35:36.278+0000] {logging_mixin.py:190} INFO - [2026-09-10T15:35:36.278+0000] {dag.py:3239} INFO - Sync 1 DAGs
[2026-09-10T15:35:36.291+0000] {logging_mixin.py:190} INFO - [2026-09-10T15:35:36.291+0000] {dag.py:4180} INFO - Setting next_dagrun for credit_risk_analysis_pipeline to None, run_after=None
[2026-09-10T15:35:36.309+0000] {processor.py:208} INFO - Processing /opt/airflow/dags/pipeline.py took 0.072 seconds
[2026-09-10T15:36:06.424+0000] {processor.py:186} INFO - Started process (PID=228) to work on /opt/airflow/dags/pipeline.py
[2026-09-10T15:36:06.425+0000] {processor.py:914} INFO - Processing file /opt/airflow/dags/pipeline.py for tasks to queue
[2026-09-10T15:36:06.426+0000] {logging_mixin.py:190} INFO - [2026-09-10T15:36:06.426+0000] {dagbag.py:588} INFO - Filling up the DagBag from /opt/airflow/dags/pipeline.py
[2026-09-10T15:36:06.436+0000] {processor.py:925} INFO - DAG(s) 'credit_risk_analysis_pipeline' retrieved from /opt/airflow/dags/pipeline.py
[2026-09-10T15:36:06.457+0000] {logging_mixin.py:190} INFO - [2026-09-10T15:36:06.457+0000] {dag.py:3239} INFO - Sync 1 DAGs
[2026-09-10T15:36:06.471+0000] {logging_mixin.py:190} INFO - [2026-09-10T15:36:06.471+0000] {dag.py:4180} INFO - Setting next_dagrun for credit_risk_analysis_pipeline to None, run_after=None
[2026-09-10T15:36:06.491+0000] {processor.py:208} INFO - Processing /opt/airflow/dags/pipeline.py took 0.072 seconds
[2026-09-10T15:36:36.676+0000] {processor.py:186} INFO - Started process (PID=229) to work on /opt/airflow/dags/pipeline.py
[2026-09-10T15:36:36.677+0000] {processor.py:914} INFO - Processing file /opt/airflow/dags/pipeline.py for tasks to queue
[2026-09-10T15:36:36.679+0000] {logging_mixin.py:190} INFO - [2026-09-10T15:36:36.678+0000] {dagbag.py:588} INFO - Filling up the DagBag from /opt/airflow/dags/pipeline.py
[2026-09-10T15:36:36.689+0000] {processor.py:925} INFO - DAG(s) 'credit_risk_analysis_pipeline' retrieved from /opt/airflow/dags/pipeline.py
[2026-09-10T15:36:36.711+0000] {logging_mixin.py:190} INFO - [2026-09-10T15:36:36.711+0000] {dag.py:3239} INFO - Sync 1 DAGs
[2026-09-10T15:36:36.724+0000] {logging_mixin.py:190} INFO - [2026-09-10T15:36:36.724+0000] {dag.py:4180} INFO - Setting next_dagrun for credit_risk_analysis_pipeline to None, run_after=None
[2026-09-10T15:36:36.741+0000] {processor.py:208} INFO - Processing /opt/airflow/dags/pipeline.py took 0.070 seconds
[2026-09-10T15:37:06.872+0000] {processor.py:186} INFO - Started process (PID=230) to work on /opt/airflow/dags/pipeline.py
[2026-09-10T15:37:06.873+0000] {processor.py:914} INFO - Processing file /opt/airflow/dags/pipeline.py for tasks to queue
[2026-09-10T15:37:06.874+0000] {logging_mixin.py:190} INFO - [2026-09-10T15:37:06.874+0000] {dagbag.py:588} INFO - Filling up the DagBag from /opt/airflow/dags/pipeline.py
[2026-09-10T15:37:06.883+0000] {processor.py:925} INFO - DAG(s) 'credit_risk_analysis_pipeline' retrieved from /opt/airflow/dags/pipeline.py
[2026-09-10T15:37:06.904+0000] {logging_mixin.py:190} INFO - [2026-09-10T15:37:06.904+0000] {dag.py:3239} INFO - Sync 1 DAGs
[2026-09-10T15:37:06.917+0000] {logging_mixin.py:190} INFO - [2026-09-10T15:37:06.917+0000] {dag.py:4180} INFO - Setting next_dagrun for credit_risk_analysis_pipeline to None, run_after=None
[2026-09-10T15:37:06.933+0000] {processor.py:208} INFO - Processing /opt/airflow/dags/pipeline.py took 0.066 seconds
[2026-09-10T15:37:37.106+0000] {processor.py:186} INFO - Started process (PID=231) to work on /opt/airflow/dags/pipeline.py
[2026-09-10T15:37:37.107+0000] {processor.py:914} INFO - Processing file /opt/airflow/dags/pipeline.py for tasks to queue
[2026-09-10T15:37:37.108+0000] {logging_mixin.py:190} INFO - [2026-09-10T15:37:37.108+0000] {dagbag.py:588} INFO - Filling up the DagBag from /opt/airflow/dags/pipeline.py
[2026-09-10T15:37:37.118+0000] {processor.py:925} INFO - DAG(s) 'credit_risk_analysis_pipeline' retrieved from /opt/airflow/dags/pipeline.py
[2026-09-10T15:37:37.141+0000] {logging_mixin.py:190} INFO - [2026-09-10T15:37:37.141+0000] {dag.py:3239} INFO - Sync 1 DAGs
[2026-09-10T15:37:37.316+0000] {logging_mixin.py:190} INFO - [2026-09-10T15:37:37.316+0000] {dag.py:4180} INFO - Setting next_dagrun for credit_risk_analysis_pipeline to None, run_after=None
[2026-09-10T15:37:37.332+0000] {processor.py:208} INFO - Processing /opt/airflow/dags/pipeline.py took 0.230 seconds
[2026-09-10T15:38:07.540+0000] {processor.py:186} INFO - Started process (PID=232) to work on /opt/airflow/dags/pipeline.py
[2026-09-10T15:38:07.541+0000] {processor.py:914} INFO - Processing file /opt/airflow/dags/pipeline.py for tasks to queue
[2026-09-10T15:38:07.542+0000] {logging_mixin.py:190} INFO - [2026-09-10T15:38:07.542+0000] {dagbag.py:588} INFO - Filling up the DagBag from /opt/airflow/dags/pipeline.py
[2026-09-10T15:38:07.552+0000] {processor.py:925} INFO - DAG(s) 'credit_risk_analysis_pipeline' retrieved from /opt/airflow/dags/pipeline.py
[2026-09-10T15:38:07.575+0000] {logging_mixin.py:190} INFO - [2026-09-10T15:38:07.575+0000] {dag.py:3239} INFO - Sync 1 DAGs
[2026-09-10T15:38:07.735+0000] {logging_mixin.py:190} INFO - [2026-09-10T15:38:07.734+0000] {dag.py:4180} INFO - Setting next_dagrun for credit_risk_analysis_pipeline to None, run_after=None
[2026-09-10T15:38:07.757+0000] {processor.py:208} INFO - Processing /opt/airflow/dags/pipeline.py took 0.222 seconds
[2026-09-10T15:38:37.957+0000] {processor.py:186} INFO - Started process (PID=233) to work on /opt/airflow/dags/pipeline.py
[2026-09-10T15:38:37.958+0000] {processor.py:914} INFO - Processing file /opt/airflow/dags/pipeline.py for tasks to queue
[2026-09-10T15:38:37.960+0000] {logging_mixin.py:190} INFO - [2026-09-10T15:38:37.959+0000] {dagbag.py:588} INFO - Filling up the DagBag from /opt/airflow/dags/pipeline.py
[2026-09-10T15:38:37.970+0000] {processor.py:925} INFO - DAG(s) 'credit_risk_analysis_pipeline' retrieved from /opt/airflow/dags/pipeline.py
[2026-09-10T15:38:37.995+0000] {logging_mixin.py:190} INFO - [2026-09-10T15:38:37.995+0000] {dag.py:3239} INFO - Sync 1 DAGs
[2026-09-10T15:38:38.010+0000] {logging_mixin.py:190} INFO - [2026-09-10T15:38:38.010+0000] {dag.py:4180} INFO - Setting next_dagrun for credit_risk_analysis_pipeline to None, run_after=None
[2026-09-10T15:38:38.031+0000] {processor.py:208} INFO - Processing /opt/airflow/dags/pipeline.py took 0.079 seconds
[2026-09-10T15:39:08.143+0000] {processor.py:186} INFO - Started process (PID=234) to work on /opt/airflow/dags/pipeline.py
[2026-09-10T15:39:08.143+0000] {processor.py:914} INFO - Processing file /opt/airflow/dags/pipeline.py for tasks to queue
[2026-09-10T15:39:08.145+0000] {logging_mixin.py:190} INFO - [2026-09-10T15:39:08.144+0000] {dagbag.py:588} INFO - Filling up the DagBag from /opt/airflow/dags/pipeline.py
[2026-09-10T15:39:08.155+0000] {processor.py:925} INFO - DAG(s) 'credit_risk_analysis_pipeline' retrieved from /opt/airflow/dags/pipeline.py
[2026-09-10T15:39:08.180+0000] {logging_mixin.py:190} INFO - [2026-09-10T15:39:08.179+0000] {dag.py:3239} INFO - Sync 1 DAGs
[2026-09-10T15:39:08.195+0000] {logging_mixin.py:190} INFO - [2026-09-10T15:39:08.195+0000] {dag.py:4180} INFO - Setting next_dagrun for credit_risk_analysis_pipeline to None, run_after=None
[2026-09-10T15:39:08.219+0000] {processor.py:208} INFO - Processing /opt/airflow/dags/pipeline.py took 0.081 seconds
[2026-09-10T15:39:38.424+0000] {processor.py:186} INFO - Started process (PID=235) to work on /opt/airflow/dags/pipeline.py
[2026-09-10T15:39:38.425+0000] {processor.py:914} INFO - Processing file /opt/airflow/dags/pipeline.py for tasks to queue
[2026-09-10T15:39:38.427+0000] {logging_mixin.py:190} INFO - [2026-09-10T15:39:38.427+0000] {dagbag.py:588} INFO - Filling up the DagBag from /opt/airflow/dags/pipeline.py
[2026-09-10T15:39:38.436+0000] {processor.py:925} INFO - DAG(s) 'credit_risk_analysis_pipeline' retrieved from /opt/airflow/dags/pipeline.py
[2026-09-10T15:39:38.458+0000] {logging_mixin.py:190} INFO - [2026-09-10T15:39:38.457+0000] {dag.py:3239} INFO - Sync 1 DAGs
[2026-09-10T15:39:38.471+0000] {logging_mixin.py:190} INFO - [2026-09-10T15:39:38.471+0000] {dag.py:4180} INFO - Setting next_dagrun for credit_risk_analysis_pipeline to None, run_after=None
[2026-09-10T15:39:38.494+0000] {processor.py:208} INFO - Processing /opt/airflow/dags/pipeline.py took 0.074 seconds
[2026-09-10T15:40:08.618+0000] {processor.py:186} INFO - Started process (PID=236) to work on /opt/airflow/dags/pipeline.py
[2026-09-10T15:40:08.620+0000] {processor.py:914} INFO - Processing file /opt/airflow/dags/pipeline.py for tasks to queue
[2026-09-10T15:40:08.621+0000] {logging_mixin.py:190} INFO - [2026-09-10T15:40:08.621+0000] {dagbag.py:588} INFO - Filling up the DagBag from /opt/airflow/dags/pipeline.py
[2026-09-10T15:40:08.631+0000] {processor.py:925} INFO - DAG(s) 'credit_risk_analysis_pipeline' retrieved from /opt/airflow/dags/pipeline.py
[2026-09-10T15:40:08.655+0000] {logging_mixin.py:190} INFO - [2026-09-10T15:40:08.655+0000] {dag.py:3239} INFO - Sync 1 DAGs
[2026-09-10T15:40:08.669+0000] {logging_mixin.py:190} INFO - [2026-09-10T15:40:08.668+0000] {dag.py:4180} INFO - Setting next_dagrun for credit_risk_analysis_pipeline to None, run_after=None
[2026-09-10T15:40:08.691+0000] {processor.py:208} INFO - Processing /opt/airflow/dags/pipeline.py took 0.078 seconds
[2026-09-10T15:40:38.877+0000] {processor.py:186} INFO - Started process (PID=237) to work on /opt/airflow/dags/pipeline.py
[2026-09-10T15:40:38.878+0000] {processor.py:914} INFO - Processing file /opt/airflow/dags/pipeline.py for tasks to queue
[2026-09-10T15:40:38.879+0000] {logging_mixin.py:190} INFO - [2026-09-10T15:40:38.879+0000] {dagbag.py:588} INFO - Filling up the DagBag from /opt/airflow/dags/pipeline.py
[2026-09-10T15:40:38.889+0000] {processor.py:925} INFO - DAG(s) 'credit_risk_analysis_pipeline' retrieved from /opt/airflow/dags/pipeline.py
[2026-09-10T15:40:38.909+0000] {logging_mixin.py:190} INFO - [2026-09-10T15:40:38.909+0000] {dag.py:3239} INFO - Sync 1 DAGs
[2026-09-10T15:40:39.077+0000] {logging_mixin.py:190} INFO - [2026-09-10T15:40:39.077+0000] {dag.py:4180} INFO - Setting next_dagrun for credit_risk_analysis_pipeline to None, run_after=None
[2026-09-10T15:40:39.092+0000] {processor.py:208} INFO - Processing /opt/airflow/dags/pipeline.py took 0.220 seconds
[2026-09-10T15:41:09.321+0000] {processor.py:186} INFO - Started process (PID=238) to work on /opt/airflow/dags/pipeline.py
[2026-09-10T15:41:09.322+0000] {processor.py:914} INFO - Processing file /opt/airflow/dags/pipeline.py for tasks to queue
[2026-09-10T15:41:09.323+0000] {logging_mixin.py:190} INFO - [2026-09-10T15:41:09.323+0000] {dagbag.py:588} INFO - Filling up the DagBag from /opt/airflow/dags/pipeline.py
[2026-09-10T15:41:09.333+0000] {processor.py:925} INFO - DAG(s) 'credit_risk_analysis_pipeline' retrieved from /opt/airflow/dags/pipeline.py
[2026-09-10T15:41:09.355+0000] {logging_mixin.py:190} INFO - [2026-09-10T15:41:09.354+0000] {dag.py:3239} INFO - Sync 1 DAGs
[2026-09-10T15:41:09.367+0000] {logging_mixin.py:190} INFO - [2026-09-10T15:41:09.367+0000] {dag.py:4180} INFO - Setting next_dagrun for credit_risk_analysis_pipeline to None, run_after=None
[2026-09-10T15:41:09.383+0000] {processor.py:208} INFO - Processing /opt/airflow/dags/pipeline.py took 0.066 seconds
[2026-09-10T15:41:39.513+0000] {processor.py:186} INFO - Started process (PID=239) to work on /opt/airflow/dags/pipeline.py
[2026-09-10T15:41:39.514+0000] {processor.py:914} INFO - Processing file /opt/airflow/dags/pipeline.py for tasks to queue
[2026-09-10T15:41:39.516+0000] {logging_mixin.py:190} INFO - [2026-09-10T15:41:39.515+0000] {dagbag.py:588} INFO - Filling up the DagBag from /opt/airflow/dags/pipeline.py
[2026-09-10T15:41:39.530+0000] {processor.py:925} INFO - DAG(s) 'credit_risk_analysis_pipeline' retrieved from /opt/airflow/dags/pipeline.py
[2026-09-10T15:41:39.557+0000] {logging_mixin.py:190} INFO - [2026-09-10T15:41:39.557+0000] {dag.py:3239} INFO - Sync 1 DAGs
[2026-09-10T15:41:39.571+0000] {logging_mixin.py:190} INFO - [2026-09-10T15:41:39.571+0000] {dag.py:4180} INFO - Setting next_dagrun for credit_risk_analysis_pipeline to None, run_after=None
[2026-09-10T15:41:39.588+0000] {processor.py:208} INFO - Processing /opt/airflow/dags/pipeline.py took 0.081 seconds
[2026-09-10T15:42:09.754+0000] {processor.py:186} INFO - Started process (PID=240) to work on /opt/airflow/dags/pipeline.py
[2026-09-10T15:42:09.755+0000] {processor.py:914} INFO - Processing file /opt/airflow/dags/pipeline.py for tasks to queue
[2026-09-10T15:42:09.756+0000] {logging_mixin.py:190} INFO - [2026-09-10T15:42:09.756+0000] {dagbag.py:588} INFO - Filling up the DagBag from /opt/airflow/dags/pipeline.py
[2026-09-10T15:42:09.766+0000] {processor.py:925} INFO - DAG(s) 'credit_risk_analysis_pipeline' retrieved from /opt/airflow/dags/pipeline.py
[2026-09-10T15:42:09.789+0000] {logging_mixin.py:190} INFO - [2026-09-10T15:42:09.789+0000] {dag.py:3239} INFO - Sync 1 DAGs
[2026-09-10T15:42:09.803+0000] {logging_mixin.py:190} INFO - [2026-09-10T15:42:09.803+0000] {dag.py:4180} INFO - Setting next_dagrun for credit_risk_analysis_pipeline to None, run_after=None
[2026-09-10T15:42:09.820+0000] {processor.py:208} INFO - Processing /opt/airflow/dags/pipeline.py took 0.071 seconds
[2026-09-10T15:42:39.954+0000] {processor.py:186} INFO - Started process (PID=241) to work on /opt/airflow/dags/pipeline.py
[2026-09-10T15:42:39.955+0000] {processor.py:914} INFO - Processing file /opt/airflow/dags/pipeline.py for tasks to queue
[2026-09-10T15:42:39.957+0000] {logging_mixin.py:190} INFO - [2026-09-10T15:42:39.956+0000] {dagbag.py:588} INFO - Filling up the DagBag from /opt/airflow/dags/pipeline.py
[2026-09-10T15:42:39.966+0000] {processor.py:925} INFO - DAG(s) 'credit_risk_analysis_pipeline' retrieved from /opt/airflow/dags/pipeline.py
[2026-09-10T15:42:39.991+0000] {logging_mixin.py:190} INFO - [2026-09-10T15:42:39.991+0000] {dag.py:3239} INFO - Sync 1 DAGs
[2026-09-10T15:42:40.007+0000] {logging_mixin.py:190} INFO - [2026-09-10T15:42:40.007+0000] {dag.py:4180} INFO - Setting next_dagrun for credit_risk_analysis_pipeline to None, run_after=None
[2026-09-10T15:42:40.026+0000] {processor.py:208} INFO - Processing /opt/airflow/dags/pipeline.py took 0.077 seconds
[2026-09-10T15:43:10.188+0000] {processor.py:186} INFO - Started process (PID=242) to work on /opt/airflow/dags/pipeline.py
[2026-09-10T15:43:10.190+0000] {processor.py:914} INFO - Processing file /opt/airflow/dags/pipeline.py for tasks to queue
[2026-09-10T15:43:10.191+0000] {logging_mixin.py:190} INFO - [2026-09-10T15:43:10.191+0000] {dagbag.py:588} INFO - Filling up the DagBag from /opt/airflow/dags/pipeline.py
[2026-09-10T15:43:10.203+0000] {processor.py:925} INFO - DAG(s) 'credit_risk_analysis_pipeline' retrieved from /opt/airflow/dags/pipeline.py
[2026-09-10T15:43:10.228+0000] {logging_mixin.py:190} INFO - [2026-09-10T15:43:10.227+0000] {dag.py:3239} INFO - Sync 1 DAGs
[2026-09-10T15:43:10.243+0000] {logging_mixin.py:190} INFO - [2026-09-10T15:43:10.243+0000] {dag.py:4180} INFO - Setting next_dagrun for credit_risk_analysis_pipeline to None, run_after=None
[2026-09-10T15:43:10.404+0000] {processor.py:208} INFO - Processing /opt/airflow/dags/pipeline.py took 0.221 seconds
[2026-09-10T15:43:40.550+0000] {processor.py:186} INFO - Started process (PID=243) to work on /opt/airflow/dags/pipeline.py
[2026-09-10T15:43:40.553+0000] {processor.py:914} INFO - Processing file /opt/airflow/dags/pipeline.py for tasks to queue
[2026-09-10T15:43:40.557+0000] {logging_mixin.py:190} INFO - [2026-09-10T15:43:40.556+0000] {dagbag.py:588} INFO - Filling up the DagBag from /opt/airflow/dags/pipeline.py
[2026-09-10T15:43:40.590+0000] {processor.py:925} INFO - DAG(s) 'credit_risk_analysis_pipeline' retrieved from /opt/airflow/dags/pipeline.py
[2026-09-10T15:43:40.650+0000] {logging_mixin.py:190} INFO - [2026-09-10T15:43:40.649+0000] {dag.py:3239} INFO - Sync 1 DAGs
[2026-09-10T15:43:40.989+0000] {logging_mixin.py:190} INFO - [2026-09-10T15:43:40.989+0000] {dag.py:4180} INFO - Setting next_dagrun for credit_risk_analysis_pipeline to None, run_after=None
[2026-09-10T15:43:41.042+0000] {processor.py:208} INFO - Processing /opt/airflow/dags/pipeline.py took 0.501 seconds
[2026-09-10T15:44:11.485+0000] {processor.py:186} INFO - Started process (PID=244) to work on /opt/airflow/dags/pipeline.py
[2026-09-10T15:44:11.488+0000] {processor.py:914} INFO - Processing file /opt/airflow/dags/pipeline.py for tasks to queue
[2026-09-10T15:44:11.492+0000] {logging_mixin.py:190} INFO - [2026-09-10T15:44:11.491+0000] {dagbag.py:588} INFO - Filling up the DagBag from /opt/airflow/dags/pipeline.py
[2026-09-10T15:44:11.524+0000] {processor.py:925} INFO - DAG(s) 'credit_risk_analysis_pipeline' retrieved from /opt/airflow/dags/pipeline.py
[2026-09-10T15:44:11.580+0000] {logging_mixin.py:190} INFO - [2026-09-10T15:44:11.579+0000] {dag.py:3239} INFO - Sync 1 DAGs
[2026-09-10T15:44:11.612+0000] {logging_mixin.py:190} INFO - [2026-09-10T15:44:11.612+0000] {dag.py:4180} INFO - Setting next_dagrun for credit_risk_analysis_pipeline to None, run_after=None
[2026-09-10T15:44:11.653+0000] {processor.py:208} INFO - Processing /opt/airflow/dags/pipeline.py took 0.179 seconds
[2026-09-10T15:44:41.850+0000] {processor.py:186} INFO - Started process (PID=245) to work on /opt/airflow/dags/pipeline.py
[2026-09-10T15:44:41.853+0000] {processor.py:914} INFO - Processing file /opt/airflow/dags/pipeline.py for tasks to queue
[2026-09-10T15:44:41.857+0000] {logging_mixin.py:190} INFO - [2026-09-10T15:44:41.857+0000] {dagbag.py:588} INFO - Filling up the DagBag from /opt/airflow/dags/pipeline.py
[2026-09-10T15:44:41.890+0000] {processor.py:925} INFO - DAG(s) 'credit_risk_analysis_pipeline' retrieved from /opt/airflow/dags/pipeline.py
[2026-09-10T15:44:41.945+0000] {logging_mixin.py:190} INFO - [2026-09-10T15:44:41.945+0000] {dag.py:3239} INFO - Sync 1 DAGs
[2026-09-10T15:44:41.978+0000] {logging_mixin.py:190} INFO - [2026-09-10T15:44:41.977+0000] {dag.py:4180} INFO - Setting next_dagrun for credit_risk_analysis_pipeline to None, run_after=None
[2026-09-10T15:44:42.035+0000] {processor.py:208} INFO - Processing /opt/airflow/dags/pipeline.py took 0.197 seconds
[2026-09-10T15:45:12.441+0000] {processor.py:186} INFO - Started process (PID=246) to work on /opt/airflow/dags/pipeline.py
[2026-09-10T15:45:12.444+0000] {processor.py:914} INFO - Processing file /opt/airflow/dags/pipeline.py for tasks to queue
[2026-09-10T15:45:12.447+0000] {logging_mixin.py:190} INFO - [2026-09-10T15:45:12.446+0000] {dagbag.py:588} INFO - Filling up the DagBag from /opt/airflow/dags/pipeline.py
[2026-09-10T15:45:12.483+0000] {processor.py:925} INFO - DAG(s) 'credit_risk_analysis_pipeline' retrieved from /opt/airflow/dags/pipeline.py
[2026-09-10T15:45:12.533+0000] {logging_mixin.py:190} INFO - [2026-09-10T15:45:12.533+0000] {dag.py:3239} INFO - Sync 1 DAGs
[2026-09-10T15:45:12.562+0000] {logging_mixin.py:190} INFO - [2026-09-10T15:45:12.562+0000] {dag.py:4180} INFO - Setting next_dagrun for credit_risk_analysis_pipeline to None, run_after=None
[2026-09-10T15:45:12.602+0000] {processor.py:208} INFO - Processing /opt/airflow/dags/pipeline.py took 0.171 seconds
[2026-09-10T15:45:42.811+0000] {processor.py:186} INFO - Started process (PID=247) to work on /opt/airflow/dags/pipeline.py
[2026-09-10T15:45:42.813+0000] {processor.py:914} INFO - Processing file /opt/airflow/dags/pipeline.py for tasks to queue
[2026-09-10T15:45:42.817+0000] {logging_mixin.py:190} INFO - [2026-09-10T15:45:42.816+0000] {dagbag.py:588} INFO - Filling up the DagBag from /opt/airflow/dags/pipeline.py
[2026-09-10T15:45:42.848+0000] {processor.py:925} INFO - DAG(s) 'credit_risk_analysis_pipeline' retrieved from /opt/airflow/dags/pipeline.py
[2026-09-10T15:45:42.902+0000] {logging_mixin.py:190} INFO - [2026-09-10T15:45:42.902+0000] {dag.py:3239} INFO - Sync 1 DAGs
[2026-09-10T15:45:42.940+0000] {logging_mixin.py:190} INFO - [2026-09-10T15:45:42.939+0000] {dag.py:4180} INFO - Setting next_dagrun for credit_risk_analysis_pipeline to None, run_after=None
[2026-09-10T15:45:42.981+0000] {processor.py:208} INFO - Processing /opt/airflow/dags/pipeline.py took 0.185 seconds
[2026-09-10T15:46:13.303+0000] {processor.py:186} INFO - Started process (PID=248) to work on /opt/airflow/dags/pipeline.py
[2026-09-10T15:46:13.306+0000] {processor.py:914} INFO - Processing file /opt/airflow/dags/pipeline.py for tasks to queue
[2026-09-10T15:46:13.310+0000] {logging_mixin.py:190} INFO - [2026-09-10T15:46:13.309+0000] {dagbag.py:588} INFO - Filling up the DagBag from /opt/airflow/dags/pipeline.py
[2026-09-10T15:46:13.338+0000] {processor.py:925} INFO - DAG(s) 'credit_risk_analysis_pipeline' retrieved from /opt/airflow/dags/pipeline.py
[2026-09-10T15:46:13.388+0000] {logging_mixin.py:190} INFO - [2026-09-10T15:46:13.387+0000] {dag.py:3239} INFO - Sync 1 DAGs
[2026-09-10T15:46:13.633+0000] {logging_mixin.py:190} INFO - [2026-09-10T15:46:13.632+0000] {dag.py:4180} INFO - Setting next_dagrun for credit_risk_analysis_pipeline to None, run_after=None
[2026-09-10T15:46:13.674+0000] {processor.py:208} INFO - Processing /opt/airflow/dags/pipeline.py took 0.384 seconds
[2026-09-10T15:46:44.108+0000] {processor.py:186} INFO - Started process (PID=249) to work on /opt/airflow/dags/pipeline.py
[2026-09-10T15:46:44.111+0000] {processor.py:914} INFO - Processing file /opt/airflow/dags/pipeline.py for tasks to queue
[2026-09-10T15:46:44.115+0000] {logging_mixin.py:190} INFO - [2026-09-10T15:46:44.114+0000] {dagbag.py:588} INFO - Filling up the DagBag from /opt/airflow/dags/pipeline.py
[2026-09-10T15:46:44.151+0000] {processor.py:925} INFO - DAG(s) 'credit_risk_analysis_pipeline' retrieved from /opt/airflow/dags/pipeline.py
[2026-09-10T15:46:44.208+0000] {logging_mixin.py:190} INFO - [2026-09-10T15:46:44.208+0000] {dag.py:3239} INFO - Sync 1 DAGs
[2026-09-10T15:46:44.535+0000] {logging_mixin.py:190} INFO - [2026-09-10T15:46:44.535+0000] {dag.py:4180} INFO - Setting next_dagrun for credit_risk_analysis_pipeline to None, run_after=None
[2026-09-10T15:46:44.579+0000] {processor.py:208} INFO - Processing /opt/airflow/dags/pipeline.py took 0.484 seconds
[2026-09-10T15:47:15.031+0000] {processor.py:186} INFO - Started process (PID=250) to work on /opt/airflow/dags/pipeline.py
[2026-09-10T15:47:15.034+0000] {processor.py:914} INFO - Processing file /opt/airflow/dags/pipeline.py for tasks to queue
[2026-09-10T15:47:15.038+0000] {logging_mixin.py:190} INFO - [2026-09-10T15:47:15.037+0000] {dagbag.py:588} INFO - Filling up the DagBag from /opt/airflow/dags/pipeline.py
[2026-09-10T15:47:15.076+0000] {processor.py:925} INFO - DAG(s) 'credit_risk_analysis_pipeline' retrieved from /opt/airflow/dags/pipeline.py
[2026-09-10T15:47:15.128+0000] {logging_mixin.py:190} INFO - [2026-09-10T15:47:15.127+0000] {dag.py:3239} INFO - Sync 1 DAGs
[2026-09-10T15:47:15.158+0000] {logging_mixin.py:190} INFO - [2026-09-10T15:47:15.158+0000] {dag.py:4180} INFO - Setting next_dagrun for credit_risk_analysis_pipeline to None, run_after=None
[2026-09-10T15:47:15.199+0000] {processor.py:208} INFO - Processing /opt/airflow/dags/pipeline.py took 0.179 seconds
[2026-09-10T15:47:45.396+0000] {processor.py:186} INFO - Started process (PID=251) to work on /opt/airflow/dags/pipeline.py
[2026-09-10T15:47:45.399+0000] {processor.py:914} INFO - Processing file /opt/airflow/dags/pipeline.py for tasks to queue
[2026-09-10T15:47:45.402+0000] {logging_mixin.py:190} INFO - [2026-09-10T15:47:45.401+0000] {dagbag.py:588} INFO - Filling up the DagBag from /opt/airflow/dags/pipeline.py
[2026-09-10T15:47:45.438+0000] {processor.py:925} INFO - DAG(s) 'credit_risk_analysis_pipeline' retrieved from /opt/airflow/dags/pipeline.py
[2026-09-10T15:47:45.491+0000] {logging_mixin.py:190} INFO - [2026-09-10T15:47:45.491+0000] {dag.py:3239} INFO - Sync 1 DAGs
[2026-09-10T15:47:45.524+0000] {logging_mixin.py:190} INFO - [2026-09-10T15:47:45.523+0000] {dag.py:4180} INFO - Setting next_dagrun for credit_risk_analysis_pipeline to None, run_after=None
[2026-09-10T15:47:45.574+0000] {processor.py:208} INFO - Processing /opt/airflow/dags/pipeline.py took 0.197 seconds
[2026-09-10T15:48:15.991+0000] {processor.py:186} INFO - Started process (PID=252) to work on /opt/airflow/dags/pipeline.py
[2026-09-10T15:48:15.994+0000] {processor.py:914} INFO - Processing file /opt/airflow/dags/pipeline.py for tasks to queue
[2026-09-10T15:48:15.997+0000] {logging_mixin.py:190} INFO - [2026-09-10T15:48:15.997+0000] {dagbag.py:588} INFO - Filling up the DagBag from /opt/airflow/dags/pipeline.py
[2026-09-10T15:48:16.029+0000] {processor.py:925} INFO - DAG(s) 'credit_risk_analysis_pipeline' retrieved from /opt/airflow/dags/pipeline.py
[2026-09-10T15:48:16.080+0000] {logging_mixin.py:190} INFO - [2026-09-10T15:48:16.080+0000] {dag.py:3239} INFO - Sync 1 DAGs
[2026-09-10T15:48:16.112+0000] {logging_mixin.py:190} INFO - [2026-09-10T15:48:16.111+0000] {dag.py:4180} INFO - Setting next_dagrun for credit_risk_analysis_pipeline to None, run_after=None
[2026-09-10T15:48:16.163+0000] {processor.py:208} INFO - Processing /opt/airflow/dags/pipeline.py took 0.182 seconds
[2026-09-10T15:48:46.373+0000] {processor.py:186} INFO - Started process (PID=253) to work on /opt/airflow/dags/pipeline.py
[2026-09-10T15:48:46.375+0000] {processor.py:914} INFO - Processing file /opt/airflow/dags/pipeline.py for tasks to queue
[2026-09-10T15:48:46.378+0000] {logging_mixin.py:190} INFO - [2026-09-10T15:48:46.378+0000] {dagbag.py:588} INFO - Filling up the DagBag from /opt/airflow/dags/pipeline.py
[2026-09-10T15:48:46.412+0000] {processor.py:925} INFO - DAG(s) 'credit_risk_analysis_pipeline' retrieved from /opt/airflow/dags/pipeline.py
[2026-09-10T15:48:46.469+0000] {logging_mixin.py:190} INFO - [2026-09-10T15:48:46.468+0000] {dag.py:3239} INFO - Sync 1 DAGs
[2026-09-10T15:48:46.501+0000] {logging_mixin.py:190} INFO - [2026-09-10T15:48:46.501+0000] {dag.py:4180} INFO - Setting next_dagrun for credit_risk_analysis_pipeline to None, run_after=None
[2026-09-10T15:48:46.783+0000] {processor.py:208} INFO - Processing /opt/airflow/dags/pipeline.py took 0.422 seconds
[2026-09-10T15:49:16.988+0000] {processor.py:186} INFO - Started process (PID=254) to work on /opt/airflow/dags/pipeline.py
[2026-09-10T15:49:16.991+0000] {processor.py:914} INFO - Processing file /opt/airflow/dags/pipeline.py for tasks to queue
[2026-09-10T15:49:16.995+0000] {logging_mixin.py:190} INFO - [2026-09-10T15:49:16.994+0000] {dagbag.py:588} INFO - Filling up the DagBag from /opt/airflow/dags/pipeline.py
[2026-09-10T15:49:17.031+0000] {processor.py:925} INFO - DAG(s) 'credit_risk_analysis_pipeline' retrieved from /opt/airflow/dags/pipeline.py
[2026-09-10T15:49:17.088+0000] {logging_mixin.py:190} INFO - [2026-09-10T15:49:17.088+0000] {dag.py:3239} INFO - Sync 1 DAGs
[2026-09-10T15:49:17.354+0000] {logging_mixin.py:190} INFO - [2026-09-10T15:49:17.354+0000] {dag.py:4180} INFO - Setting next_dagrun for credit_risk_analysis_pipeline to None, run_after=None
[2026-09-10T15:49:17.394+0000] {processor.py:208} INFO - Processing /opt/airflow/dags/pipeline.py took 0.419 seconds
[2026-09-10T15:49:47.582+0000] {processor.py:186} INFO - Started process (PID=255) to work on /opt/airflow/dags/pipeline.py
[2026-09-10T15:49:47.584+0000] {processor.py:914} INFO - Processing file /opt/airflow/dags/pipeline.py for tasks to queue
[2026-09-10T15:49:47.588+0000] {logging_mixin.py:190} INFO - [2026-09-10T15:49:47.587+0000] {dagbag.py:588} INFO - Filling up the DagBag from /opt/airflow/dags/pipeline.py
[2026-09-10T15:49:47.622+0000] {processor.py:925} INFO - DAG(s) 'credit_risk_analysis_pipeline' retrieved from /opt/airflow/dags/pipeline.py
[2026-09-10T15:49:47.931+0000] {logging_mixin.py:190} INFO - [2026-09-10T15:49:47.931+0000] {dag.py:3239} INFO - Sync 1 DAGs
[2026-09-10T15:49:47.955+0000] {logging_mixin.py:190} INFO - [2026-09-10T15:49:47.955+0000] {dag.py:4180} INFO - Setting next_dagrun for credit_risk_analysis_pipeline to None, run_after=None
[2026-09-10T15:49:48.004+0000] {processor.py:208} INFO - Processing /opt/airflow/dags/pipeline.py took 0.434 seconds
[2026-09-10T15:50:18.134+0000] {processor.py:186} INFO - Started process (PID=256) to work on /opt/airflow/dags/pipeline.py
[2026-09-10T15:50:18.137+0000] {processor.py:914} INFO - Processing file /opt/airflow/dags/pipeline.py for tasks to queue
[2026-09-10T15:50:18.141+0000] {logging_mixin.py:190} INFO - [2026-09-10T15:50:18.140+0000] {dagbag.py:588} INFO - Filling up the DagBag from /opt/airflow/dags/pipeline.py
[2026-09-10T15:50:18.175+0000] {processor.py:925} INFO - DAG(s) 'credit_risk_analysis_pipeline' retrieved from /opt/airflow/dags/pipeline.py
[2026-09-10T15:50:18.244+0000] {logging_mixin.py:190} INFO - [2026-09-10T15:50:18.244+0000] {dag.py:3239} INFO - Sync 1 DAGs
[2026-09-10T15:50:18.287+0000] {logging_mixin.py:190} INFO - [2026-09-10T15:50:18.287+0000] {dag.py:4180} INFO - Setting next_dagrun for credit_risk_analysis_pipeline to None, run_after=None
[2026-09-10T15:50:18.331+0000] {processor.py:208} INFO - Processing /opt/airflow/dags/pipeline.py took 0.220 seconds
[2026-09-10T15:50:48.464+0000] {processor.py:186} INFO - Started process (PID=257) to work on /opt/airflow/dags/pipeline.py
[2026-09-10T15:50:48.466+0000] {processor.py:914} INFO - Processing file /opt/airflow/dags/pipeline.py for tasks to queue
[2026-09-10T15:50:48.470+0000] {logging_mixin.py:190} INFO - [2026-09-10T15:50:48.469+0000] {dagbag.py:588} INFO - Filling up the DagBag from /opt/airflow/dags/pipeline.py
[2026-09-10T15:50:48.500+0000] {processor.py:925} INFO - DAG(s) 'credit_risk_analysis_pipeline' retrieved from /opt/airflow/dags/pipeline.py
[2026-09-10T15:50:48.592+0000] {logging_mixin.py:190} INFO - [2026-09-10T15:50:48.591+0000] {dag.py:3239} INFO - Sync 1 DAGs
[2026-09-10T15:50:48.659+0000] {logging_mixin.py:190} INFO - [2026-09-10T15:50:48.659+0000] {dag.py:4180} INFO - Setting next_dagrun for credit_risk_analysis_pipeline to None, run_after=None
[2026-09-10T15:50:48.732+0000] {processor.py:208} INFO - Processing /opt/airflow/dags/pipeline.py took 0.281 seconds
[2026-09-10T15:51:19.066+0000] {processor.py:186} INFO - Started process (PID=258) to work on /opt/airflow/dags/pipeline.py
[2026-09-10T15:51:19.070+0000] {processor.py:914} INFO - Processing file /opt/airflow/dags/pipeline.py for tasks to queue
[2026-09-10T15:51:19.073+0000] {logging_mixin.py:190} INFO - [2026-09-10T15:51:19.073+0000] {dagbag.py:588} INFO - Filling up the DagBag from /opt/airflow/dags/pipeline.py
[2026-09-10T15:51:19.110+0000] {processor.py:925} INFO - DAG(s) 'credit_risk_analysis_pipeline' retrieved from /opt/airflow/dags/pipeline.py
[2026-09-10T15:51:19.163+0000] {logging_mixin.py:190} INFO - [2026-09-10T15:51:19.162+0000] {dag.py:3239} INFO - Sync 1 DAGs
[2026-09-10T15:51:19.197+0000] {logging_mixin.py:190} INFO - [2026-09-10T15:51:19.197+0000] {dag.py:4180} INFO - Setting next_dagrun for credit_risk_analysis_pipeline to None, run_after=None
[2026-09-10T15:51:19.254+0000] {processor.py:208} INFO - Processing /opt/airflow/dags/pipeline.py took 0.202 seconds
[2026-09-10T15:51:49.455+0000] {processor.py:186} INFO - Started process (PID=259) to work on /opt/airflow/dags/pipeline.py
[2026-09-10T15:51:49.457+0000] {processor.py:914} INFO - Processing file /opt/airflow/dags/pipeline.py for tasks to queue
[2026-09-10T15:51:49.461+0000] {logging_mixin.py:190} INFO - [2026-09-10T15:51:49.460+0000] {dagbag.py:588} INFO - Filling up the DagBag from /opt/airflow/dags/pipeline.py
[2026-09-10T15:51:49.498+0000] {processor.py:925} INFO - DAG(s) 'credit_risk_analysis_pipeline' retrieved from /opt/airflow/dags/pipeline.py
[2026-09-10T15:51:49.554+0000] {logging_mixin.py:190} INFO - [2026-09-10T15:51:49.553+0000] {dag.py:3239} INFO - Sync 1 DAGs
[2026-09-10T15:51:49.587+0000] {logging_mixin.py:190} INFO - [2026-09-10T15:51:49.586+0000] {dag.py:4180} INFO - Setting next_dagrun for credit_risk_analysis_pipeline to None, run_after=None
[2026-09-10T15:51:49.969+0000] {processor.py:208} INFO - Processing /opt/airflow/dags/pipeline.py took 0.525 seconds
[2026-09-10T15:52:20.396+0000] {processor.py:186} INFO - Started process (PID=260) to work on /opt/airflow/dags/pipeline.py
[2026-09-10T15:52:20.400+0000] {processor.py:914} INFO - Processing file /opt/airflow/dags/pipeline.py for tasks to queue
[2026-09-10T15:52:20.403+0000] {logging_mixin.py:190} INFO - [2026-09-10T15:52:20.403+0000] {dagbag.py:588} INFO - Filling up the DagBag from /opt/airflow/dags/pipeline.py
[2026-09-10T15:52:20.441+0000] {processor.py:925} INFO - DAG(s) 'credit_risk_analysis_pipeline' retrieved from /opt/airflow/dags/pipeline.py
[2026-09-10T15:52:20.506+0000] {logging_mixin.py:190} INFO - [2026-09-10T15:52:20.506+0000] {dag.py:3239} INFO - Sync 1 DAGs
[2026-09-10T15:52:20.870+0000] {logging_mixin.py:190} INFO - [2026-09-10T15:52:20.869+0000] {dag.py:4180} INFO - Setting next_dagrun for credit_risk_analysis_pipeline to None, run_after=None
[2026-09-10T15:52:20.925+0000] {processor.py:208} INFO - Processing /opt/airflow/dags/pipeline.py took 0.546 seconds
[2026-09-10T15:52:51.295+0000] {processor.py:186} INFO - Started process (PID=261) to work on /opt/airflow/dags/pipeline.py
[2026-09-10T15:52:51.298+0000] {processor.py:914} INFO - Processing file /opt/airflow/dags/pipeline.py for tasks to queue
[2026-09-10T15:52:51.301+0000] {logging_mixin.py:190} INFO - [2026-09-10T15:52:51.300+0000] {dagbag.py:588} INFO - Filling up the DagBag from /opt/airflow/dags/pipeline.py
[2026-09-10T15:52:51.333+0000] {processor.py:925} INFO - DAG(s) 'credit_risk_analysis_pipeline' retrieved from /opt/airflow/dags/pipeline.py
[2026-09-10T15:52:51.380+0000] {logging_mixin.py:190} INFO - [2026-09-10T15:52:51.380+0000] {dag.py:3239} INFO - Sync 1 DAGs
[2026-09-10T15:52:51.412+0000] {logging_mixin.py:190} INFO - [2026-09-10T15:52:51.411+0000] {dag.py:4180} INFO - Setting next_dagrun for credit_risk_analysis_pipeline to None, run_after=None
[2026-09-10T15:52:51.461+0000] {processor.py:208} INFO - Processing /opt/airflow/dags/pipeline.py took 0.176 seconds
[2026-09-10T15:53:21.677+0000] {processor.py:186} INFO - Started process (PID=262) to work on /opt/airflow/dags/pipeline.py
[2026-09-10T15:53:21.680+0000] {processor.py:914} INFO - Processing file /opt/airflow/dags/pipeline.py for tasks to queue
[2026-09-10T15:53:21.683+0000] {logging_mixin.py:190} INFO - [2026-09-10T15:53:21.682+0000] {dagbag.py:588} INFO - Filling up the DagBag from /opt/airflow/dags/pipeline.py
[2026-09-10T15:53:21.718+0000] {processor.py:925} INFO - DAG(s) 'credit_risk_analysis_pipeline' retrieved from /opt/airflow/dags/pipeline.py
[2026-09-10T15:53:21.770+0000] {logging_mixin.py:190} INFO - [2026-09-10T15:53:21.770+0000] {dag.py:3239} INFO - Sync 1 DAGs
[2026-09-10T15:53:21.805+0000] {logging_mixin.py:190} INFO - [2026-09-10T15:53:21.805+0000] {dag.py:4180} INFO - Setting next_dagrun for credit_risk_analysis_pipeline to None, run_after=None
[2026-09-10T15:53:21.854+0000] {processor.py:208} INFO - Processing /opt/airflow/dags/pipeline.py took 0.188 seconds
[2026-09-10T15:53:52.256+0000] {processor.py:186} INFO - Started process (PID=263) to work on /opt/airflow/dags/pipeline.py
[2026-09-10T15:53:52.258+0000] {processor.py:914} INFO - Processing file /opt/airflow/dags/pipeline.py for tasks to queue
[2026-09-10T15:53:52.261+0000] {logging_mixin.py:190} INFO - [2026-09-10T15:53:52.261+0000] {dagbag.py:588} INFO - Filling up the DagBag from /opt/airflow/dags/pipeline.py
[2026-09-10T15:53:52.296+0000] {processor.py:925} INFO - DAG(s) 'credit_risk_analysis_pipeline' retrieved from /opt/airflow/dags/pipeline.py
[2026-09-10T15:53:52.347+0000] {logging_mixin.py:190} INFO - [2026-09-10T15:53:52.347+0000] {dag.py:3239} INFO - Sync 1 DAGs
[2026-09-10T15:53:52.403+0000] {logging_mixin.py:190} INFO - [2026-09-10T15:53:52.402+0000] {dag.py:4180} INFO - Setting next_dagrun for credit_risk_analysis_pipeline to None, run_after=None
[2026-09-10T15:53:52.445+0000] {processor.py:208} INFO - Processing /opt/airflow/dags/pipeline.py took 0.199 seconds
[2026-09-10T15:54:22.655+0000] {processor.py:186} INFO - Started process (PID=264) to work on /opt/airflow/dags/pipeline.py
[2026-09-10T15:54:22.658+0000] {processor.py:914} INFO - Processing file /opt/airflow/dags/pipeline.py for tasks to queue
[2026-09-10T15:54:22.662+0000] {logging_mixin.py:190} INFO - [2026-09-10T15:54:22.661+0000] {dagbag.py:588} INFO - Filling up the DagBag from /opt/airflow/dags/pipeline.py
[2026-09-10T15:54:22.696+0000] {processor.py:925} INFO - DAG(s) 'credit_risk_analysis_pipeline' retrieved from /opt/airflow/dags/pipeline.py
[2026-09-10T15:54:22.759+0000] {logging_mixin.py:190} INFO - [2026-09-10T15:54:22.758+0000] {dag.py:3239} INFO - Sync 1 DAGs
[2026-09-10T15:54:22.796+0000] {logging_mixin.py:190} INFO - [2026-09-10T15:54:22.796+0000] {dag.py:4180} INFO - Setting next_dagrun for credit_risk_analysis_pipeline to None, run_after=None
[2026-09-10T15:54:22.855+0000] {processor.py:208} INFO - Processing /opt/airflow/dags/pipeline.py took 0.222 seconds
[2026-09-10T15:54:53.208+0000] {processor.py:186} INFO - Started process (PID=265) to work on /opt/airflow/dags/pipeline.py
[2026-09-10T15:54:53.210+0000] {processor.py:914} INFO - Processing file /opt/airflow/dags/pipeline.py for tasks to queue
[2026-09-10T15:54:53.215+0000] {logging_mixin.py:190} INFO - [2026-09-10T15:54:53.214+0000] {dagbag.py:588} INFO - Filling up the DagBag from /opt/airflow/dags/pipeline.py
[2026-09-10T15:54:53.254+0000] {processor.py:925} INFO - DAG(s) 'credit_risk_analysis_pipeline' retrieved from /opt/airflow/dags/pipeline.py
[2026-09-10T15:54:53.313+0000] {logging_mixin.py:190} INFO - [2026-09-10T15:54:53.312+0000] {dag.py:3239} INFO - Sync 1 DAGs
[2026-09-10T15:54:53.667+0000] {logging_mixin.py:190} INFO - [2026-09-10T15:54:53.667+0000] {dag.py:4180} INFO - Setting next_dagrun for credit_risk_analysis_pipeline to None, run_after=None
[2026-09-10T15:54:53.708+0000] {processor.py:208} INFO - Processing /opt/airflow/dags/pipeline.py took 0.512 seconds
[2026-09-10T15:55:24.110+0000] {processor.py:186} INFO - Started process (PID=266) to work on /opt/airflow/dags/pipeline.py
[2026-09-10T15:55:24.112+0000] {processor.py:914} INFO - Processing file /opt/airflow/dags/pipeline.py for tasks to queue
[2026-09-10T15:55:24.116+0000] {logging_mixin.py:190} INFO - [2026-09-10T15:55:24.116+0000] {dagbag.py:588} INFO - Filling up the DagBag from /opt/airflow/dags/pipeline.py
[2026-09-10T15:55:24.148+0000] {processor.py:925} INFO - DAG(s) 'credit_risk_analysis_pipeline' retrieved from /opt/airflow/dags/pipeline.py
[2026-09-10T15:55:24.207+0000] {logging_mixin.py:190} INFO - [2026-09-10T15:55:24.207+0000] {dag.py:3239} INFO - Sync 1 DAGs
[2026-09-10T15:55:24.524+0000] {logging_mixin.py:190} INFO - [2026-09-10T15:55:24.524+0000] {dag.py:4180} INFO - Setting next_dagrun for credit_risk_analysis_pipeline to None, run_after=None
[2026-09-10T15:55:24.572+0000] {processor.py:208} INFO - Processing /opt/airflow/dags/pipeline.py took 0.472 seconds
[2026-09-10T15:55:54.925+0000] {processor.py:186} INFO - Started process (PID=267) to work on /opt/airflow/dags/pipeline.py
[2026-09-10T15:55:54.929+0000] {processor.py:914} INFO - Processing file /opt/airflow/dags/pipeline.py for tasks to queue
[2026-09-10T15:55:54.932+0000] {logging_mixin.py:190} INFO - [2026-09-10T15:55:54.931+0000] {dagbag.py:588} INFO - Filling up the DagBag from /opt/airflow/dags/pipeline.py
[2026-09-10T15:55:54.962+0000] {processor.py:925} INFO - DAG(s) 'credit_risk_analysis_pipeline' retrieved from /opt/airflow/dags/pipeline.py
[2026-09-10T15:55:55.020+0000] {logging_mixin.py:190} INFO - [2026-09-10T15:55:55.020+0000] {dag.py:3239} INFO - Sync 1 DAGs
[2026-09-10T15:55:55.051+0000] {logging_mixin.py:190} INFO - [2026-09-10T15:55:55.050+0000] {dag.py:4180} INFO - Setting next_dagrun for credit_risk_analysis_pipeline to None, run_after=None
[2026-09-10T15:55:55.092+0000] {processor.py:208} INFO - Processing /opt/airflow/dags/pipeline.py took 0.179 seconds
[2026-09-10T15:56:25.404+0000] {processor.py:186} INFO - Started process (PID=268) to work on /opt/airflow/dags/pipeline.py
[2026-09-10T15:56:25.407+0000] {processor.py:914} INFO - Processing file /opt/airflow/dags/pipeline.py for tasks to queue
[2026-09-10T15:56:25.411+0000] {logging_mixin.py:190} INFO - [2026-09-10T15:56:25.410+0000] {dagbag.py:588} INFO - Filling up the DagBag from /opt/airflow/dags/pipeline.py
[2026-09-10T15:56:25.445+0000] {processor.py:925} INFO - DAG(s) 'credit_risk_analysis_pipeline' retrieved from /opt/airflow/dags/pipeline.py
[2026-09-10T15:56:25.499+0000] {logging_mixin.py:190} INFO - [2026-09-10T15:56:25.499+0000] {dag.py:3239} INFO - Sync 1 DAGs
[2026-09-10T15:56:25.532+0000] {logging_mixin.py:190} INFO - [2026-09-10T15:56:25.532+0000] {dag.py:4180} INFO - Setting next_dagrun for credit_risk_analysis_pipeline to None, run_after=None
[2026-09-10T15:56:25.586+0000] {processor.py:208} INFO - Processing /opt/airflow/dags/pipeline.py took 0.200 seconds
[2026-09-10T15:56:55.840+0000] {processor.py:186} INFO - Started process (PID=269) to work on /opt/airflow/dags/pipeline.py
[2026-09-10T15:56:55.843+0000] {processor.py:914} INFO - Processing file /opt/airflow/dags/pipeline.py for tasks to queue
[2026-09-10T15:56:55.847+0000] {logging_mixin.py:190} INFO - [2026-09-10T15:56:55.846+0000] {dagbag.py:588} INFO - Filling up the DagBag from /opt/airflow/dags/pipeline.py
[2026-09-10T15:56:55.884+0000] {processor.py:925} INFO - DAG(s) 'credit_risk_analysis_pipeline' retrieved from /opt/airflow/dags/pipeline.py
[2026-09-10T15:56:55.946+0000] {logging_mixin.py:190} INFO - [2026-09-10T15:56:55.946+0000] {dag.py:3239} INFO - Sync 1 DAGs
[2026-09-10T15:56:55.980+0000] {logging_mixin.py:190} INFO - [2026-09-10T15:56:55.980+0000] {dag.py:4180} INFO - Setting next_dagrun for credit_risk_analysis_pipeline to None, run_after=None
[2026-09-10T15:56:56.035+0000] {processor.py:208} INFO - Processing /opt/airflow/dags/pipeline.py took 0.207 seconds
[2026-09-10T15:57:26.361+0000] {processor.py:186} INFO - Started process (PID=270) to work on /opt/airflow/dags/pipeline.py
[2026-09-10T15:57:26.364+0000] {processor.py:914} INFO - Processing file /opt/airflow/dags/pipeline.py for tasks to queue
[2026-09-10T15:57:26.368+0000] {logging_mixin.py:190} INFO - [2026-09-10T15:57:26.367+0000] {dagbag.py:588} INFO - Filling up the DagBag from /opt/airflow/dags/pipeline.py
[2026-09-10T15:57:26.399+0000] {processor.py:925} INFO - DAG(s) 'credit_risk_analysis_pipeline' retrieved from /opt/airflow/dags/pipeline.py
[2026-09-10T15:57:26.463+0000] {logging_mixin.py:190} INFO - [2026-09-10T15:57:26.463+0000] {dag.py:3239} INFO - Sync 1 DAGs
[2026-09-10T15:57:26.494+0000] {logging_mixin.py:190} INFO - [2026-09-10T15:57:26.494+0000] {dag.py:4180} INFO - Setting next_dagrun for credit_risk_analysis_pipeline to None, run_after=None
[2026-09-10T15:57:26.782+0000] {processor.py:208} INFO - Processing /opt/airflow/dags/pipeline.py took 0.432 seconds
[2026-09-10T15:57:56.899+0000] {processor.py:186} INFO - Started process (PID=271) to work on /opt/airflow/dags/pipeline.py
[2026-09-10T15:57:56.902+0000] {processor.py:914} INFO - Processing file /opt/airflow/dags/pipeline.py for tasks to queue
[2026-09-10T15:57:56.905+0000] {logging_mixin.py:190} INFO - [2026-09-10T15:57:56.904+0000] {dagbag.py:588} INFO - Filling up the DagBag from /opt/airflow/dags/pipeline.py
[2026-09-10T15:57:56.940+0000] {processor.py:925} INFO - DAG(s) 'credit_risk_analysis_pipeline' retrieved from /opt/airflow/dags/pipeline.py
[2026-09-10T15:57:57.004+0000] {logging_mixin.py:190} INFO - [2026-09-10T15:57:57.003+0000] {dag.py:3239} INFO - Sync 1 DAGs
[2026-09-10T15:57:57.369+0000] {logging_mixin.py:190} INFO - [2026-09-10T15:57:57.369+0000] {dag.py:4180} INFO - Setting next_dagrun for credit_risk_analysis_pipeline to None, run_after=None
[2026-09-10T15:57:57.425+0000] {processor.py:208} INFO - Processing /opt/airflow/dags/pipeline.py took 0.538 seconds
[2026-09-10T15:58:27.649+0000] {processor.py:186} INFO - Started process (PID=272) to work on /opt/airflow/dags/pipeline.py
[2026-09-10T15:58:27.651+0000] {processor.py:914} INFO - Processing file /opt/airflow/dags/pipeline.py for tasks to queue
[2026-09-10T15:58:27.654+0000] {logging_mixin.py:190} INFO - [2026-09-10T15:58:27.653+0000] {dagbag.py:588} INFO - Filling up the DagBag from /opt/airflow/dags/pipeline.py
[2026-09-10T15:58:27.680+0000] {processor.py:925} INFO - DAG(s) 'credit_risk_analysis_pipeline' retrieved from /opt/airflow/dags/pipeline.py
[2026-09-10T15:58:28.164+0000] {logging_mixin.py:190} INFO - [2026-09-10T15:58:28.163+0000] {dag.py:3239} INFO - Sync 1 DAGs
[2026-09-10T15:58:28.189+0000] {logging_mixin.py:190} INFO - [2026-09-10T15:58:28.189+0000] {dag.py:4180} INFO - Setting next_dagrun for credit_risk_analysis_pipeline to None, run_after=None
[2026-09-10T15:58:28.230+0000] {processor.py:208} INFO - Processing /opt/airflow/dags/pipeline.py took 0.594 seconds
[2026-09-10T15:58:58.344+0000] {processor.py:186} INFO - Started process (PID=273) to work on /opt/airflow/dags/pipeline.py
[2026-09-10T15:58:58.347+0000] {processor.py:914} INFO - Processing file /opt/airflow/dags/pipeline.py for tasks to queue
[2026-09-10T15:58:58.350+0000] {logging_mixin.py:190} INFO - [2026-09-10T15:58:58.350+0000] {dagbag.py:588} INFO - Filling up the DagBag from /opt/airflow/dags/pipeline.py
[2026-09-10T15:58:58.388+0000] {processor.py:925} INFO - DAG(s) 'credit_risk_analysis_pipeline' retrieved from /opt/airflow/dags/pipeline.py
[2026-09-10T15:58:58.450+0000] {logging_mixin.py:190} INFO - [2026-09-10T15:58:58.449+0000] {dag.py:3239} INFO - Sync 1 DAGs
[2026-09-10T15:58:58.485+0000] {logging_mixin.py:190} INFO - [2026-09-10T15:58:58.484+0000] {dag.py:4180} INFO - Setting next_dagrun for credit_risk_analysis_pipeline to None, run_after=None
[2026-09-10T15:58:58.539+0000] {processor.py:208} INFO - Processing /opt/airflow/dags/pipeline.py took 0.209 seconds
[2026-09-10T15:59:28.760+0000] {processor.py:186} INFO - Started process (PID=274) to work on /opt/airflow/dags/pipeline.py
[2026-09-10T15:59:28.763+0000] {processor.py:914} INFO - Processing file /opt/airflow/dags/pipeline.py for tasks to queue
[2026-09-10T15:59:28.769+0000] {logging_mixin.py:190} INFO - [2026-09-10T15:59:28.768+0000] {dagbag.py:588} INFO - Filling up the DagBag from /opt/airflow/dags/pipeline.py
[2026-09-10T15:59:28.804+0000] {processor.py:925} INFO - DAG(s) 'credit_risk_analysis_pipeline' retrieved from /opt/airflow/dags/pipeline.py
[2026-09-10T15:59:28.865+0000] {logging_mixin.py:190} INFO - [2026-09-10T15:59:28.865+0000] {dag.py:3239} INFO - Sync 1 DAGs
[2026-09-10T15:59:28.907+0000] {logging_mixin.py:190} INFO - [2026-09-10T15:59:28.906+0000] {dag.py:4180} INFO - Setting next_dagrun for credit_risk_analysis_pipeline to None, run_after=None
[2026-09-10T15:59:28.968+0000] {processor.py:208} INFO - Processing /opt/airflow/dags/pipeline.py took 0.222 seconds
[2026-09-10T15:59:59.269+0000] {processor.py:186} INFO - Started process (PID=275) to work on /opt/airflow/dags/pipeline.py
[2026-09-10T15:59:59.272+0000] {processor.py:914} INFO - Processing file /opt/airflow/dags/pipeline.py for tasks to queue
[2026-09-10T15:59:59.275+0000] {logging_mixin.py:190} INFO - [2026-09-10T15:59:59.275+0000] {dagbag.py:588} INFO - Filling up the DagBag from /opt/airflow/dags/pipeline.py
[2026-09-10T15:59:59.313+0000] {processor.py:925} INFO - DAG(s) 'credit_risk_analysis_pipeline' retrieved from /opt/airflow/dags/pipeline.py
[2026-09-10T15:59:59.371+0000] {logging_mixin.py:190} INFO - [2026-09-10T15:59:59.371+0000] {dag.py:3239} INFO - Sync 1 DAGs
[2026-09-10T15:59:59.419+0000] {logging_mixin.py:190} INFO - [2026-09-10T15:59:59.418+0000] {dag.py:4180} INFO - Setting next_dagrun for credit_risk_analysis_pipeline to None, run_after=None
[2026-09-10T15:59:59.469+0000] {processor.py:208} INFO - Processing /opt/airflow/dags/pipeline.py took 0.214 seconds
[2026-09-10T16:00:29.722+0000] {processor.py:186} INFO - Started process (PID=276) to work on /opt/airflow/dags/pipeline.py
[2026-09-10T16:00:29.725+0000] {processor.py:914} INFO - Processing file /opt/airflow/dags/pipeline.py for tasks to queue
[2026-09-10T16:00:29.729+0000] {logging_mixin.py:190} INFO - [2026-09-10T16:00:29.728+0000] {dagbag.py:588} INFO - Filling up the DagBag from /opt/airflow/dags/pipeline.py
[2026-09-10T16:00:29.764+0000] {processor.py:925} INFO - DAG(s) 'credit_risk_analysis_pipeline' retrieved from /opt/airflow/dags/pipeline.py
[2026-09-10T16:00:29.817+0000] {logging_mixin.py:190} INFO - [2026-09-10T16:00:29.817+0000] {dag.py:3239} INFO - Sync 1 DAGs
[2026-09-10T16:00:29.852+0000] {logging_mixin.py:190} INFO - [2026-09-10T16:00:29.852+0000] {dag.py:4180} INFO - Setting next_dagrun for credit_risk_analysis_pipeline to None, run_after=None
[2026-09-10T16:00:29.895+0000] {processor.py:208} INFO - Processing /opt/airflow/dags/pipeline.py took 0.186 seconds
[2026-09-10T16:01:00.249+0000] {processor.py:186} INFO - Started process (PID=277) to work on /opt/airflow/dags/pipeline.py
[2026-09-10T16:01:00.251+0000] {processor.py:914} INFO - Processing file /opt/airflow/dags/pipeline.py for tasks to queue
[2026-09-10T16:01:00.255+0000] {logging_mixin.py:190} INFO - [2026-09-10T16:01:00.254+0000] {dagbag.py:588} INFO - Filling up the DagBag from /opt/airflow/dags/pipeline.py
[2026-09-10T16:01:00.294+0000] {processor.py:925} INFO - DAG(s) 'credit_risk_analysis_pipeline' retrieved from /opt/airflow/dags/pipeline.py
[2026-09-10T16:01:00.352+0000] {logging_mixin.py:190} INFO - [2026-09-10T16:01:00.351+0000] {dag.py:3239} INFO - Sync 1 DAGs
[2026-09-10T16:01:00.389+0000] {logging_mixin.py:190} INFO - [2026-09-10T16:01:00.389+0000] {dag.py:4180} INFO - Setting next_dagrun for credit_risk_analysis_pipeline to None, run_after=None
[2026-09-10T16:01:00.431+0000] {processor.py:208} INFO - Processing /opt/airflow/dags/pipeline.py took 0.197 seconds
[2026-09-10T16:01:30.665+0000] {processor.py:186} INFO - Started process (PID=278) to work on /opt/airflow/dags/pipeline.py
[2026-09-10T16:01:30.668+0000] {processor.py:914} INFO - Processing file /opt/airflow/dags/pipeline.py for tasks to queue
[2026-09-10T16:01:30.672+0000] {logging_mixin.py:190} INFO - [2026-09-10T16:01:30.671+0000] {dagbag.py:588} INFO - Filling up the DagBag from /opt/airflow/dags/pipeline.py
[2026-09-10T16:01:30.708+0000] {processor.py:925} INFO - DAG(s) 'credit_risk_analysis_pipeline' retrieved from /opt/airflow/dags/pipeline.py
[2026-09-10T16:01:30.768+0000] {logging_mixin.py:190} INFO - [2026-09-10T16:01:30.768+0000] {dag.py:3239} INFO - Sync 1 DAGs
[2026-09-10T16:01:30.802+0000] {logging_mixin.py:190} INFO - [2026-09-10T16:01:30.801+0000] {dag.py:4180} INFO - Setting next_dagrun for credit_risk_analysis_pipeline to None, run_after=None
[2026-09-10T16:01:30.859+0000] {processor.py:208} INFO - Processing /opt/airflow/dags/pipeline.py took 0.204 seconds
[2026-09-10T16:02:01.180+0000] {processor.py:186} INFO - Started process (PID=279) to work on /opt/airflow/dags/pipeline.py
[2026-09-10T16:02:01.182+0000] {processor.py:914} INFO - Processing file /opt/airflow/dags/pipeline.py for tasks to queue
[2026-09-10T16:02:01.187+0000] {logging_mixin.py:190} INFO - [2026-09-10T16:02:01.186+0000] {dagbag.py:588} INFO - Filling up the DagBag from /opt/airflow/dags/pipeline.py
[2026-09-10T16:02:01.219+0000] {processor.py:925} INFO - DAG(s) 'credit_risk_analysis_pipeline' retrieved from /opt/airflow/dags/pipeline.py
[2026-09-10T16:02:01.303+0000] {logging_mixin.py:190} INFO - [2026-09-10T16:02:01.303+0000] {dag.py:3239} INFO - Sync 1 DAGs
[2026-09-10T16:02:01.339+0000] {logging_mixin.py:190} INFO - [2026-09-10T16:02:01.339+0000] {dag.py:4180} INFO - Setting next_dagrun for credit_risk_analysis_pipeline to None, run_after=None
[2026-09-10T16:02:01.382+0000] {processor.py:208} INFO - Processing /opt/airflow/dags/pipeline.py took 0.213 seconds
[2026-09-10T16:02:31.624+0000] {processor.py:186} INFO - Started process (PID=280) to work on /opt/airflow/dags/pipeline.py
[2026-09-10T16:02:31.627+0000] {processor.py:914} INFO - Processing file /opt/airflow/dags/pipeline.py for tasks to queue
[2026-09-10T16:02:31.631+0000] {logging_mixin.py:190} INFO - [2026-09-10T16:02:31.631+0000] {dagbag.py:588} INFO - Filling up the DagBag from /opt/airflow/dags/pipeline.py
[2026-09-10T16:02:31.668+0000] {processor.py:925} INFO - DAG(s) 'credit_risk_analysis_pipeline' retrieved from /opt/airflow/dags/pipeline.py
[2026-09-10T16:02:31.724+0000] {logging_mixin.py:190} INFO - [2026-09-10T16:02:31.723+0000] {dag.py:3239} INFO - Sync 1 DAGs
[2026-09-10T16:02:31.754+0000] {logging_mixin.py:190} INFO - [2026-09-10T16:02:31.754+0000] {dag.py:4180} INFO - Setting next_dagrun for credit_risk_analysis_pipeline to None, run_after=None
[2026-09-10T16:02:31.794+0000] {processor.py:208} INFO - Processing /opt/airflow/dags/pipeline.py took 0.180 seconds
[2026-09-10T16:03:02.147+0000] {processor.py:186} INFO - Started process (PID=281) to work on /opt/airflow/dags/pipeline.py
[2026-09-10T16:03:02.150+0000] {processor.py:914} INFO - Processing file /opt/airflow/dags/pipeline.py for tasks to queue
[2026-09-10T16:03:02.153+0000] {logging_mixin.py:190} INFO - [2026-09-10T16:03:02.152+0000] {dagbag.py:588} INFO - Filling up the DagBag from /opt/airflow/dags/pipeline.py
[2026-09-10T16:03:02.183+0000] {processor.py:925} INFO - DAG(s) 'credit_risk_analysis_pipeline' retrieved from /opt/airflow/dags/pipeline.py
[2026-09-10T16:03:02.233+0000] {logging_mixin.py:190} INFO - [2026-09-10T16:03:02.232+0000] {dag.py:3239} INFO - Sync 1 DAGs
[2026-09-10T16:03:02.267+0000] {logging_mixin.py:190} INFO - [2026-09-10T16:03:02.267+0000] {dag.py:4180} INFO - Setting next_dagrun for credit_risk_analysis_pipeline to None, run_after=None
[2026-09-10T16:03:02.305+0000] {processor.py:208} INFO - Processing /opt/airflow/dags/pipeline.py took 0.169 seconds
[2026-09-10T16:03:32.515+0000] {processor.py:186} INFO - Started process (PID=282) to work on /opt/airflow/dags/pipeline.py
[2026-09-10T16:03:32.518+0000] {processor.py:914} INFO - Processing file /opt/airflow/dags/pipeline.py for tasks to queue
[2026-09-10T16:03:32.522+0000] {logging_mixin.py:190} INFO - [2026-09-10T16:03:32.521+0000] {dagbag.py:588} INFO - Filling up the DagBag from /opt/airflow/dags/pipeline.py
[2026-09-10T16:03:32.554+0000] {processor.py:925} INFO - DAG(s) 'credit_risk_analysis_pipeline' retrieved from /opt/airflow/dags/pipeline.py
[2026-09-10T16:03:32.603+0000] {logging_mixin.py:190} INFO - [2026-09-10T16:03:32.602+0000] {dag.py:3239} INFO - Sync 1 DAGs
[2026-09-10T16:03:32.632+0000] {logging_mixin.py:190} INFO - [2026-09-10T16:03:32.632+0000] {dag.py:4180} INFO - Setting next_dagrun for credit_risk_analysis_pipeline to None, run_after=None
[2026-09-10T16:03:32.679+0000] {processor.py:208} INFO - Processing /opt/airflow/dags/pipeline.py took 0.174 seconds
[2026-09-10T16:04:03.090+0000] {processor.py:186} INFO - Started process (PID=283) to work on /opt/airflow/dags/pipeline.py
[2026-09-10T16:04:03.093+0000] {processor.py:914} INFO - Processing file /opt/airflow/dags/pipeline.py for tasks to queue
[2026-09-10T16:04:03.096+0000] {logging_mixin.py:190} INFO - [2026-09-10T16:04:03.095+0000] {dagbag.py:588} INFO - Filling up the DagBag from /opt/airflow/dags/pipeline.py
[2026-09-10T16:04:03.126+0000] {processor.py:925} INFO - DAG(s) 'credit_risk_analysis_pipeline' retrieved from /opt/airflow/dags/pipeline.py
[2026-09-10T16:04:03.174+0000] {logging_mixin.py:190} INFO - [2026-09-10T16:04:03.173+0000] {dag.py:3239} INFO - Sync 1 DAGs
[2026-09-10T16:04:03.201+0000] {logging_mixin.py:190} INFO - [2026-09-10T16:04:03.200+0000] {dag.py:4180} INFO - Setting next_dagrun for credit_risk_analysis_pipeline to None, run_after=None
[2026-09-10T16:04:03.237+0000] {processor.py:208} INFO - Processing /opt/airflow/dags/pipeline.py took 0.158 seconds
[2026-09-10T16:04:33.461+0000] {processor.py:186} INFO - Started process (PID=284) to work on /opt/airflow/dags/pipeline.py
[2026-09-10T16:04:33.464+0000] {processor.py:914} INFO - Processing file /opt/airflow/dags/pipeline.py for tasks to queue
[2026-09-10T16:04:33.467+0000] {logging_mixin.py:190} INFO - [2026-09-10T16:04:33.467+0000] {dagbag.py:588} INFO - Filling up the DagBag from /opt/airflow/dags/pipeline.py
[2026-09-10T16:04:33.502+0000] {processor.py:925} INFO - DAG(s) 'credit_risk_analysis_pipeline' retrieved from /opt/airflow/dags/pipeline.py
[2026-09-10T16:04:33.556+0000] {logging_mixin.py:190} INFO - [2026-09-10T16:04:33.555+0000] {dag.py:3239} INFO - Sync 1 DAGs
[2026-09-10T16:04:33.587+0000] {logging_mixin.py:190} INFO - [2026-09-10T16:04:33.587+0000] {dag.py:4180} INFO - Setting next_dagrun for credit_risk_analysis_pipeline to None, run_after=None
[2026-09-10T16:04:33.628+0000] {processor.py:208} INFO - Processing /opt/airflow/dags/pipeline.py took 0.178 seconds
[2026-09-10T16:05:04.030+0000] {processor.py:186} INFO - Started process (PID=285) to work on /opt/airflow/dags/pipeline.py
[2026-09-10T16:05:04.033+0000] {processor.py:914} INFO - Processing file /opt/airflow/dags/pipeline.py for tasks to queue
[2026-09-10T16:05:04.036+0000] {logging_mixin.py:190} INFO - [2026-09-10T16:05:04.035+0000] {dagbag.py:588} INFO - Filling up the DagBag from /opt/airflow/dags/pipeline.py
[2026-09-10T16:05:04.070+0000] {processor.py:925} INFO - DAG(s) 'credit_risk_analysis_pipeline' retrieved from /opt/airflow/dags/pipeline.py
[2026-09-10T16:05:04.121+0000] {logging_mixin.py:190} INFO - [2026-09-10T16:05:04.121+0000] {dag.py:3239} INFO - Sync 1 DAGs
[2026-09-10T16:05:04.150+0000] {logging_mixin.py:190} INFO - [2026-09-10T16:05:04.150+0000] {dag.py:4180} INFO - Setting next_dagrun for credit_risk_analysis_pipeline to None, run_after=None
[2026-09-10T16:05:04.203+0000] {processor.py:208} INFO - Processing /opt/airflow/dags/pipeline.py took 0.185 seconds
[2026-09-10T16:05:34.431+0000] {processor.py:186} INFO - Started process (PID=286) to work on /opt/airflow/dags/pipeline.py
[2026-09-10T16:05:34.434+0000] {processor.py:914} INFO - Processing file /opt/airflow/dags/pipeline.py for tasks to queue
[2026-09-10T16:05:34.439+0000] {logging_mixin.py:190} INFO - [2026-09-10T16:05:34.438+0000] {dagbag.py:588} INFO - Filling up the DagBag from /opt/airflow/dags/pipeline.py
[2026-09-10T16:05:34.479+0000] {processor.py:925} INFO - DAG(s) 'credit_risk_analysis_pipeline' retrieved from /opt/airflow/dags/pipeline.py
[2026-09-10T16:05:34.537+0000] {logging_mixin.py:190} INFO - [2026-09-10T16:05:34.537+0000] {dag.py:3239} INFO - Sync 1 DAGs
[2026-09-10T16:05:34.574+0000] {logging_mixin.py:190} INFO - [2026-09-10T16:05:34.573+0000] {dag.py:4180} INFO - Setting next_dagrun for credit_risk_analysis_pipeline to None, run_after=None
[2026-09-10T16:05:34.616+0000] {processor.py:208} INFO - Processing /opt/airflow/dags/pipeline.py took 0.199 seconds
[2026-09-10T16:06:04.980+0000] {processor.py:186} INFO - Started process (PID=287) to work on /opt/airflow/dags/pipeline.py
[2026-09-10T16:06:04.983+0000] {processor.py:914} INFO - Processing file /opt/airflow/dags/pipeline.py for tasks to queue
[2026-09-10T16:06:04.988+0000] {logging_mixin.py:190} INFO - [2026-09-10T16:06:04.987+0000] {dagbag.py:588} INFO - Filling up the DagBag from /opt/airflow/dags/pipeline.py
[2026-09-10T16:06:05.024+0000] {processor.py:925} INFO - DAG(s) 'credit_risk_analysis_pipeline' retrieved from /opt/airflow/dags/pipeline.py
[2026-09-10T16:06:05.080+0000] {logging_mixin.py:190} INFO - [2026-09-10T16:06:05.079+0000] {dag.py:3239} INFO - Sync 1 DAGs
[2026-09-10T16:06:05.110+0000] {logging_mixin.py:190} INFO - [2026-09-10T16:06:05.110+0000] {dag.py:4180} INFO - Setting next_dagrun for credit_risk_analysis_pipeline to None, run_after=None
[2026-09-10T16:06:05.162+0000] {processor.py:208} INFO - Processing /opt/airflow/dags/pipeline.py took 0.198 seconds
[2026-09-10T16:06:35.366+0000] {processor.py:186} INFO - Started process (PID=288) to work on /opt/airflow/dags/pipeline.py
[2026-09-10T16:06:35.369+0000] {processor.py:914} INFO - Processing file /opt/airflow/dags/pipeline.py for tasks to queue
[2026-09-10T16:06:35.372+0000] {logging_mixin.py:190} INFO - [2026-09-10T16:06:35.371+0000] {dagbag.py:588} INFO - Filling up the DagBag from /opt/airflow/dags/pipeline.py
[2026-09-10T16:06:35.401+0000] {processor.py:925} INFO - DAG(s) 'credit_risk_analysis_pipeline' retrieved from /opt/airflow/dags/pipeline.py
[2026-09-10T16:06:35.455+0000] {logging_mixin.py:190} INFO - [2026-09-10T16:06:35.454+0000] {dag.py:3239} INFO - Sync 1 DAGs
[2026-09-10T16:06:35.487+0000] {logging_mixin.py:190} INFO - [2026-09-10T16:06:35.486+0000] {dag.py:4180} INFO - Setting next_dagrun for credit_risk_analysis_pipeline to None, run_after=None
[2026-09-10T16:06:35.533+0000] {processor.py:208} INFO - Processing /opt/airflow/dags/pipeline.py took 0.179 seconds
[2026-09-10T16:07:05.932+0000] {processor.py:186} INFO - Started process (PID=289) to work on /opt/airflow/dags/pipeline.py
[2026-09-10T16:07:05.935+0000] {processor.py:914} INFO - Processing file /opt/airflow/dags/pipeline.py for tasks to queue
[2026-09-10T16:07:05.939+0000] {logging_mixin.py:190} INFO - [2026-09-10T16:07:05.938+0000] {dagbag.py:588} INFO - Filling up the DagBag from /opt/airflow/dags/pipeline.py
[2026-09-10T16:07:05.976+0000] {processor.py:925} INFO - DAG(s) 'credit_risk_analysis_pipeline' retrieved from /opt/airflow/dags/pipeline.py
[2026-09-10T16:07:06.032+0000] {logging_mixin.py:190} INFO - [2026-09-10T16:07:06.031+0000] {dag.py:3239} INFO - Sync 1 DAGs
[2026-09-10T16:07:06.066+0000] {logging_mixin.py:190} INFO - [2026-09-10T16:07:06.065+0000] {dag.py:4180} INFO - Setting next_dagrun for credit_risk_analysis_pipeline to None, run_after=None
[2026-09-10T16:07:06.106+0000] {processor.py:208} INFO - Processing /opt/airflow/dags/pipeline.py took 0.187 seconds
[2026-09-10T16:07:36.325+0000] {processor.py:186} INFO - Started process (PID=290) to work on /opt/airflow/dags/pipeline.py
[2026-09-10T16:07:36.328+0000] {processor.py:914} INFO - Processing file /opt/airflow/dags/pipeline.py for tasks to queue
[2026-09-10T16:07:36.331+0000] {logging_mixin.py:190} INFO - [2026-09-10T16:07:36.331+0000] {dagbag.py:588} INFO - Filling up the DagBag from /opt/airflow/dags/pipeline.py
[2026-09-10T16:07:36.367+0000] {processor.py:925} INFO - DAG(s) 'credit_risk_analysis_pipeline' retrieved from /opt/airflow/dags/pipeline.py
[2026-09-10T16:07:36.430+0000] {logging_mixin.py:190} INFO - [2026-09-10T16:07:36.429+0000] {dag.py:3239} INFO - Sync 1 DAGs
[2026-09-10T16:07:36.468+0000] {logging_mixin.py:190} INFO - [2026-09-10T16:07:36.467+0000] {dag.py:4180} INFO - Setting next_dagrun for credit_risk_analysis_pipeline to None, run_after=None
[2026-09-10T16:07:36.509+0000] {processor.py:208} INFO - Processing /opt/airflow/dags/pipeline.py took 0.195 seconds
[2026-09-10T16:08:06.859+0000] {processor.py:186} INFO - Started process (PID=291) to work on /opt/airflow/dags/pipeline.py
[2026-09-10T16:08:06.863+0000] {processor.py:914} INFO - Processing file /opt/airflow/dags/pipeline.py for tasks to queue
[2026-09-10T16:08:06.869+0000] {logging_mixin.py:190} INFO - [2026-09-10T16:08:06.868+0000] {dagbag.py:588} INFO - Filling up the DagBag from /opt/airflow/dags/pipeline.py
[2026-09-10T16:08:06.896+0000] {processor.py:925} INFO - DAG(s) 'credit_risk_analysis_pipeline' retrieved from /opt/airflow/dags/pipeline.py
[2026-09-10T16:08:06.950+0000] {logging_mixin.py:190} INFO - [2026-09-10T16:08:06.949+0000] {dag.py:3239} INFO - Sync 1 DAGs
[2026-09-10T16:08:06.981+0000] {logging_mixin.py:190} INFO - [2026-09-10T16:08:06.980+0000] {dag.py:4180} INFO - Setting next_dagrun for credit_risk_analysis_pipeline to None, run_after=None
[2026-09-10T16:08:07.030+0000] {processor.py:208} INFO - Processing /opt/airflow/dags/pipeline.py took 0.189 seconds
[2026-09-10T16:08:37.255+0000] {processor.py:186} INFO - Started process (PID=292) to work on /opt/airflow/dags/pipeline.py
[2026-09-10T16:08:37.258+0000] {processor.py:914} INFO - Processing file /opt/airflow/dags/pipeline.py for tasks to queue
[2026-09-10T16:08:37.262+0000] {logging_mixin.py:190} INFO - [2026-09-10T16:08:37.261+0000] {dagbag.py:588} INFO - Filling up the DagBag from /opt/airflow/dags/pipeline.py
[2026-09-10T16:08:37.296+0000] {processor.py:925} INFO - DAG(s) 'credit_risk_analysis_pipeline' retrieved from /opt/airflow/dags/pipeline.py
[2026-09-10T16:08:37.353+0000] {logging_mixin.py:190} INFO - [2026-09-10T16:08:37.353+0000] {dag.py:3239} INFO - Sync 1 DAGs
[2026-09-10T16:08:37.389+0000] {logging_mixin.py:190} INFO - [2026-09-10T16:08:37.389+0000] {dag.py:4180} INFO - Setting next_dagrun for credit_risk_analysis_pipeline to None, run_after=None
[2026-09-10T16:08:37.440+0000] {processor.py:208} INFO - Processing /opt/airflow/dags/pipeline.py took 0.201 seconds
[2026-09-10T16:09:07.839+0000] {processor.py:186} INFO - Started process (PID=293) to work on /opt/airflow/dags/pipeline.py
[2026-09-10T16:09:07.842+0000] {processor.py:914} INFO - Processing file /opt/airflow/dags/pipeline.py for tasks to queue
[2026-09-10T16:09:07.846+0000] {logging_mixin.py:190} INFO - [2026-09-10T16:09:07.845+0000] {dagbag.py:588} INFO - Filling up the DagBag from /opt/airflow/dags/pipeline.py
[2026-09-10T16:09:07.876+0000] {processor.py:925} INFO - DAG(s) 'credit_risk_analysis_pipeline' retrieved from /opt/airflow/dags/pipeline.py
[2026-09-10T16:09:07.939+0000] {logging_mixin.py:190} INFO - [2026-09-10T16:09:07.938+0000] {dag.py:3239} INFO - Sync 1 DAGs
[2026-09-10T16:09:07.974+0000] {logging_mixin.py:190} INFO - [2026-09-10T16:09:07.974+0000] {dag.py:4180} INFO - Setting next_dagrun for credit_risk_analysis_pipeline to None, run_after=None
[2026-09-10T16:09:08.014+0000] {processor.py:208} INFO - Processing /opt/airflow/dags/pipeline.py took 0.188 seconds
[2026-09-10T16:09:38.252+0000] {processor.py:186} INFO - Started process (PID=294) to work on /opt/airflow/dags/pipeline.py
[2026-09-10T16:09:38.255+0000] {processor.py:914} INFO - Processing file /opt/airflow/dags/pipeline.py for tasks to queue
[2026-09-10T16:09:38.260+0000] {logging_mixin.py:190} INFO - [2026-09-10T16:09:38.259+0000] {dagbag.py:588} INFO - Filling up the DagBag from /opt/airflow/dags/pipeline.py
[2026-09-10T16:09:38.290+0000] {processor.py:925} INFO - DAG(s) 'credit_risk_analysis_pipeline' retrieved from /opt/airflow/dags/pipeline.py
[2026-09-10T16:09:38.358+0000] {logging_mixin.py:190} INFO - [2026-09-10T16:09:38.358+0000] {dag.py:3239} INFO - Sync 1 DAGs
[2026-09-10T16:09:38.393+0000] {logging_mixin.py:190} INFO - [2026-09-10T16:09:38.393+0000] {dag.py:4180} INFO - Setting next_dagrun for credit_risk_analysis_pipeline to None, run_after=None
[2026-09-10T16:09:38.438+0000] {processor.py:208} INFO - Processing /opt/airflow/dags/pipeline.py took 0.202 seconds
[2026-09-10T16:10:08.770+0000] {processor.py:186} INFO - Started process (PID=295) to work on /opt/airflow/dags/pipeline.py
[2026-09-10T16:10:08.773+0000] {processor.py:914} INFO - Processing file /opt/airflow/dags/pipeline.py for tasks to queue
[2026-09-10T16:10:08.778+0000] {logging_mixin.py:190} INFO - [2026-09-10T16:10:08.777+0000] {dagbag.py:588} INFO - Filling up the DagBag from /opt/airflow/dags/pipeline.py
[2026-09-10T16:10:08.808+0000] {processor.py:925} INFO - DAG(s) 'credit_risk_analysis_pipeline' retrieved from /opt/airflow/dags/pipeline.py
[2026-09-10T16:10:08.864+0000] {logging_mixin.py:190} INFO - [2026-09-10T16:10:08.863+0000] {dag.py:3239} INFO - Sync 1 DAGs
[2026-09-10T16:10:08.898+0000] {logging_mixin.py:190} INFO - [2026-09-10T16:10:08.898+0000] {dag.py:4180} INFO - Setting next_dagrun for credit_risk_analysis_pipeline to None, run_after=None
[2026-09-10T16:10:08.949+0000] {processor.py:208} INFO - Processing /opt/airflow/dags/pipeline.py took 0.193 seconds
[2026-09-10T16:10:39.183+0000] {processor.py:186} INFO - Started process (PID=296) to work on /opt/airflow/dags/pipeline.py
[2026-09-10T16:10:39.186+0000] {processor.py:914} INFO - Processing file /opt/airflow/dags/pipeline.py for tasks to queue
[2026-09-10T16:10:39.190+0000] {logging_mixin.py:190} INFO - [2026-09-10T16:10:39.189+0000] {dagbag.py:588} INFO - Filling up the DagBag from /opt/airflow/dags/pipeline.py
[2026-09-10T16:10:39.219+0000] {processor.py:925} INFO - DAG(s) 'credit_risk_analysis_pipeline' retrieved from /opt/airflow/dags/pipeline.py
[2026-09-10T16:10:39.277+0000] {logging_mixin.py:190} INFO - [2026-09-10T16:10:39.277+0000] {dag.py:3239} INFO - Sync 1 DAGs
[2026-09-10T16:10:39.308+0000] {logging_mixin.py:190} INFO - [2026-09-10T16:10:39.308+0000] {dag.py:4180} INFO - Setting next_dagrun for credit_risk_analysis_pipeline to None, run_after=None
[2026-09-10T16:10:39.360+0000] {processor.py:208} INFO - Processing /opt/airflow/dags/pipeline.py took 0.189 seconds
[2026-09-10T16:11:09.701+0000] {processor.py:186} INFO - Started process (PID=297) to work on /opt/airflow/dags/pipeline.py
[2026-09-10T16:11:09.705+0000] {processor.py:914} INFO - Processing file /opt/airflow/dags/pipeline.py for tasks to queue
[2026-09-10T16:11:09.711+0000] {logging_mixin.py:190} INFO - [2026-09-10T16:11:09.710+0000] {dagbag.py:588} INFO - Filling up the DagBag from /opt/airflow/dags/pipeline.py
[2026-09-10T16:11:09.750+0000] {processor.py:925} INFO - DAG(s) 'credit_risk_analysis_pipeline' retrieved from /opt/airflow/dags/pipeline.py
[2026-09-10T16:11:09.843+0000] {logging_mixin.py:190} INFO - [2026-09-10T16:11:09.843+0000] {dag.py:3239} INFO - Sync 1 DAGs
[2026-09-10T16:11:09.883+0000] {logging_mixin.py:190} INFO - [2026-09-10T16:11:09.883+0000] {dag.py:4180} INFO - Setting next_dagrun for credit_risk_analysis_pipeline to None, run_after=None
[2026-09-10T16:11:09.956+0000] {processor.py:208} INFO - Processing /opt/airflow/dags/pipeline.py took 0.279 seconds
[2026-09-10T16:11:40.110+0000] {processor.py:186} INFO - Started process (PID=298) to work on /opt/airflow/dags/pipeline.py
[2026-09-10T16:11:40.113+0000] {processor.py:914} INFO - Processing file /opt/airflow/dags/pipeline.py for tasks to queue
[2026-09-10T16:11:40.117+0000] {logging_mixin.py:190} INFO - [2026-09-10T16:11:40.115+0000] {dagbag.py:588} INFO - Filling up the DagBag from /opt/airflow/dags/pipeline.py
[2026-09-10T16:11:40.148+0000] {processor.py:925} INFO - DAG(s) 'credit_risk_analysis_pipeline' retrieved from /opt/airflow/dags/pipeline.py
[2026-09-10T16:11:40.207+0000] {logging_mixin.py:190} INFO - [2026-09-10T16:11:40.206+0000] {dag.py:3239} INFO - Sync 1 DAGs
[2026-09-10T16:11:40.240+0000] {logging_mixin.py:190} INFO - [2026-09-10T16:11:40.240+0000] {dag.py:4180} INFO - Setting next_dagrun for credit_risk_analysis_pipeline to None, run_after=None
[2026-09-10T16:11:40.292+0000] {processor.py:208} INFO - Processing /opt/airflow/dags/pipeline.py took 0.197 seconds
[2026-09-10T16:12:10.488+0000] {processor.py:186} INFO - Started process (PID=299) to work on /opt/airflow/dags/pipeline.py
[2026-09-10T16:12:10.490+0000] {processor.py:914} INFO - Processing file /opt/airflow/dags/pipeline.py for tasks to queue
[2026-09-10T16:12:10.495+0000] {logging_mixin.py:190} INFO - [2026-09-10T16:12:10.494+0000] {dagbag.py:588} INFO - Filling up the DagBag from /opt/airflow/dags/pipeline.py
[2026-09-10T16:12:10.525+0000] {processor.py:925} INFO - DAG(s) 'credit_risk_analysis_pipeline' retrieved from /opt/airflow/dags/pipeline.py
[2026-09-10T16:12:10.574+0000] {logging_mixin.py:190} INFO - [2026-09-10T16:12:10.574+0000] {dag.py:3239} INFO - Sync 1 DAGs
[2026-09-10T16:12:10.605+0000] {logging_mixin.py:190} INFO - [2026-09-10T16:12:10.605+0000] {dag.py:4180} INFO - Setting next_dagrun for credit_risk_analysis_pipeline to None, run_after=None
[2026-09-10T16:12:10.661+0000] {processor.py:208} INFO - Processing /opt/airflow/dags/pipeline.py took 0.184 seconds
[2026-09-10T16:12:41.019+0000] {processor.py:186} INFO - Started process (PID=300) to work on /opt/airflow/dags/pipeline.py
[2026-09-10T16:12:41.022+0000] {processor.py:914} INFO - Processing file /opt/airflow/dags/pipeline.py for tasks to queue
[2026-09-10T16:12:41.026+0000] {logging_mixin.py:190} INFO - [2026-09-10T16:12:41.025+0000] {dagbag.py:588} INFO - Filling up the DagBag from /opt/airflow/dags/pipeline.py
[2026-09-10T16:12:41.069+0000] {processor.py:925} INFO - DAG(s) 'credit_risk_analysis_pipeline' retrieved from /opt/airflow/dags/pipeline.py
[2026-09-10T16:12:41.131+0000] {logging_mixin.py:190} INFO - [2026-09-10T16:12:41.130+0000] {dag.py:3239} INFO - Sync 1 DAGs
[2026-09-10T16:12:41.165+0000] {logging_mixin.py:190} INFO - [2026-09-10T16:12:41.165+0000] {dag.py:4180} INFO - Setting next_dagrun for credit_risk_analysis_pipeline to None, run_after=None
[2026-09-10T16:12:41.224+0000] {processor.py:208} INFO - Processing /opt/airflow/dags/pipeline.py took 0.218 seconds
[2026-09-10T16:13:11.511+0000] {processor.py:186} INFO - Started process (PID=301) to work on /opt/airflow/dags/pipeline.py
[2026-09-10T16:13:11.514+0000] {processor.py:914} INFO - Processing file /opt/airflow/dags/pipeline.py for tasks to queue
[2026-09-10T16:13:11.517+0000] {logging_mixin.py:190} INFO - [2026-09-10T16:13:11.516+0000] {dagbag.py:588} INFO - Filling up the DagBag from /opt/airflow/dags/pipeline.py
[2026-09-10T16:13:11.552+0000] {processor.py:925} INFO - DAG(s) 'credit_risk_analysis_pipeline' retrieved from /opt/airflow/dags/pipeline.py
[2026-09-10T16:13:11.615+0000] {logging_mixin.py:190} INFO - [2026-09-10T16:13:11.614+0000] {dag.py:3239} INFO - Sync 1 DAGs
[2026-09-10T16:13:11.650+0000] {logging_mixin.py:190} INFO - [2026-09-10T16:13:11.650+0000] {dag.py:4180} INFO - Setting next_dagrun for credit_risk_analysis_pipeline to None, run_after=None
[2026-09-10T16:13:11.694+0000] {processor.py:208} INFO - Processing /opt/airflow/dags/pipeline.py took 0.197 seconds
[2026-09-10T16:13:42.056+0000] {processor.py:186} INFO - Started process (PID=302) to work on /opt/airflow/dags/pipeline.py
[2026-09-10T16:13:42.058+0000] {processor.py:914} INFO - Processing file /opt/airflow/dags/pipeline.py for tasks to queue
[2026-09-10T16:13:42.062+0000] {logging_mixin.py:190} INFO - [2026-09-10T16:13:42.061+0000] {dagbag.py:588} INFO - Filling up the DagBag from /opt/airflow/dags/pipeline.py
[2026-09-10T16:13:42.096+0000] {processor.py:925} INFO - DAG(s) 'credit_risk_analysis_pipeline' retrieved from /opt/airflow/dags/pipeline.py
[2026-09-10T16:13:42.149+0000] {logging_mixin.py:190} INFO - [2026-09-10T16:13:42.149+0000] {dag.py:3239} INFO - Sync 1 DAGs
[2026-09-10T16:13:42.178+0000] {logging_mixin.py:190} INFO - [2026-09-10T16:13:42.178+0000] {dag.py:4180} INFO - Setting next_dagrun for credit_risk_analysis_pipeline to None, run_after=None
[2026-09-10T16:13:42.229+0000] {processor.py:208} INFO - Processing /opt/airflow/dags/pipeline.py took 0.186 seconds
[2026-09-10T16:14:12.432+0000] {processor.py:186} INFO - Started process (PID=303) to work on /opt/airflow/dags/pipeline.py
[2026-09-10T16:14:12.434+0000] {processor.py:914} INFO - Processing file /opt/airflow/dags/pipeline.py for tasks to queue
[2026-09-10T16:14:12.438+0000] {logging_mixin.py:190} INFO - [2026-09-10T16:14:12.437+0000] {dagbag.py:588} INFO - Filling up the DagBag from /opt/airflow/dags/pipeline.py
[2026-09-10T16:14:12.470+0000] {processor.py:925} INFO - DAG(s) 'credit_risk_analysis_pipeline' retrieved from /opt/airflow/dags/pipeline.py
[2026-09-10T16:14:12.519+0000] {logging_mixin.py:190} INFO - [2026-09-10T16:14:12.518+0000] {dag.py:3239} INFO - Sync 1 DAGs
[2026-09-10T16:14:12.550+0000] {logging_mixin.py:190} INFO - [2026-09-10T16:14:12.550+0000] {dag.py:4180} INFO - Setting next_dagrun for credit_risk_analysis_pipeline to None, run_after=None
[2026-09-10T16:14:12.586+0000] {processor.py:208} INFO - Processing /opt/airflow/dags/pipeline.py took 0.165 seconds
[2026-09-10T16:14:42.935+0000] {processor.py:186} INFO - Started process (PID=304) to work on /opt/airflow/dags/pipeline.py
[2026-09-10T16:14:42.937+0000] {processor.py:914} INFO - Processing file /opt/airflow/dags/pipeline.py for tasks to queue
[2026-09-10T16:14:42.940+0000] {logging_mixin.py:190} INFO - [2026-09-10T16:14:42.940+0000] {dagbag.py:588} INFO - Filling up the DagBag from /opt/airflow/dags/pipeline.py
[2026-09-10T16:14:42.969+0000] {processor.py:925} INFO - DAG(s) 'credit_risk_analysis_pipeline' retrieved from /opt/airflow/dags/pipeline.py
[2026-09-10T16:14:43.020+0000] {logging_mixin.py:190} INFO - [2026-09-10T16:14:43.020+0000] {dag.py:3239} INFO - Sync 1 DAGs
[2026-09-10T16:14:43.058+0000] {logging_mixin.py:190} INFO - [2026-09-10T16:14:43.058+0000] {dag.py:4180} INFO - Setting next_dagrun for credit_risk_analysis_pipeline to None, run_after=None
[2026-09-10T16:14:43.096+0000] {processor.py:208} INFO - Processing /opt/airflow/dags/pipeline.py took 0.175 seconds
[2026-09-10T16:15:13.300+0000] {processor.py:186} INFO - Started process (PID=305) to work on /opt/airflow/dags/pipeline.py
[2026-09-10T16:15:13.303+0000] {processor.py:914} INFO - Processing file /opt/airflow/dags/pipeline.py for tasks to queue
[2026-09-10T16:15:13.306+0000] {logging_mixin.py:190} INFO - [2026-09-10T16:15:13.305+0000] {dagbag.py:588} INFO - Filling up the DagBag from /opt/airflow/dags/pipeline.py
[2026-09-10T16:15:13.344+0000] {processor.py:925} INFO - DAG(s) 'credit_risk_analysis_pipeline' retrieved from /opt/airflow/dags/pipeline.py
[2026-09-10T16:15:13.397+0000] {logging_mixin.py:190} INFO - [2026-09-10T16:15:13.397+0000] {dag.py:3239} INFO - Sync 1 DAGs
[2026-09-10T16:15:13.429+0000] {logging_mixin.py:190} INFO - [2026-09-10T16:15:13.428+0000] {dag.py:4180} INFO - Setting next_dagrun for credit_risk_analysis_pipeline to None, run_after=None
[2026-09-10T16:15:13.477+0000] {processor.py:208} INFO - Processing /opt/airflow/dags/pipeline.py took 0.190 seconds
[2026-09-10T16:15:43.841+0000] {processor.py:186} INFO - Started process (PID=306) to work on /opt/airflow/dags/pipeline.py
[2026-09-10T16:15:43.844+0000] {processor.py:914} INFO - Processing file /opt/airflow/dags/pipeline.py for tasks to queue
[2026-09-10T16:15:43.847+0000] {logging_mixin.py:190} INFO - [2026-09-10T16:15:43.847+0000] {dagbag.py:588} INFO - Filling up the DagBag from /opt/airflow/dags/pipeline.py
[2026-09-10T16:15:43.880+0000] {processor.py:925} INFO - DAG(s) 'credit_risk_analysis_pipeline' retrieved from /opt/airflow/dags/pipeline.py
[2026-09-10T16:15:43.939+0000] {logging_mixin.py:190} INFO - [2026-09-10T16:15:43.938+0000] {dag.py:3239} INFO - Sync 1 DAGs
[2026-09-10T16:15:43.978+0000] {logging_mixin.py:190} INFO - [2026-09-10T16:15:43.978+0000] {dag.py:4180} INFO - Setting next_dagrun for credit_risk_analysis_pipeline to None, run_after=None
[2026-09-10T16:15:44.032+0000] {processor.py:208} INFO - Processing /opt/airflow/dags/pipeline.py took 0.205 seconds
[2026-09-10T16:16:14.262+0000] {processor.py:186} INFO - Started process (PID=307) to work on /opt/airflow/dags/pipeline.py
[2026-09-10T16:16:14.265+0000] {processor.py:914} INFO - Processing file /opt/airflow/dags/pipeline.py for tasks to queue
[2026-09-10T16:16:14.270+0000] {logging_mixin.py:190} INFO - [2026-09-10T16:16:14.268+0000] {dagbag.py:588} INFO - Filling up the DagBag from /opt/airflow/dags/pipeline.py
[2026-09-10T16:16:14.310+0000] {processor.py:925} INFO - DAG(s) 'credit_risk_analysis_pipeline' retrieved from /opt/airflow/dags/pipeline.py
[2026-09-10T16:16:14.362+0000] {logging_mixin.py:190} INFO - [2026-09-10T16:16:14.362+0000] {dag.py:3239} INFO - Sync 1 DAGs
[2026-09-10T16:16:14.393+0000] {logging_mixin.py:190} INFO - [2026-09-10T16:16:14.393+0000] {dag.py:4180} INFO - Setting next_dagrun for credit_risk_analysis_pipeline to None, run_after=None
[2026-09-10T16:16:14.446+0000] {processor.py:208} INFO - Processing /opt/airflow/dags/pipeline.py took 0.195 seconds
[2026-09-10T16:16:44.803+0000] {processor.py:186} INFO - Started process (PID=308) to work on /opt/airflow/dags/pipeline.py
[2026-09-10T16:16:44.806+0000] {processor.py:914} INFO - Processing file /opt/airflow/dags/pipeline.py for tasks to queue
[2026-09-10T16:16:44.810+0000] {logging_mixin.py:190} INFO - [2026-09-10T16:16:44.810+0000] {dagbag.py:588} INFO - Filling up the DagBag from /opt/airflow/dags/pipeline.py
[2026-09-10T16:16:44.844+0000] {processor.py:925} INFO - DAG(s) 'credit_risk_analysis_pipeline' retrieved from /opt/airflow/dags/pipeline.py
[2026-09-10T16:16:44.900+0000] {logging_mixin.py:190} INFO - [2026-09-10T16:16:44.899+0000] {dag.py:3239} INFO - Sync 1 DAGs
[2026-09-10T16:16:44.931+0000] {logging_mixin.py:190} INFO - [2026-09-10T16:16:44.931+0000] {dag.py:4180} INFO - Setting next_dagrun for credit_risk_analysis_pipeline to None, run_after=None
[2026-09-10T16:16:44.971+0000] {processor.py:208} INFO - Processing /opt/airflow/dags/pipeline.py took 0.178 seconds
[2026-09-10T16:17:15.179+0000] {processor.py:186} INFO - Started process (PID=309) to work on /opt/airflow/dags/pipeline.py
[2026-09-10T16:17:15.182+0000] {processor.py:914} INFO - Processing file /opt/airflow/dags/pipeline.py for tasks to queue
[2026-09-10T16:17:15.185+0000] {logging_mixin.py:190} INFO - [2026-09-10T16:17:15.184+0000] {dagbag.py:588} INFO - Filling up the DagBag from /opt/airflow/dags/pipeline.py
[2026-09-10T16:17:15.215+0000] {processor.py:925} INFO - DAG(s) 'credit_risk_analysis_pipeline' retrieved from /opt/airflow/dags/pipeline.py
[2026-09-10T16:17:15.265+0000] {logging_mixin.py:190} INFO - [2026-09-10T16:17:15.265+0000] {dag.py:3239} INFO - Sync 1 DAGs
[2026-09-10T16:17:15.294+0000] {logging_mixin.py:190} INFO - [2026-09-10T16:17:15.294+0000] {dag.py:4180} INFO - Setting next_dagrun for credit_risk_analysis_pipeline to None, run_after=None
[2026-09-10T16:17:15.346+0000] {processor.py:208} INFO - Processing /opt/airflow/dags/pipeline.py took 0.179 seconds
[2026-09-10T16:17:45.753+0000] {processor.py:186} INFO - Started process (PID=310) to work on /opt/airflow/dags/pipeline.py
[2026-09-10T16:17:45.756+0000] {processor.py:914} INFO - Processing file /opt/airflow/dags/pipeline.py for tasks to queue
[2026-09-10T16:17:45.759+0000] {logging_mixin.py:190} INFO - [2026-09-10T16:17:45.758+0000] {dagbag.py:588} INFO - Filling up the DagBag from /opt/airflow/dags/pipeline.py
[2026-09-10T16:17:45.787+0000] {processor.py:925} INFO - DAG(s) 'credit_risk_analysis_pipeline' retrieved from /opt/airflow/dags/pipeline.py
[2026-09-10T16:17:45.835+0000] {logging_mixin.py:190} INFO - [2026-09-10T16:17:45.835+0000] {dag.py:3239} INFO - Sync 1 DAGs
[2026-09-10T16:17:45.866+0000] {logging_mixin.py:190} INFO - [2026-09-10T16:17:45.866+0000] {dag.py:4180} INFO - Setting next_dagrun for credit_risk_analysis_pipeline to None, run_after=None
[2026-09-10T16:17:45.915+0000] {processor.py:208} INFO - Processing /opt/airflow/dags/pipeline.py took 0.174 seconds
[2026-09-10T16:18:16.185+0000] {processor.py:186} INFO - Started process (PID=311) to work on /opt/airflow/dags/pipeline.py
[2026-09-10T16:18:16.188+0000] {processor.py:914} INFO - Processing file /opt/airflow/dags/pipeline.py for tasks to queue
[2026-09-10T16:18:16.191+0000] {logging_mixin.py:190} INFO - [2026-09-10T16:18:16.191+0000] {dagbag.py:588} INFO - Filling up the DagBag from /opt/airflow/dags/pipeline.py
[2026-09-10T16:18:16.224+0000] {processor.py:925} INFO - DAG(s) 'credit_risk_analysis_pipeline' retrieved from /opt/airflow/dags/pipeline.py
[2026-09-10T16:18:16.285+0000] {logging_mixin.py:190} INFO - [2026-09-10T16:18:16.285+0000] {dag.py:3239} INFO - Sync 1 DAGs
[2026-09-10T16:18:16.329+0000] {logging_mixin.py:190} INFO - [2026-09-10T16:18:16.328+0000] {dag.py:4180} INFO - Setting next_dagrun for credit_risk_analysis_pipeline to None, run_after=None
[2026-09-10T16:18:16.379+0000] {processor.py:208} INFO - Processing /opt/airflow/dags/pipeline.py took 0.208 seconds
[2026-09-10T16:18:46.799+0000] {processor.py:186} INFO - Started process (PID=312) to work on /opt/airflow/dags/pipeline.py
[2026-09-10T16:18:46.802+0000] {processor.py:914} INFO - Processing file /opt/airflow/dags/pipeline.py for tasks to queue
[2026-09-10T16:18:46.806+0000] {logging_mixin.py:190} INFO - [2026-09-10T16:18:46.805+0000] {dagbag.py:588} INFO - Filling up the DagBag from /opt/airflow/dags/pipeline.py
[2026-09-10T16:18:46.839+0000] {processor.py:925} INFO - DAG(s) 'credit_risk_analysis_pipeline' retrieved from /opt/airflow/dags/pipeline.py
[2026-09-10T16:18:46.890+0000] {logging_mixin.py:190} INFO - [2026-09-10T16:18:46.890+0000] {dag.py:3239} INFO - Sync 1 DAGs
[2026-09-10T16:18:46.918+0000] {logging_mixin.py:190} INFO - [2026-09-10T16:18:46.918+0000] {dag.py:4180} INFO - Setting next_dagrun for credit_risk_analysis_pipeline to None, run_after=None
[2026-09-10T16:18:46.959+0000] {processor.py:208} INFO - Processing /opt/airflow/dags/pipeline.py took 0.170 seconds
[2026-09-10T16:19:17.171+0000] {processor.py:186} INFO - Started process (PID=313) to work on /opt/airflow/dags/pipeline.py
[2026-09-10T16:19:17.174+0000] {processor.py:914} INFO - Processing file /opt/airflow/dags/pipeline.py for tasks to queue
[2026-09-10T16:19:17.177+0000] {logging_mixin.py:190} INFO - [2026-09-10T16:19:17.176+0000] {dagbag.py:588} INFO - Filling up the DagBag from /opt/airflow/dags/pipeline.py
[2026-09-10T16:19:17.210+0000] {processor.py:925} INFO - DAG(s) 'credit_risk_analysis_pipeline' retrieved from /opt/airflow/dags/pipeline.py
[2026-09-10T16:19:17.263+0000] {logging_mixin.py:190} INFO - [2026-09-10T16:19:17.262+0000] {dag.py:3239} INFO - Sync 1 DAGs
[2026-09-10T16:19:17.295+0000] {logging_mixin.py:190} INFO - [2026-09-10T16:19:17.294+0000] {dag.py:4180} INFO - Setting next_dagrun for credit_risk_analysis_pipeline to None, run_after=None
[2026-09-10T16:19:17.343+0000] {processor.py:208} INFO - Processing /opt/airflow/dags/pipeline.py took 0.184 seconds
[2026-09-10T16:19:47.721+0000] {processor.py:186} INFO - Started process (PID=314) to work on /opt/airflow/dags/pipeline.py
[2026-09-10T16:19:47.723+0000] {processor.py:914} INFO - Processing file /opt/airflow/dags/pipeline.py for tasks to queue
[2026-09-10T16:19:47.727+0000] {logging_mixin.py:190} INFO - [2026-09-10T16:19:47.726+0000] {dagbag.py:588} INFO - Filling up the DagBag from /opt/airflow/dags/pipeline.py
[2026-09-10T16:19:47.758+0000] {processor.py:925} INFO - DAG(s) 'credit_risk_analysis_pipeline' retrieved from /opt/airflow/dags/pipeline.py
[2026-09-10T16:19:47.811+0000] {logging_mixin.py:190} INFO - [2026-09-10T16:19:47.810+0000] {dag.py:3239} INFO - Sync 1 DAGs
[2026-09-10T16:19:47.843+0000] {logging_mixin.py:190} INFO - [2026-09-10T16:19:47.842+0000] {dag.py:4180} INFO - Setting next_dagrun for credit_risk_analysis_pipeline to None, run_after=None
[2026-09-10T16:19:47.882+0000] {processor.py:208} INFO - Processing /opt/airflow/dags/pipeline.py took 0.174 seconds
[2026-09-10T16:20:18.114+0000] {processor.py:186} INFO - Started process (PID=315) to work on /opt/airflow/dags/pipeline.py
[2026-09-10T16:20:18.116+0000] {processor.py:914} INFO - Processing file /opt/airflow/dags/pipeline.py for tasks to queue
[2026-09-10T16:20:18.121+0000] {logging_mixin.py:190} INFO - [2026-09-10T16:20:18.121+0000] {dagbag.py:588} INFO - Filling up the DagBag from /opt/airflow/dags/pipeline.py
[2026-09-10T16:20:18.152+0000] {processor.py:925} INFO - DAG(s) 'credit_risk_analysis_pipeline' retrieved from /opt/airflow/dags/pipeline.py
[2026-09-10T16:20:18.208+0000] {logging_mixin.py:190} INFO - [2026-09-10T16:20:18.208+0000] {dag.py:3239} INFO - Sync 1 DAGs
[2026-09-10T16:20:18.240+0000] {logging_mixin.py:190} INFO - [2026-09-10T16:20:18.240+0000] {dag.py:4180} INFO - Setting next_dagrun for credit_risk_analysis_pipeline to None, run_after=None
[2026-09-10T16:20:18.292+0000] {processor.py:208} INFO - Processing /opt/airflow/dags/pipeline.py took 0.189 seconds
[2026-09-10T16:20:48.602+0000] {processor.py:186} INFO - Started process (PID=316) to work on /opt/airflow/dags/pipeline.py
[2026-09-10T16:20:48.605+0000] {processor.py:914} INFO - Processing file /opt/airflow/dags/pipeline.py for tasks to queue
[2026-09-10T16:20:48.608+0000] {logging_mixin.py:190} INFO - [2026-09-10T16:20:48.607+0000] {dagbag.py:588} INFO - Filling up the DagBag from /opt/airflow/dags/pipeline.py
[2026-09-10T16:20:48.639+0000] {processor.py:925} INFO - DAG(s) 'credit_risk_analysis_pipeline' retrieved from /opt/airflow/dags/pipeline.py
[2026-09-10T16:20:48.684+0000] {logging_mixin.py:190} INFO - [2026-09-10T16:20:48.684+0000] {dag.py:3239} INFO - Sync 1 DAGs
[2026-09-10T16:20:48.711+0000] {logging_mixin.py:190} INFO - [2026-09-10T16:20:48.711+0000] {dag.py:4180} INFO - Setting next_dagrun for credit_risk_analysis_pipeline to None, run_after=None
[2026-09-10T16:20:48.761+0000] {processor.py:208} INFO - Processing /opt/airflow/dags/pipeline.py took 0.172 seconds
[2026-09-10T16:21:19.000+0000] {processor.py:186} INFO - Started process (PID=317) to work on /opt/airflow/dags/pipeline.py
[2026-09-10T16:21:19.002+0000] {processor.py:914} INFO - Processing file /opt/airflow/dags/pipeline.py for tasks to queue
[2026-09-10T16:21:19.005+0000] {logging_mixin.py:190} INFO - [2026-09-10T16:21:19.004+0000] {dagbag.py:588} INFO - Filling up the DagBag from /opt/airflow/dags/pipeline.py
[2026-09-10T16:21:19.034+0000] {processor.py:925} INFO - DAG(s) 'credit_risk_analysis_pipeline' retrieved from /opt/airflow/dags/pipeline.py
[2026-09-10T16:21:19.083+0000] {logging_mixin.py:190} INFO - [2026-09-10T16:21:19.082+0000] {dag.py:3239} INFO - Sync 1 DAGs
[2026-09-10T16:21:19.112+0000] {logging_mixin.py:190} INFO - [2026-09-10T16:21:19.112+0000] {dag.py:4180} INFO - Setting next_dagrun for credit_risk_analysis_pipeline to None, run_after=None
[2026-09-10T16:21:19.148+0000] {processor.py:208} INFO - Processing /opt/airflow/dags/pipeline.py took 0.164 seconds
[2026-09-10T16:21:49.453+0000] {processor.py:186} INFO - Started process (PID=318) to work on /opt/airflow/dags/pipeline.py
[2026-09-10T16:21:49.455+0000] {processor.py:914} INFO - Processing file /opt/airflow/dags/pipeline.py for tasks to queue
[2026-09-10T16:21:49.458+0000] {logging_mixin.py:190} INFO - [2026-09-10T16:21:49.458+0000] {dagbag.py:588} INFO - Filling up the DagBag from /opt/airflow/dags/pipeline.py
[2026-09-10T16:21:49.486+0000] {processor.py:925} INFO - DAG(s) 'credit_risk_analysis_pipeline' retrieved from /opt/airflow/dags/pipeline.py
[2026-09-10T16:21:49.531+0000] {logging_mixin.py:190} INFO - [2026-09-10T16:21:49.530+0000] {dag.py:3239} INFO - Sync 1 DAGs
[2026-09-10T16:21:49.558+0000] {logging_mixin.py:190} INFO - [2026-09-10T16:21:49.558+0000] {dag.py:4180} INFO - Setting next_dagrun for credit_risk_analysis_pipeline to None, run_after=None
[2026-09-10T16:21:49.605+0000] {processor.py:208} INFO - Processing /opt/airflow/dags/pipeline.py took 0.164 seconds
[2026-09-10T16:22:19.938+0000] {processor.py:186} INFO - Started process (PID=319) to work on /opt/airflow/dags/pipeline.py
[2026-09-10T16:22:19.943+0000] {processor.py:914} INFO - Processing file /opt/airflow/dags/pipeline.py for tasks to queue
[2026-09-10T16:22:19.947+0000] {logging_mixin.py:190} INFO - [2026-09-10T16:22:19.946+0000] {dagbag.py:588} INFO - Filling up the DagBag from /opt/airflow/dags/pipeline.py
[2026-09-10T16:22:19.983+0000] {processor.py:925} INFO - DAG(s) 'credit_risk_analysis_pipeline' retrieved from /opt/airflow/dags/pipeline.py
[2026-09-10T16:22:20.109+0000] {logging_mixin.py:190} INFO - [2026-09-10T16:22:20.108+0000] {dag.py:3239} INFO - Sync 1 DAGs
[2026-09-10T16:22:20.175+0000] {logging_mixin.py:190} INFO - [2026-09-10T16:22:20.175+0000] {dag.py:4180} INFO - Setting next_dagrun for credit_risk_analysis_pipeline to None, run_after=None
[2026-09-10T16:22:20.239+0000] {processor.py:208} INFO - Processing /opt/airflow/dags/pipeline.py took 0.328 seconds
[2026-09-10T16:22:50.393+0000] {processor.py:186} INFO - Started process (PID=320) to work on /opt/airflow/dags/pipeline.py
[2026-09-10T16:22:50.400+0000] {processor.py:914} INFO - Processing file /opt/airflow/dags/pipeline.py for tasks to queue
[2026-09-10T16:22:50.404+0000] {logging_mixin.py:190} INFO - [2026-09-10T16:22:50.403+0000] {dagbag.py:588} INFO - Filling up the DagBag from /opt/airflow/dags/pipeline.py
[2026-09-10T16:22:50.440+0000] {processor.py:925} INFO - DAG(s) 'credit_risk_analysis_pipeline' retrieved from /opt/airflow/dags/pipeline.py
[2026-09-10T16:22:50.523+0000] {logging_mixin.py:190} INFO - [2026-09-10T16:22:50.522+0000] {dag.py:3239} INFO - Sync 1 DAGs
[2026-09-10T16:22:50.580+0000] {logging_mixin.py:190} INFO - [2026-09-10T16:22:50.580+0000] {dag.py:4180} INFO - Setting next_dagrun for credit_risk_analysis_pipeline to None, run_after=None
[2026-09-10T16:22:50.630+0000] {processor.py:208} INFO - Processing /opt/airflow/dags/pipeline.py took 0.252 seconds
[2026-09-10T16:23:21.049+0000] {processor.py:186} INFO - Started process (PID=321) to work on /opt/airflow/dags/pipeline.py
[2026-09-10T16:23:21.052+0000] {processor.py:914} INFO - Processing file /opt/airflow/dags/pipeline.py for tasks to queue
[2026-09-10T16:23:21.057+0000] {logging_mixin.py:190} INFO - [2026-09-10T16:23:21.056+0000] {dagbag.py:588} INFO - Filling up the DagBag from /opt/airflow/dags/pipeline.py
[2026-09-10T16:23:21.105+0000] {processor.py:925} INFO - DAG(s) 'credit_risk_analysis_pipeline' retrieved from /opt/airflow/dags/pipeline.py
[2026-09-10T16:23:21.173+0000] {logging_mixin.py:190} INFO - [2026-09-10T16:23:21.172+0000] {dag.py:3239} INFO - Sync 1 DAGs
[2026-09-10T16:23:21.222+0000] {logging_mixin.py:190} INFO - [2026-09-10T16:23:21.222+0000] {dag.py:4180} INFO - Setting next_dagrun for credit_risk_analysis_pipeline to None, run_after=None
[2026-09-10T16:23:21.273+0000] {processor.py:208} INFO - Processing /opt/airflow/dags/pipeline.py took 0.246 seconds
[2026-09-10T16:23:51.511+0000] {processor.py:186} INFO - Started process (PID=322) to work on /opt/airflow/dags/pipeline.py
[2026-09-10T16:23:51.515+0000] {processor.py:914} INFO - Processing file /opt/airflow/dags/pipeline.py for tasks to queue
[2026-09-10T16:23:51.520+0000] {logging_mixin.py:190} INFO - [2026-09-10T16:23:51.519+0000] {dagbag.py:588} INFO - Filling up the DagBag from /opt/airflow/dags/pipeline.py
[2026-09-10T16:23:51.555+0000] {processor.py:925} INFO - DAG(s) 'credit_risk_analysis_pipeline' retrieved from /opt/airflow/dags/pipeline.py
[2026-09-10T16:23:51.615+0000] {logging_mixin.py:190} INFO - [2026-09-10T16:23:51.615+0000] {dag.py:3239} INFO - Sync 1 DAGs
[2026-09-10T16:23:51.647+0000] {logging_mixin.py:190} INFO - [2026-09-10T16:23:51.647+0000] {dag.py:4180} INFO - Setting next_dagrun for credit_risk_analysis_pipeline to None, run_after=None
[2026-09-10T16:23:51.698+0000] {processor.py:208} INFO - Processing /opt/airflow/dags/pipeline.py took 0.202 seconds
[2026-09-10T16:24:21.999+0000] {processor.py:186} INFO - Started process (PID=323) to work on /opt/airflow/dags/pipeline.py
[2026-09-10T16:24:22.003+0000] {processor.py:914} INFO - Processing file /opt/airflow/dags/pipeline.py for tasks to queue
[2026-09-10T16:24:22.007+0000] {logging_mixin.py:190} INFO - [2026-09-10T16:24:22.006+0000] {dagbag.py:588} INFO - Filling up the DagBag from /opt/airflow/dags/pipeline.py
[2026-09-10T16:24:22.040+0000] {processor.py:925} INFO - DAG(s) 'credit_risk_analysis_pipeline' retrieved from /opt/airflow/dags/pipeline.py
[2026-09-10T16:24:22.094+0000] {logging_mixin.py:190} INFO - [2026-09-10T16:24:22.094+0000] {dag.py:3239} INFO - Sync 1 DAGs
[2026-09-10T16:24:22.128+0000] {logging_mixin.py:190} INFO - [2026-09-10T16:24:22.128+0000] {dag.py:4180} INFO - Setting next_dagrun for credit_risk_analysis_pipeline to None, run_after=None
[2026-09-10T16:24:22.178+0000] {processor.py:208} INFO - Processing /opt/airflow/dags/pipeline.py took 0.191 seconds
[2026-09-10T16:24:52.422+0000] {processor.py:186} INFO - Started process (PID=324) to work on /opt/airflow/dags/pipeline.py
[2026-09-10T16:24:52.425+0000] {processor.py:914} INFO - Processing file /opt/airflow/dags/pipeline.py for tasks to queue
[2026-09-10T16:24:52.428+0000] {logging_mixin.py:190} INFO - [2026-09-10T16:24:52.428+0000] {dagbag.py:588} INFO - Filling up the DagBag from /opt/airflow/dags/pipeline.py
[2026-09-10T16:24:52.458+0000] {processor.py:925} INFO - DAG(s) 'credit_risk_analysis_pipeline' retrieved from /opt/airflow/dags/pipeline.py
[2026-09-10T16:24:52.516+0000] {logging_mixin.py:190} INFO - [2026-09-10T16:24:52.515+0000] {dag.py:3239} INFO - Sync 1 DAGs
[2026-09-10T16:24:52.543+0000] {logging_mixin.py:190} INFO - [2026-09-10T16:24:52.543+0000] {dag.py:4180} INFO - Setting next_dagrun for credit_risk_analysis_pipeline to None, run_after=None
[2026-09-10T16:24:52.595+0000] {processor.py:208} INFO - Processing /opt/airflow/dags/pipeline.py took 0.188 seconds
[2026-09-10T16:25:22.909+0000] {processor.py:186} INFO - Started process (PID=325) to work on /opt/airflow/dags/pipeline.py
[2026-09-10T16:25:22.911+0000] {processor.py:914} INFO - Processing file /opt/airflow/dags/pipeline.py for tasks to queue
[2026-09-10T16:25:22.914+0000] {logging_mixin.py:190} INFO - [2026-09-10T16:25:22.914+0000] {dagbag.py:588} INFO - Filling up the DagBag from /opt/airflow/dags/pipeline.py
[2026-09-10T16:25:22.945+0000] {processor.py:925} INFO - DAG(s) 'credit_risk_analysis_pipeline' retrieved from /opt/airflow/dags/pipeline.py
[2026-09-10T16:25:23.012+0000] {logging_mixin.py:190} INFO - [2026-09-10T16:25:23.009+0000] {dag.py:3239} INFO - Sync 1 DAGs
[2026-09-10T16:25:23.061+0000] {logging_mixin.py:190} INFO - [2026-09-10T16:25:23.060+0000] {dag.py:4180} INFO - Setting next_dagrun for credit_risk_analysis_pipeline to None, run_after=None
[2026-09-10T16:25:23.102+0000] {processor.py:208} INFO - Processing /opt/airflow/dags/pipeline.py took 0.208 seconds
[2026-09-10T16:25:53.348+0000] {processor.py:186} INFO - Started process (PID=326) to work on /opt/airflow/dags/pipeline.py
[2026-09-10T16:25:53.350+0000] {processor.py:914} INFO - Processing file /opt/airflow/dags/pipeline.py for tasks to queue
[2026-09-10T16:25:53.354+0000] {logging_mixin.py:190} INFO - [2026-09-10T16:25:53.353+0000] {dagbag.py:588} INFO - Filling up the DagBag from /opt/airflow/dags/pipeline.py
[2026-09-10T16:25:53.390+0000] {processor.py:925} INFO - DAG(s) 'credit_risk_analysis_pipeline' retrieved from /opt/airflow/dags/pipeline.py
[2026-09-10T16:25:53.446+0000] {logging_mixin.py:190} INFO - [2026-09-10T16:25:53.446+0000] {dag.py:3239} INFO - Sync 1 DAGs
[2026-09-10T16:25:53.480+0000] {logging_mixin.py:190} INFO - [2026-09-10T16:25:53.480+0000] {dag.py:4180} INFO - Setting next_dagrun for credit_risk_analysis_pipeline to None, run_after=None
[2026-09-10T16:25:53.533+0000] {processor.py:208} INFO - Processing /opt/airflow/dags/pipeline.py took 0.197 seconds
[2026-09-10T16:26:23.853+0000] {processor.py:186} INFO - Started process (PID=327) to work on /opt/airflow/dags/pipeline.py
[2026-09-10T16:26:23.856+0000] {processor.py:914} INFO - Processing file /opt/airflow/dags/pipeline.py for tasks to queue
[2026-09-10T16:26:23.860+0000] {logging_mixin.py:190} INFO - [2026-09-10T16:26:23.859+0000] {dagbag.py:588} INFO - Filling up the DagBag from /opt/airflow/dags/pipeline.py
[2026-09-10T16:26:23.887+0000] {processor.py:925} INFO - DAG(s) 'credit_risk_analysis_pipeline' retrieved from /opt/airflow/dags/pipeline.py
[2026-09-10T16:26:23.936+0000] {logging_mixin.py:190} INFO - [2026-09-10T16:26:23.936+0000] {dag.py:3239} INFO - Sync 1 DAGs
[2026-09-10T16:26:23.964+0000] {logging_mixin.py:190} INFO - [2026-09-10T16:26:23.964+0000] {dag.py:4180} INFO - Setting next_dagrun for credit_risk_analysis_pipeline to None, run_after=None
[2026-09-10T16:26:24.013+0000] {processor.py:208} INFO - Processing /opt/airflow/dags/pipeline.py took 0.174 seconds
[2026-09-10T16:26:54.351+0000] {processor.py:186} INFO - Started process (PID=328) to work on /opt/airflow/dags/pipeline.py
[2026-09-10T16:26:54.354+0000] {processor.py:914} INFO - Processing file /opt/airflow/dags/pipeline.py for tasks to queue
[2026-09-10T16:26:54.357+0000] {logging_mixin.py:190} INFO - [2026-09-10T16:26:54.357+0000] {dagbag.py:588} INFO - Filling up the DagBag from /opt/airflow/dags/pipeline.py
[2026-09-10T16:26:54.386+0000] {processor.py:925} INFO - DAG(s) 'credit_risk_analysis_pipeline' retrieved from /opt/airflow/dags/pipeline.py
[2026-09-10T16:26:54.436+0000] {logging_mixin.py:190} INFO - [2026-09-10T16:26:54.436+0000] {dag.py:3239} INFO - Sync 1 DAGs
[2026-09-10T16:26:54.465+0000] {logging_mixin.py:190} INFO - [2026-09-10T16:26:54.465+0000] {dag.py:4180} INFO - Setting next_dagrun for credit_risk_analysis_pipeline to None, run_after=None
[2026-09-10T16:26:54.515+0000] {processor.py:208} INFO - Processing /opt/airflow/dags/pipeline.py took 0.176 seconds
[2026-09-10T16:27:24.749+0000] {processor.py:186} INFO - Started process (PID=329) to work on /opt/airflow/dags/pipeline.py
[2026-09-10T16:27:24.751+0000] {processor.py:914} INFO - Processing file /opt/airflow/dags/pipeline.py for tasks to queue
[2026-09-10T16:27:24.754+0000] {logging_mixin.py:190} INFO - [2026-09-10T16:27:24.754+0000] {dagbag.py:588} INFO - Filling up the DagBag from /opt/airflow/dags/pipeline.py
[2026-09-10T16:27:24.788+0000] {processor.py:925} INFO - DAG(s) 'credit_risk_analysis_pipeline' retrieved from /opt/airflow/dags/pipeline.py
[2026-09-10T16:27:24.844+0000] {logging_mixin.py:190} INFO - [2026-09-10T16:27:24.844+0000] {dag.py:3239} INFO - Sync 1 DAGs
[2026-09-10T16:27:24.876+0000] {logging_mixin.py:190} INFO - [2026-09-10T16:27:24.876+0000] {dag.py:4180} INFO - Setting next_dagrun for credit_risk_analysis_pipeline to None, run_after=None
[2026-09-10T16:27:24.936+0000] {processor.py:208} INFO - Processing /opt/airflow/dags/pipeline.py took 0.197 seconds
[2026-09-10T16:27:55.219+0000] {processor.py:186} INFO - Started process (PID=330) to work on /opt/airflow/dags/pipeline.py
[2026-09-10T16:27:55.222+0000] {processor.py:914} INFO - Processing file /opt/airflow/dags/pipeline.py for tasks to queue
[2026-09-10T16:27:55.225+0000] {logging_mixin.py:190} INFO - [2026-09-10T16:27:55.225+0000] {dagbag.py:588} INFO - Filling up the DagBag from /opt/airflow/dags/pipeline.py
[2026-09-10T16:27:55.261+0000] {processor.py:925} INFO - DAG(s) 'credit_risk_analysis_pipeline' retrieved from /opt/airflow/dags/pipeline.py
[2026-09-10T16:27:55.313+0000] {logging_mixin.py:190} INFO - [2026-09-10T16:27:55.313+0000] {dag.py:3239} INFO - Sync 1 DAGs
[2026-09-10T16:27:55.345+0000] {logging_mixin.py:190} INFO - [2026-09-10T16:27:55.344+0000] {dag.py:4180} INFO - Setting next_dagrun for credit_risk_analysis_pipeline to None, run_after=None
[2026-09-10T16:27:55.394+0000] {processor.py:208} INFO - Processing /opt/airflow/dags/pipeline.py took 0.186 seconds
[2026-09-10T16:28:25.665+0000] {processor.py:186} INFO - Started process (PID=331) to work on /opt/airflow/dags/pipeline.py
[2026-09-10T16:28:25.667+0000] {processor.py:914} INFO - Processing file /opt/airflow/dags/pipeline.py for tasks to queue
[2026-09-10T16:28:25.670+0000] {logging_mixin.py:190} INFO - [2026-09-10T16:28:25.670+0000] {dagbag.py:588} INFO - Filling up the DagBag from /opt/airflow/dags/pipeline.py
[2026-09-10T16:28:25.705+0000] {processor.py:925} INFO - DAG(s) 'credit_risk_analysis_pipeline' retrieved from /opt/airflow/dags/pipeline.py
[2026-09-10T16:28:25.759+0000] {logging_mixin.py:190} INFO - [2026-09-10T16:28:25.758+0000] {dag.py:3239} INFO - Sync 1 DAGs
[2026-09-10T16:28:25.787+0000] {logging_mixin.py:190} INFO - [2026-09-10T16:28:25.787+0000] {dag.py:4180} INFO - Setting next_dagrun for credit_risk_analysis_pipeline to None, run_after=None
[2026-09-10T16:28:25.836+0000] {processor.py:208} INFO - Processing /opt/airflow/dags/pipeline.py took 0.182 seconds
[2026-09-10T16:28:56.162+0000] {processor.py:186} INFO - Started process (PID=332) to work on /opt/airflow/dags/pipeline.py
[2026-09-10T16:28:56.164+0000] {processor.py:914} INFO - Processing file /opt/airflow/dags/pipeline.py for tasks to queue
[2026-09-10T16:28:56.167+0000] {logging_mixin.py:190} INFO - [2026-09-10T16:28:56.166+0000] {dagbag.py:588} INFO - Filling up the DagBag from /opt/airflow/dags/pipeline.py
[2026-09-10T16:28:56.200+0000] {processor.py:925} INFO - DAG(s) 'credit_risk_analysis_pipeline' retrieved from /opt/airflow/dags/pipeline.py
[2026-09-10T16:28:56.250+0000] {logging_mixin.py:190} INFO - [2026-09-10T16:28:56.250+0000] {dag.py:3239} INFO - Sync 1 DAGs
[2026-09-10T16:28:56.280+0000] {logging_mixin.py:190} INFO - [2026-09-10T16:28:56.279+0000] {dag.py:4180} INFO - Setting next_dagrun for credit_risk_analysis_pipeline to None, run_after=None
[2026-09-10T16:28:56.329+0000] {processor.py:208} INFO - Processing /opt/airflow/dags/pipeline.py took 0.182 seconds
[2026-09-10T16:29:26.549+0000] {processor.py:186} INFO - Started process (PID=333) to work on /opt/airflow/dags/pipeline.py
[2026-09-10T16:29:26.552+0000] {processor.py:914} INFO - Processing file /opt/airflow/dags/pipeline.py for tasks to queue
[2026-09-10T16:29:26.556+0000] {logging_mixin.py:190} INFO - [2026-09-10T16:29:26.555+0000] {dagbag.py:588} INFO - Filling up the DagBag from /opt/airflow/dags/pipeline.py
[2026-09-10T16:29:26.589+0000] {processor.py:925} INFO - DAG(s) 'credit_risk_analysis_pipeline' retrieved from /opt/airflow/dags/pipeline.py
[2026-09-10T16:29:26.644+0000] {logging_mixin.py:190} INFO - [2026-09-10T16:29:26.644+0000] {dag.py:3239} INFO - Sync 1 DAGs
[2026-09-10T16:29:26.677+0000] {logging_mixin.py:190} INFO - [2026-09-10T16:29:26.677+0000] {dag.py:4180} INFO - Setting next_dagrun for credit_risk_analysis_pipeline to None, run_after=None
[2026-09-10T16:29:26.729+0000] {processor.py:208} INFO - Processing /opt/airflow/dags/pipeline.py took 0.193 seconds
[2026-09-10T16:29:57.135+0000] {processor.py:186} INFO - Started process (PID=334) to work on /opt/airflow/dags/pipeline.py
[2026-09-10T16:29:57.138+0000] {processor.py:914} INFO - Processing file /opt/airflow/dags/pipeline.py for tasks to queue
[2026-09-10T16:29:57.141+0000] {logging_mixin.py:190} INFO - [2026-09-10T16:29:57.141+0000] {dagbag.py:588} INFO - Filling up the DagBag from /opt/airflow/dags/pipeline.py
[2026-09-10T16:29:57.170+0000] {processor.py:925} INFO - DAG(s) 'credit_risk_analysis_pipeline' retrieved from /opt/airflow/dags/pipeline.py
[2026-09-10T16:29:57.221+0000] {logging_mixin.py:190} INFO - [2026-09-10T16:29:57.221+0000] {dag.py:3239} INFO - Sync 1 DAGs
[2026-09-10T16:29:57.255+0000] {logging_mixin.py:190} INFO - [2026-09-10T16:29:57.254+0000] {dag.py:4180} INFO - Setting next_dagrun for credit_risk_analysis_pipeline to None, run_after=None
[2026-09-10T16:29:57.298+0000] {processor.py:208} INFO - Processing /opt/airflow/dags/pipeline.py took 0.174 seconds
[2026-09-10T16:30:27.509+0000] {processor.py:186} INFO - Started process (PID=335) to work on /opt/airflow/dags/pipeline.py
[2026-09-10T16:30:27.512+0000] {processor.py:914} INFO - Processing file /opt/airflow/dags/pipeline.py for tasks to queue
[2026-09-10T16:30:27.515+0000] {logging_mixin.py:190} INFO - [2026-09-10T16:30:27.514+0000] {dagbag.py:588} INFO - Filling up the DagBag from /opt/airflow/dags/pipeline.py
[2026-09-10T16:30:27.552+0000] {processor.py:925} INFO - DAG(s) 'credit_risk_analysis_pipeline' retrieved from /opt/airflow/dags/pipeline.py
[2026-09-10T16:30:27.608+0000] {logging_mixin.py:190} INFO - [2026-09-10T16:30:27.607+0000] {dag.py:3239} INFO - Sync 1 DAGs
[2026-09-10T16:30:27.640+0000] {logging_mixin.py:190} INFO - [2026-09-10T16:30:27.640+0000] {dag.py:4180} INFO - Setting next_dagrun for credit_risk_analysis_pipeline to None, run_after=None
[2026-09-10T16:30:27.691+0000] {processor.py:208} INFO - Processing /opt/airflow/dags/pipeline.py took 0.193 seconds
[2026-09-10T16:30:58.077+0000] {processor.py:186} INFO - Started process (PID=336) to work on /opt/airflow/dags/pipeline.py
[2026-09-10T16:30:58.080+0000] {processor.py:914} INFO - Processing file /opt/airflow/dags/pipeline.py for tasks to queue
[2026-09-10T16:30:58.083+0000] {logging_mixin.py:190} INFO - [2026-09-10T16:30:58.082+0000] {dagbag.py:588} INFO - Filling up the DagBag from /opt/airflow/dags/pipeline.py
[2026-09-10T16:30:58.116+0000] {processor.py:925} INFO - DAG(s) 'credit_risk_analysis_pipeline' retrieved from /opt/airflow/dags/pipeline.py
[2026-09-10T16:30:58.169+0000] {logging_mixin.py:190} INFO - [2026-09-10T16:30:58.168+0000] {dag.py:3239} INFO - Sync 1 DAGs
[2026-09-10T16:30:58.205+0000] {logging_mixin.py:190} INFO - [2026-09-10T16:30:58.205+0000] {dag.py:4180} INFO - Setting next_dagrun for credit_risk_analysis_pipeline to None, run_after=None
[2026-09-10T16:30:58.252+0000] {processor.py:208} INFO - Processing /opt/airflow/dags/pipeline.py took 0.186 seconds
[2026-09-10T16:31:28.489+0000] {processor.py:186} INFO - Started process (PID=337) to work on /opt/airflow/dags/pipeline.py
[2026-09-10T16:31:28.492+0000] {processor.py:914} INFO - Processing file /opt/airflow/dags/pipeline.py for tasks to queue
[2026-09-10T16:31:28.495+0000] {logging_mixin.py:190} INFO - [2026-09-10T16:31:28.495+0000] {dagbag.py:588} INFO - Filling up the DagBag from /opt/airflow/dags/pipeline.py
[2026-09-10T16:31:28.529+0000] {processor.py:925} INFO - DAG(s) 'credit_risk_analysis_pipeline' retrieved from /opt/airflow/dags/pipeline.py
[2026-09-10T16:31:28.583+0000] {logging_mixin.py:190} INFO - [2026-09-10T16:31:28.583+0000] {dag.py:3239} INFO - Sync 1 DAGs
[2026-09-10T16:31:28.613+0000] {logging_mixin.py:190} INFO - [2026-09-10T16:31:28.612+0000] {dag.py:4180} INFO - Setting next_dagrun for credit_risk_analysis_pipeline to None, run_after=None
[2026-09-10T16:31:28.650+0000] {processor.py:208} INFO - Processing /opt/airflow/dags/pipeline.py took 0.172 seconds
[2026-09-10T16:31:58.948+0000] {processor.py:186} INFO - Started process (PID=338) to work on /opt/airflow/dags/pipeline.py
[2026-09-10T16:31:58.950+0000] {processor.py:914} INFO - Processing file /opt/airflow/dags/pipeline.py for tasks to queue
[2026-09-10T16:31:58.954+0000] {logging_mixin.py:190} INFO - [2026-09-10T16:31:58.953+0000] {dagbag.py:588} INFO - Filling up the DagBag from /opt/airflow/dags/pipeline.py
[2026-09-10T16:31:58.984+0000] {processor.py:925} INFO - DAG(s) 'credit_risk_analysis_pipeline' retrieved from /opt/airflow/dags/pipeline.py
[2026-09-10T16:31:59.037+0000] {logging_mixin.py:190} INFO - [2026-09-10T16:31:59.037+0000] {dag.py:3239} INFO - Sync 1 DAGs
[2026-09-10T16:31:59.072+0000] {logging_mixin.py:190} INFO - [2026-09-10T16:31:59.072+0000] {dag.py:4180} INFO - Setting next_dagrun for credit_risk_analysis_pipeline to None, run_after=None
[2026-09-10T16:31:59.111+0000] {processor.py:208} INFO - Processing /opt/airflow/dags/pipeline.py took 0.174 seconds
[2026-09-10T16:32:29.404+0000] {processor.py:186} INFO - Started process (PID=339) to work on /opt/airflow/dags/pipeline.py
[2026-09-10T16:32:29.408+0000] {processor.py:914} INFO - Processing file /opt/airflow/dags/pipeline.py for tasks to queue
[2026-09-10T16:32:29.415+0000] {logging_mixin.py:190} INFO - [2026-09-10T16:32:29.414+0000] {dagbag.py:588} INFO - Filling up the DagBag from /opt/airflow/dags/pipeline.py
[2026-09-10T16:32:29.452+0000] {processor.py:925} INFO - DAG(s) 'credit_risk_analysis_pipeline' retrieved from /opt/airflow/dags/pipeline.py
[2026-09-10T16:32:29.511+0000] {logging_mixin.py:190} INFO - [2026-09-10T16:32:29.510+0000] {dag.py:3239} INFO - Sync 1 DAGs
[2026-09-10T16:32:29.544+0000] {logging_mixin.py:190} INFO - [2026-09-10T16:32:29.543+0000] {dag.py:4180} INFO - Setting next_dagrun for credit_risk_analysis_pipeline to None, run_after=None
[2026-09-10T16:32:29.585+0000] {processor.py:208} INFO - Processing /opt/airflow/dags/pipeline.py took 0.201 seconds
[2026-09-10T16:32:59.821+0000] {processor.py:186} INFO - Started process (PID=340) to work on /opt/airflow/dags/pipeline.py
[2026-09-10T16:32:59.825+0000] {processor.py:914} INFO - Processing file /opt/airflow/dags/pipeline.py for tasks to queue
[2026-09-10T16:32:59.829+0000] {logging_mixin.py:190} INFO - [2026-09-10T16:32:59.828+0000] {dagbag.py:588} INFO - Filling up the DagBag from /opt/airflow/dags/pipeline.py
[2026-09-10T16:32:59.869+0000] {processor.py:925} INFO - DAG(s) 'credit_risk_analysis_pipeline' retrieved from /opt/airflow/dags/pipeline.py
[2026-09-10T16:32:59.937+0000] {logging_mixin.py:190} INFO - [2026-09-10T16:32:59.936+0000] {dag.py:3239} INFO - Sync 1 DAGs
[2026-09-10T16:32:59.971+0000] {logging_mixin.py:190} INFO - [2026-09-10T16:32:59.971+0000] {dag.py:4180} INFO - Setting next_dagrun for credit_risk_analysis_pipeline to None, run_after=None
[2026-09-10T16:33:00.036+0000] {processor.py:208} INFO - Processing /opt/airflow/dags/pipeline.py took 0.231 seconds
[2026-09-10T16:33:30.336+0000] {processor.py:186} INFO - Started process (PID=341) to work on /opt/airflow/dags/pipeline.py
[2026-09-10T16:33:30.339+0000] {processor.py:914} INFO - Processing file /opt/airflow/dags/pipeline.py for tasks to queue
[2026-09-10T16:33:30.342+0000] {logging_mixin.py:190} INFO - [2026-09-10T16:33:30.342+0000] {dagbag.py:588} INFO - Filling up the DagBag from /opt/airflow/dags/pipeline.py
[2026-09-10T16:33:30.374+0000] {processor.py:925} INFO - DAG(s) 'credit_risk_analysis_pipeline' retrieved from /opt/airflow/dags/pipeline.py
[2026-09-10T16:33:30.432+0000] {logging_mixin.py:190} INFO - [2026-09-10T16:33:30.432+0000] {dag.py:3239} INFO - Sync 1 DAGs
[2026-09-10T16:33:30.476+0000] {logging_mixin.py:190} INFO - [2026-09-10T16:33:30.476+0000] {dag.py:4180} INFO - Setting next_dagrun for credit_risk_analysis_pipeline to None, run_after=None
[2026-09-10T16:33:30.544+0000] {processor.py:208} INFO - Processing /opt/airflow/dags/pipeline.py took 0.227 seconds
[2026-09-10T16:34:00.877+0000] {processor.py:186} INFO - Started process (PID=342) to work on /opt/airflow/dags/pipeline.py
[2026-09-10T16:34:00.880+0000] {processor.py:914} INFO - Processing file /opt/airflow/dags/pipeline.py for tasks to queue
[2026-09-10T16:34:00.884+0000] {logging_mixin.py:190} INFO - [2026-09-10T16:34:00.883+0000] {dagbag.py:588} INFO - Filling up the DagBag from /opt/airflow/dags/pipeline.py
[2026-09-10T16:34:00.918+0000] {processor.py:925} INFO - DAG(s) 'credit_risk_analysis_pipeline' retrieved from /opt/airflow/dags/pipeline.py
[2026-09-10T16:34:00.992+0000] {logging_mixin.py:190} INFO - [2026-09-10T16:34:00.991+0000] {dag.py:3239} INFO - Sync 1 DAGs
[2026-09-10T16:34:01.042+0000] {logging_mixin.py:190} INFO - [2026-09-10T16:34:01.041+0000] {dag.py:4180} INFO - Setting next_dagrun for credit_risk_analysis_pipeline to None, run_after=None
[2026-09-10T16:34:01.097+0000] {processor.py:208} INFO - Processing /opt/airflow/dags/pipeline.py took 0.237 seconds
[2026-09-10T16:34:31.323+0000] {processor.py:186} INFO - Started process (PID=343) to work on /opt/airflow/dags/pipeline.py
[2026-09-10T16:34:31.326+0000] {processor.py:914} INFO - Processing file /opt/airflow/dags/pipeline.py for tasks to queue
[2026-09-10T16:34:31.329+0000] {logging_mixin.py:190} INFO - [2026-09-10T16:34:31.329+0000] {dagbag.py:588} INFO - Filling up the DagBag from /opt/airflow/dags/pipeline.py
[2026-09-10T16:34:31.367+0000] {processor.py:925} INFO - DAG(s) 'credit_risk_analysis_pipeline' retrieved from /opt/airflow/dags/pipeline.py
[2026-09-10T16:34:31.424+0000] {logging_mixin.py:190} INFO - [2026-09-10T16:34:31.423+0000] {dag.py:3239} INFO - Sync 1 DAGs
[2026-09-10T16:34:31.456+0000] {logging_mixin.py:190} INFO - [2026-09-10T16:34:31.455+0000] {dag.py:4180} INFO - Setting next_dagrun for credit_risk_analysis_pipeline to None, run_after=None
[2026-09-10T16:34:31.508+0000] {processor.py:208} INFO - Processing /opt/airflow/dags/pipeline.py took 0.197 seconds
[2026-09-10T16:35:01.828+0000] {processor.py:186} INFO - Started process (PID=344) to work on /opt/airflow/dags/pipeline.py
[2026-09-10T16:35:01.830+0000] {processor.py:914} INFO - Processing file /opt/airflow/dags/pipeline.py for tasks to queue
[2026-09-10T16:35:01.834+0000] {logging_mixin.py:190} INFO - [2026-09-10T16:35:01.834+0000] {dagbag.py:588} INFO - Filling up the DagBag from /opt/airflow/dags/pipeline.py
[2026-09-10T16:35:01.867+0000] {processor.py:925} INFO - DAG(s) 'credit_risk_analysis_pipeline' retrieved from /opt/airflow/dags/pipeline.py
[2026-09-10T16:35:01.917+0000] {logging_mixin.py:190} INFO - [2026-09-10T16:35:01.917+0000] {dag.py:3239} INFO - Sync 1 DAGs
[2026-09-10T16:35:01.948+0000] {logging_mixin.py:190} INFO - [2026-09-10T16:35:01.948+0000] {dag.py:4180} INFO - Setting next_dagrun for credit_risk_analysis_pipeline to None, run_after=None
[2026-09-10T16:35:01.999+0000] {processor.py:208} INFO - Processing /opt/airflow/dags/pipeline.py took 0.184 seconds
[2026-09-10T16:35:32.247+0000] {processor.py:186} INFO - Started process (PID=345) to work on /opt/airflow/dags/pipeline.py
[2026-09-10T16:35:32.249+0000] {processor.py:914} INFO - Processing file /opt/airflow/dags/pipeline.py for tasks to queue
[2026-09-10T16:35:32.253+0000] {logging_mixin.py:190} INFO - [2026-09-10T16:35:32.252+0000] {dagbag.py:588} INFO - Filling up the DagBag from /opt/airflow/dags/pipeline.py
[2026-09-10T16:35:32.289+0000] {processor.py:925} INFO - DAG(s) 'credit_risk_analysis_pipeline' retrieved from /opt/airflow/dags/pipeline.py
[2026-09-10T16:35:32.341+0000] {logging_mixin.py:190} INFO - [2026-09-10T16:35:32.341+0000] {dag.py:3239} INFO - Sync 1 DAGs
[2026-09-10T16:35:32.371+0000] {logging_mixin.py:190} INFO - [2026-09-10T16:35:32.371+0000] {dag.py:4180} INFO - Setting next_dagrun for credit_risk_analysis_pipeline to None, run_after=None
[2026-09-10T16:35:32.423+0000] {processor.py:208} INFO - Processing /opt/airflow/dags/pipeline.py took 0.188 seconds
[2026-09-10T16:36:02.729+0000] {processor.py:186} INFO - Started process (PID=346) to work on /opt/airflow/dags/pipeline.py
[2026-09-10T16:36:02.732+0000] {processor.py:914} INFO - Processing file /opt/airflow/dags/pipeline.py for tasks to queue
[2026-09-10T16:36:02.739+0000] {logging_mixin.py:190} INFO - [2026-09-10T16:36:02.736+0000] {dagbag.py:588} INFO - Filling up the DagBag from /opt/airflow/dags/pipeline.py
[2026-09-10T16:36:02.797+0000] {processor.py:925} INFO - DAG(s) 'credit_risk_analysis_pipeline' retrieved from /opt/airflow/dags/pipeline.py
[2026-09-10T16:36:02.870+0000] {logging_mixin.py:190} INFO - [2026-09-10T16:36:02.868+0000] {dag.py:3239} INFO - Sync 1 DAGs
[2026-09-10T16:36:02.923+0000] {logging_mixin.py:190} INFO - [2026-09-10T16:36:02.922+0000] {dag.py:4180} INFO - Setting next_dagrun for credit_risk_analysis_pipeline to None, run_after=None
[2026-09-10T16:36:03.001+0000] {processor.py:208} INFO - Processing /opt/airflow/dags/pipeline.py took 0.284 seconds
[2026-09-10T16:36:33.216+0000] {processor.py:186} INFO - Started process (PID=347) to work on /opt/airflow/dags/pipeline.py
[2026-09-10T16:36:33.219+0000] {processor.py:914} INFO - Processing file /opt/airflow/dags/pipeline.py for tasks to queue
[2026-09-10T16:36:33.224+0000] {logging_mixin.py:190} INFO - [2026-09-10T16:36:33.224+0000] {dagbag.py:588} INFO - Filling up the DagBag from /opt/airflow/dags/pipeline.py
[2026-09-10T16:36:33.257+0000] {processor.py:925} INFO - DAG(s) 'credit_risk_analysis_pipeline' retrieved from /opt/airflow/dags/pipeline.py
[2026-09-10T16:36:33.314+0000] {logging_mixin.py:190} INFO - [2026-09-10T16:36:33.314+0000] {dag.py:3239} INFO - Sync 1 DAGs
[2026-09-10T16:36:33.347+0000] {logging_mixin.py:190} INFO - [2026-09-10T16:36:33.347+0000] {dag.py:4180} INFO - Setting next_dagrun for credit_risk_analysis_pipeline to None, run_after=None
[2026-09-10T16:36:33.387+0000] {processor.py:208} INFO - Processing /opt/airflow/dags/pipeline.py took 0.184 seconds
[2026-09-10T16:37:03.759+0000] {processor.py:186} INFO - Started process (PID=348) to work on /opt/airflow/dags/pipeline.py
[2026-09-10T16:37:03.761+0000] {processor.py:914} INFO - Processing file /opt/airflow/dags/pipeline.py for tasks to queue
[2026-09-10T16:37:03.764+0000] {logging_mixin.py:190} INFO - [2026-09-10T16:37:03.764+0000] {dagbag.py:588} INFO - Filling up the DagBag from /opt/airflow/dags/pipeline.py
[2026-09-10T16:37:03.798+0000] {processor.py:925} INFO - DAG(s) 'credit_risk_analysis_pipeline' retrieved from /opt/airflow/dags/pipeline.py
[2026-09-10T16:37:03.854+0000] {logging_mixin.py:190} INFO - [2026-09-10T16:37:03.853+0000] {dag.py:3239} INFO - Sync 1 DAGs
[2026-09-10T16:37:03.889+0000] {logging_mixin.py:190} INFO - [2026-09-10T16:37:03.888+0000] {dag.py:4180} INFO - Setting next_dagrun for credit_risk_analysis_pipeline to None, run_after=None
[2026-09-10T16:37:03.933+0000] {processor.py:208} INFO - Processing /opt/airflow/dags/pipeline.py took 0.187 seconds
