[2026-09-11T12:08:32.481+0000] {processor.py:186} INFO - Started process (PID=41) to work on /opt/airflow/dags/pipeline.py
[2026-09-11T12:08:32.484+0000] {processor.py:914} INFO - Processing file /opt/airflow/dags/pipeline.py for tasks to queue
[2026-09-11T12:08:32.489+0000] {logging_mixin.py:190} INFO - [2026-09-11T12:08:32.489+0000] {dagbag.py:588} INFO - Filling up the DagBag from /opt/airflow/dags/pipeline.py
[2026-09-11T12:08:32.510+0000] {processor.py:925} INFO - DAG(s) 'credit_risk_analysis_pipeline' retrieved from /opt/airflow/dags/pipeline.py
[2026-09-11T12:08:32.572+0000] {logging_mixin.py:190} INFO - [2026-09-11T12:08:32.572+0000] {dag.py:3239} INFO - Sync 1 DAGs
[2026-09-11T12:08:32.613+0000] {logging_mixin.py:190} INFO - [2026-09-11T12:08:32.612+0000] {dag.py:4180} INFO - Setting next_dagrun for credit_risk_analysis_pipeline to None, run_after=None
[2026-09-11T12:08:32.655+0000] {processor.py:208} INFO - Processing /opt/airflow/dags/pipeline.py took 0.184 seconds
[2026-09-11T12:09:02.863+0000] {processor.py:186} INFO - Started process (PID=42) to work on /opt/airflow/dags/pipeline.py
[2026-09-11T12:09:02.865+0000] {processor.py:914} INFO - Processing file /opt/airflow/dags/pipeline.py for tasks to queue
[2026-09-11T12:09:02.869+0000] {logging_mixin.py:190} INFO - [2026-09-11T12:09:02.867+0000] {dagbag.py:588} INFO - Filling up the DagBag from /opt/airflow/dags/pipeline.py
[2026-09-11T12:09:02.882+0000] {processor.py:925} INFO - DAG(s) 'credit_risk_analysis_pipeline' retrieved from /opt/airflow/dags/pipeline.py
[2026-09-11T12:09:02.920+0000] {logging_mixin.py:190} INFO - [2026-09-11T12:09:02.920+0000] {dag.py:3239} INFO - Sync 1 DAGs
[2026-09-11T12:09:02.936+0000] {logging_mixin.py:190} INFO - [2026-09-11T12:09:02.936+0000] {dag.py:4180} INFO - Setting next_dagrun for credit_risk_analysis_pipeline to None, run_after=None
[2026-09-11T12:09:02.955+0000] {processor.py:208} INFO - Processing /opt/airflow/dags/pipeline.py took 0.103 seconds
[2026-09-11T12:09:33.036+0000] {processor.py:186} INFO - Started process (PID=43) to work on /opt/airflow/dags/pipeline.py
[2026-09-11T12:09:33.037+0000] {processor.py:914} INFO - Processing file /opt/airflow/dags/pipeline.py for tasks to queue
[2026-09-11T12:09:33.040+0000] {logging_mixin.py:190} INFO - [2026-09-11T12:09:33.040+0000] {dagbag.py:588} INFO - Filling up the DagBag from /opt/airflow/dags/pipeline.py
[2026-09-11T12:09:33.052+0000] {processor.py:925} INFO - DAG(s) 'credit_risk_analysis_pipeline' retrieved from /opt/airflow/dags/pipeline.py
[2026-09-11T12:09:33.080+0000] {logging_mixin.py:190} INFO - [2026-09-11T12:09:33.079+0000] {dag.py:3239} INFO - Sync 1 DAGs
[2026-09-11T12:09:33.094+0000] {logging_mixin.py:190} INFO - [2026-09-11T12:09:33.094+0000] {dag.py:4180} INFO - Setting next_dagrun for credit_risk_analysis_pipeline to None, run_after=None
[2026-09-11T12:09:33.114+0000] {processor.py:208} INFO - Processing /opt/airflow/dags/pipeline.py took 0.085 seconds
[2026-09-11T12:10:03.310+0000] {processor.py:186} INFO - Started process (PID=44) to work on /opt/airflow/dags/pipeline.py
[2026-09-11T12:10:03.311+0000] {processor.py:914} INFO - Processing file /opt/airflow/dags/pipeline.py for tasks to queue
[2026-09-11T12:10:03.314+0000] {logging_mixin.py:190} INFO - [2026-09-11T12:10:03.313+0000] {dagbag.py:588} INFO - Filling up the DagBag from /opt/airflow/dags/pipeline.py
[2026-09-11T12:10:03.326+0000] {processor.py:925} INFO - DAG(s) 'credit_risk_analysis_pipeline' retrieved from /opt/airflow/dags/pipeline.py
[2026-09-11T12:10:03.351+0000] {logging_mixin.py:190} INFO - [2026-09-11T12:10:03.351+0000] {dag.py:3239} INFO - Sync 1 DAGs
[2026-09-11T12:10:03.366+0000] {logging_mixin.py:190} INFO - [2026-09-11T12:10:03.365+0000] {dag.py:4180} INFO - Setting next_dagrun for credit_risk_analysis_pipeline to None, run_after=None
[2026-09-11T12:10:03.384+0000] {processor.py:208} INFO - Processing /opt/airflow/dags/pipeline.py took 0.080 seconds
[2026-09-11T12:10:33.497+0000] {processor.py:186} INFO - Started process (PID=45) to work on /opt/airflow/dags/pipeline.py
[2026-09-11T12:10:33.497+0000] {processor.py:914} INFO - Processing file /opt/airflow/dags/pipeline.py for tasks to queue
[2026-09-11T12:10:33.500+0000] {logging_mixin.py:190} INFO - [2026-09-11T12:10:33.499+0000] {dagbag.py:588} INFO - Filling up the DagBag from /opt/airflow/dags/pipeline.py
[2026-09-11T12:10:33.511+0000] {processor.py:925} INFO - DAG(s) 'credit_risk_analysis_pipeline' retrieved from /opt/airflow/dags/pipeline.py
[2026-09-11T12:10:33.535+0000] {logging_mixin.py:190} INFO - [2026-09-11T12:10:33.535+0000] {dag.py:3239} INFO - Sync 1 DAGs
[2026-09-11T12:10:33.550+0000] {logging_mixin.py:190} INFO - [2026-09-11T12:10:33.550+0000] {dag.py:4180} INFO - Setting next_dagrun for credit_risk_analysis_pipeline to None, run_after=None
[2026-09-11T12:10:33.569+0000] {processor.py:208} INFO - Processing /opt/airflow/dags/pipeline.py took 0.076 seconds
[2026-09-11T12:11:03.735+0000] {processor.py:186} INFO - Started process (PID=46) to work on /opt/airflow/dags/pipeline.py
[2026-09-11T12:11:03.736+0000] {processor.py:914} INFO - Processing file /opt/airflow/dags/pipeline.py for tasks to queue
[2026-09-11T12:11:03.740+0000] {logging_mixin.py:190} INFO - [2026-09-11T12:11:03.739+0000] {dagbag.py:588} INFO - Filling up the DagBag from /opt/airflow/dags/pipeline.py
[2026-09-11T12:11:03.749+0000] {processor.py:925} INFO - DAG(s) 'credit_risk_analysis_pipeline' retrieved from /opt/airflow/dags/pipeline.py
[2026-09-11T12:11:03.773+0000] {logging_mixin.py:190} INFO - [2026-09-11T12:11:03.773+0000] {dag.py:3239} INFO - Sync 1 DAGs
[2026-09-11T12:11:03.786+0000] {logging_mixin.py:190} INFO - [2026-09-11T12:11:03.786+0000] {dag.py:4180} INFO - Setting next_dagrun for credit_risk_analysis_pipeline to None, run_after=None
[2026-09-11T12:11:03.804+0000] {processor.py:208} INFO - Processing /opt/airflow/dags/pipeline.py took 0.074 seconds
[2026-09-11T12:11:33.934+0000] {processor.py:186} INFO - Started process (PID=47) to work on /opt/airflow/dags/pipeline.py
[2026-09-11T12:11:33.935+0000] {processor.py:914} INFO - Processing file /opt/airflow/dags/pipeline.py for tasks to queue
[2026-09-11T12:11:33.937+0000] {logging_mixin.py:190} INFO - [2026-09-11T12:11:33.937+0000] {dagbag.py:588} INFO - Filling up the DagBag from /opt/airflow/dags/pipeline.py
[2026-09-11T12:11:33.946+0000] {processor.py:925} INFO - DAG(s) 'credit_risk_analysis_pipeline' retrieved from /opt/airflow/dags/pipeline.py
[2026-09-11T12:11:33.971+0000] {logging_mixin.py:190} INFO - [2026-09-11T12:11:33.970+0000] {dag.py:3239} INFO - Sync 1 DAGs
[2026-09-11T12:11:33.983+0000] {logging_mixin.py:190} INFO - [2026-09-11T12:11:33.983+0000] {dag.py:4180} INFO - Setting next_dagrun for credit_risk_analysis_pipeline to None, run_after=None
[2026-09-11T12:11:33.998+0000] {processor.py:208} INFO - Processing /opt/airflow/dags/pipeline.py took 0.070 seconds
[2026-09-11T12:12:04.155+0000] {processor.py:186} INFO - Started process (PID=48) to work on /opt/airflow/dags/pipeline.py
[2026-09-11T12:12:04.156+0000] {processor.py:914} INFO - Processing file /opt/airflow/dags/pipeline.py for tasks to queue
[2026-09-11T12:12:04.158+0000] {logging_mixin.py:190} INFO - [2026-09-11T12:12:04.158+0000] {dagbag.py:588} INFO - Filling up the DagBag from /opt/airflow/dags/pipeline.py
[2026-09-11T12:12:04.168+0000] {processor.py:925} INFO - DAG(s) 'credit_risk_analysis_pipeline' retrieved from /opt/airflow/dags/pipeline.py
[2026-09-11T12:12:04.190+0000] {logging_mixin.py:190} INFO - [2026-09-11T12:12:04.189+0000] {dag.py:3239} INFO - Sync 1 DAGs
[2026-09-11T12:12:04.204+0000] {logging_mixin.py:190} INFO - [2026-09-11T12:12:04.204+0000] {dag.py:4180} INFO - Setting next_dagrun for credit_risk_analysis_pipeline to None, run_after=None
[2026-09-11T12:12:04.223+0000] {processor.py:208} INFO - Processing /opt/airflow/dags/pipeline.py took 0.074 seconds
[2026-09-11T12:12:34.350+0000] {processor.py:186} INFO - Started process (PID=49) to work on /opt/airflow/dags/pipeline.py
[2026-09-11T12:12:34.351+0000] {processor.py:914} INFO - Processing file /opt/airflow/dags/pipeline.py for tasks to queue
[2026-09-11T12:12:34.355+0000] {logging_mixin.py:190} INFO - [2026-09-11T12:12:34.354+0000] {dagbag.py:588} INFO - Filling up the DagBag from /opt/airflow/dags/pipeline.py
[2026-09-11T12:12:34.366+0000] {processor.py:925} INFO - DAG(s) 'credit_risk_analysis_pipeline' retrieved from /opt/airflow/dags/pipeline.py
[2026-09-11T12:12:34.393+0000] {logging_mixin.py:190} INFO - [2026-09-11T12:12:34.393+0000] {dag.py:3239} INFO - Sync 1 DAGs
[2026-09-11T12:12:34.407+0000] {logging_mixin.py:190} INFO - [2026-09-11T12:12:34.406+0000] {dag.py:4180} INFO - Setting next_dagrun for credit_risk_analysis_pipeline to None, run_after=None
[2026-09-11T12:12:34.429+0000] {processor.py:208} INFO - Processing /opt/airflow/dags/pipeline.py took 0.084 seconds
[2026-09-11T12:13:04.575+0000] {processor.py:186} INFO - Started process (PID=50) to work on /opt/airflow/dags/pipeline.py
[2026-09-11T12:13:04.576+0000] {processor.py:914} INFO - Processing file /opt/airflow/dags/pipeline.py for tasks to queue
[2026-09-11T12:13:04.578+0000] {logging_mixin.py:190} INFO - [2026-09-11T12:13:04.578+0000] {dagbag.py:588} INFO - Filling up the DagBag from /opt/airflow/dags/pipeline.py
[2026-09-11T12:13:04.589+0000] {processor.py:925} INFO - DAG(s) 'credit_risk_analysis_pipeline' retrieved from /opt/airflow/dags/pipeline.py
[2026-09-11T12:13:04.611+0000] {logging_mixin.py:190} INFO - [2026-09-11T12:13:04.611+0000] {dag.py:3239} INFO - Sync 1 DAGs
[2026-09-11T12:13:04.625+0000] {logging_mixin.py:190} INFO - [2026-09-11T12:13:04.625+0000] {dag.py:4180} INFO - Setting next_dagrun for credit_risk_analysis_pipeline to None, run_after=None
[2026-09-11T12:13:04.646+0000] {processor.py:208} INFO - Processing /opt/airflow/dags/pipeline.py took 0.076 seconds
[2026-09-11T12:13:34.810+0000] {processor.py:186} INFO - Started process (PID=51) to work on /opt/airflow/dags/pipeline.py
[2026-09-11T12:13:34.811+0000] {processor.py:914} INFO - Processing file /opt/airflow/dags/pipeline.py for tasks to queue
[2026-09-11T12:13:34.813+0000] {logging_mixin.py:190} INFO - [2026-09-11T12:13:34.813+0000] {dagbag.py:588} INFO - Filling up the DagBag from /opt/airflow/dags/pipeline.py
[2026-09-11T12:13:34.823+0000] {processor.py:925} INFO - DAG(s) 'credit_risk_analysis_pipeline' retrieved from /opt/airflow/dags/pipeline.py
[2026-09-11T12:13:34.844+0000] {logging_mixin.py:190} INFO - [2026-09-11T12:13:34.844+0000] {dag.py:3239} INFO - Sync 1 DAGs
[2026-09-11T12:13:34.858+0000] {logging_mixin.py:190} INFO - [2026-09-11T12:13:34.857+0000] {dag.py:4180} INFO - Setting next_dagrun for credit_risk_analysis_pipeline to None, run_after=None
[2026-09-11T12:13:34.879+0000] {processor.py:208} INFO - Processing /opt/airflow/dags/pipeline.py took 0.074 seconds
[2026-09-11T12:14:05.003+0000] {processor.py:186} INFO - Started process (PID=52) to work on /opt/airflow/dags/pipeline.py
[2026-09-11T12:14:05.004+0000] {processor.py:914} INFO - Processing file /opt/airflow/dags/pipeline.py for tasks to queue
[2026-09-11T12:14:05.007+0000] {logging_mixin.py:190} INFO - [2026-09-11T12:14:05.006+0000] {dagbag.py:588} INFO - Filling up the DagBag from /opt/airflow/dags/pipeline.py
[2026-09-11T12:14:05.016+0000] {processor.py:925} INFO - DAG(s) 'credit_risk_analysis_pipeline' retrieved from /opt/airflow/dags/pipeline.py
[2026-09-11T12:14:05.039+0000] {logging_mixin.py:190} INFO - [2026-09-11T12:14:05.039+0000] {dag.py:3239} INFO - Sync 1 DAGs
[2026-09-11T12:14:05.051+0000] {logging_mixin.py:190} INFO - [2026-09-11T12:14:05.050+0000] {dag.py:4180} INFO - Setting next_dagrun for credit_risk_analysis_pipeline to None, run_after=None
[2026-09-11T12:14:05.065+0000] {processor.py:208} INFO - Processing /opt/airflow/dags/pipeline.py took 0.067 seconds
[2026-09-11T12:14:35.244+0000] {processor.py:186} INFO - Started process (PID=53) to work on /opt/airflow/dags/pipeline.py
[2026-09-11T12:14:35.245+0000] {processor.py:914} INFO - Processing file /opt/airflow/dags/pipeline.py for tasks to queue
[2026-09-11T12:14:35.248+0000] {logging_mixin.py:190} INFO - [2026-09-11T12:14:35.247+0000] {dagbag.py:588} INFO - Filling up the DagBag from /opt/airflow/dags/pipeline.py
[2026-09-11T12:14:35.257+0000] {processor.py:925} INFO - DAG(s) 'credit_risk_analysis_pipeline' retrieved from /opt/airflow/dags/pipeline.py
[2026-09-11T12:14:35.282+0000] {logging_mixin.py:190} INFO - [2026-09-11T12:14:35.282+0000] {dag.py:3239} INFO - Sync 1 DAGs
[2026-09-11T12:14:35.297+0000] {logging_mixin.py:190} INFO - [2026-09-11T12:14:35.297+0000] {dag.py:4180} INFO - Setting next_dagrun for credit_risk_analysis_pipeline to None, run_after=None
[2026-09-11T12:14:35.315+0000] {processor.py:208} INFO - Processing /opt/airflow/dags/pipeline.py took 0.076 seconds
[2026-09-11T12:15:05.432+0000] {processor.py:186} INFO - Started process (PID=54) to work on /opt/airflow/dags/pipeline.py
[2026-09-11T12:15:05.433+0000] {processor.py:914} INFO - Processing file /opt/airflow/dags/pipeline.py for tasks to queue
[2026-09-11T12:15:05.435+0000] {logging_mixin.py:190} INFO - [2026-09-11T12:15:05.435+0000] {dagbag.py:588} INFO - Filling up the DagBag from /opt/airflow/dags/pipeline.py
[2026-09-11T12:15:05.446+0000] {processor.py:925} INFO - DAG(s) 'credit_risk_analysis_pipeline' retrieved from /opt/airflow/dags/pipeline.py
[2026-09-11T12:15:05.469+0000] {logging_mixin.py:190} INFO - [2026-09-11T12:15:05.469+0000] {dag.py:3239} INFO - Sync 1 DAGs
[2026-09-11T12:15:05.483+0000] {logging_mixin.py:190} INFO - [2026-09-11T12:15:05.483+0000] {dag.py:4180} INFO - Setting next_dagrun for credit_risk_analysis_pipeline to None, run_after=None
[2026-09-11T12:15:05.504+0000] {processor.py:208} INFO - Processing /opt/airflow/dags/pipeline.py took 0.077 seconds
[2026-09-11T12:15:35.676+0000] {processor.py:186} INFO - Started process (PID=55) to work on /opt/airflow/dags/pipeline.py
[2026-09-11T12:15:35.677+0000] {processor.py:914} INFO - Processing file /opt/airflow/dags/pipeline.py for tasks to queue
[2026-09-11T12:15:35.679+0000] {logging_mixin.py:190} INFO - [2026-09-11T12:15:35.678+0000] {dagbag.py:588} INFO - Filling up the DagBag from /opt/airflow/dags/pipeline.py
[2026-09-11T12:15:35.690+0000] {processor.py:925} INFO - DAG(s) 'credit_risk_analysis_pipeline' retrieved from /opt/airflow/dags/pipeline.py
[2026-09-11T12:15:35.711+0000] {logging_mixin.py:190} INFO - [2026-09-11T12:15:35.711+0000] {dag.py:3239} INFO - Sync 1 DAGs
[2026-09-11T12:15:35.724+0000] {logging_mixin.py:190} INFO - [2026-09-11T12:15:35.724+0000] {dag.py:4180} INFO - Setting next_dagrun for credit_risk_analysis_pipeline to None, run_after=None
[2026-09-11T12:15:35.745+0000] {processor.py:208} INFO - Processing /opt/airflow/dags/pipeline.py took 0.075 seconds
[2026-09-11T12:16:05.868+0000] {processor.py:186} INFO - Started process (PID=56) to work on /opt/airflow/dags/pipeline.py
[2026-09-11T12:16:05.868+0000] {processor.py:914} INFO - Processing file /opt/airflow/dags/pipeline.py for tasks to queue
[2026-09-11T12:16:05.871+0000] {logging_mixin.py:190} INFO - [2026-09-11T12:16:05.870+0000] {dagbag.py:588} INFO - Filling up the DagBag from /opt/airflow/dags/pipeline.py
[2026-09-11T12:16:05.882+0000] {processor.py:925} INFO - DAG(s) 'credit_risk_analysis_pipeline' retrieved from /opt/airflow/dags/pipeline.py
[2026-09-11T12:16:05.904+0000] {logging_mixin.py:190} INFO - [2026-09-11T12:16:05.904+0000] {dag.py:3239} INFO - Sync 1 DAGs
[2026-09-11T12:16:05.917+0000] {logging_mixin.py:190} INFO - [2026-09-11T12:16:05.917+0000] {dag.py:4180} INFO - Setting next_dagrun for credit_risk_analysis_pipeline to None, run_after=None
[2026-09-11T12:16:05.940+0000] {processor.py:208} INFO - Processing /opt/airflow/dags/pipeline.py took 0.077 seconds
[2026-09-11T12:16:36.116+0000] {processor.py:186} INFO - Started process (PID=57) to work on /opt/airflow/dags/pipeline.py
[2026-09-11T12:16:36.117+0000] {processor.py:914} INFO - Processing file /opt/airflow/dags/pipeline.py for tasks to queue
[2026-09-11T12:16:36.120+0000] {logging_mixin.py:190} INFO - [2026-09-11T12:16:36.119+0000] {dagbag.py:588} INFO - Filling up the DagBag from /opt/airflow/dags/pipeline.py
[2026-09-11T12:16:36.130+0000] {processor.py:925} INFO - DAG(s) 'credit_risk_analysis_pipeline' retrieved from /opt/airflow/dags/pipeline.py
[2026-09-11T12:16:36.153+0000] {logging_mixin.py:190} INFO - [2026-09-11T12:16:36.152+0000] {dag.py:3239} INFO - Sync 1 DAGs
[2026-09-11T12:16:36.165+0000] {logging_mixin.py:190} INFO - [2026-09-11T12:16:36.165+0000] {dag.py:4180} INFO - Setting next_dagrun for credit_risk_analysis_pipeline to None, run_after=None
[2026-09-11T12:16:36.182+0000] {processor.py:208} INFO - Processing /opt/airflow/dags/pipeline.py took 0.070 seconds
[2026-09-11T12:17:06.322+0000] {processor.py:186} INFO - Started process (PID=58) to work on /opt/airflow/dags/pipeline.py
[2026-09-11T12:17:06.322+0000] {processor.py:914} INFO - Processing file /opt/airflow/dags/pipeline.py for tasks to queue
[2026-09-11T12:17:06.325+0000] {logging_mixin.py:190} INFO - [2026-09-11T12:17:06.325+0000] {dagbag.py:588} INFO - Filling up the DagBag from /opt/airflow/dags/pipeline.py
[2026-09-11T12:17:06.336+0000] {processor.py:925} INFO - DAG(s) 'credit_risk_analysis_pipeline' retrieved from /opt/airflow/dags/pipeline.py
[2026-09-11T12:17:06.357+0000] {logging_mixin.py:190} INFO - [2026-09-11T12:17:06.357+0000] {dag.py:3239} INFO - Sync 1 DAGs
[2026-09-11T12:17:06.370+0000] {logging_mixin.py:190} INFO - [2026-09-11T12:17:06.370+0000] {dag.py:4180} INFO - Setting next_dagrun for credit_risk_analysis_pipeline to None, run_after=None
[2026-09-11T12:17:06.393+0000] {processor.py:208} INFO - Processing /opt/airflow/dags/pipeline.py took 0.076 seconds
[2026-09-11T12:17:36.546+0000] {processor.py:186} INFO - Started process (PID=59) to work on /opt/airflow/dags/pipeline.py
[2026-09-11T12:17:36.547+0000] {processor.py:914} INFO - Processing file /opt/airflow/dags/pipeline.py for tasks to queue
[2026-09-11T12:17:36.552+0000] {logging_mixin.py:190} INFO - [2026-09-11T12:17:36.552+0000] {dagbag.py:588} INFO - Filling up the DagBag from /opt/airflow/dags/pipeline.py
[2026-09-11T12:17:36.567+0000] {processor.py:925} INFO - DAG(s) 'credit_risk_analysis_pipeline' retrieved from /opt/airflow/dags/pipeline.py
[2026-09-11T12:17:36.594+0000] {logging_mixin.py:190} INFO - [2026-09-11T12:17:36.594+0000] {dag.py:3239} INFO - Sync 1 DAGs
[2026-09-11T12:17:36.610+0000] {logging_mixin.py:190} INFO - [2026-09-11T12:17:36.609+0000] {dag.py:4180} INFO - Setting next_dagrun for credit_risk_analysis_pipeline to None, run_after=None
[2026-09-11T12:17:36.629+0000] {processor.py:208} INFO - Processing /opt/airflow/dags/pipeline.py took 0.093 seconds
[2026-09-11T12:18:06.760+0000] {processor.py:186} INFO - Started process (PID=60) to work on /opt/airflow/dags/pipeline.py
[2026-09-11T12:18:06.761+0000] {processor.py:914} INFO - Processing file /opt/airflow/dags/pipeline.py for tasks to queue
[2026-09-11T12:18:06.764+0000] {logging_mixin.py:190} INFO - [2026-09-11T12:18:06.764+0000] {dagbag.py:588} INFO - Filling up the DagBag from /opt/airflow/dags/pipeline.py
[2026-09-11T12:18:06.775+0000] {processor.py:925} INFO - DAG(s) 'credit_risk_analysis_pipeline' retrieved from /opt/airflow/dags/pipeline.py
[2026-09-11T12:18:06.797+0000] {logging_mixin.py:190} INFO - [2026-09-11T12:18:06.796+0000] {dag.py:3239} INFO - Sync 1 DAGs
[2026-09-11T12:18:06.809+0000] {logging_mixin.py:190} INFO - [2026-09-11T12:18:06.809+0000] {dag.py:4180} INFO - Setting next_dagrun for credit_risk_analysis_pipeline to None, run_after=None
[2026-09-11T12:18:06.826+0000] {processor.py:208} INFO - Processing /opt/airflow/dags/pipeline.py took 0.070 seconds
[2026-09-11T12:18:37.035+0000] {processor.py:186} INFO - Started process (PID=61) to work on /opt/airflow/dags/pipeline.py
[2026-09-11T12:18:37.036+0000] {processor.py:914} INFO - Processing file /opt/airflow/dags/pipeline.py for tasks to queue
[2026-09-11T12:18:37.038+0000] {logging_mixin.py:190} INFO - [2026-09-11T12:18:37.038+0000] {dagbag.py:588} INFO - Filling up the DagBag from /opt/airflow/dags/pipeline.py
[2026-09-11T12:18:37.048+0000] {processor.py:925} INFO - DAG(s) 'credit_risk_analysis_pipeline' retrieved from /opt/airflow/dags/pipeline.py
[2026-09-11T12:18:37.071+0000] {logging_mixin.py:190} INFO - [2026-09-11T12:18:37.071+0000] {dag.py:3239} INFO - Sync 1 DAGs
[2026-09-11T12:18:37.085+0000] {logging_mixin.py:190} INFO - [2026-09-11T12:18:37.085+0000] {dag.py:4180} INFO - Setting next_dagrun for credit_risk_analysis_pipeline to None, run_after=None
[2026-09-11T12:18:37.103+0000] {processor.py:208} INFO - Processing /opt/airflow/dags/pipeline.py took 0.073 seconds
[2026-09-11T12:19:07.257+0000] {processor.py:186} INFO - Started process (PID=62) to work on /opt/airflow/dags/pipeline.py
[2026-09-11T12:19:07.261+0000] {processor.py:914} INFO - Processing file /opt/airflow/dags/pipeline.py for tasks to queue
[2026-09-11T12:19:07.270+0000] {logging_mixin.py:190} INFO - [2026-09-11T12:19:07.269+0000] {dagbag.py:588} INFO - Filling up the DagBag from /opt/airflow/dags/pipeline.py
[2026-09-11T12:19:07.295+0000] {processor.py:925} INFO - DAG(s) 'credit_risk_analysis_pipeline' retrieved from /opt/airflow/dags/pipeline.py
[2026-09-11T12:19:07.358+0000] {logging_mixin.py:190} INFO - [2026-09-11T12:19:07.358+0000] {dag.py:3239} INFO - Sync 1 DAGs
[2026-09-11T12:19:07.393+0000] {logging_mixin.py:190} INFO - [2026-09-11T12:19:07.393+0000] {dag.py:4180} INFO - Setting next_dagrun for credit_risk_analysis_pipeline to None, run_after=None
[2026-09-11T12:19:07.422+0000] {processor.py:208} INFO - Processing /opt/airflow/dags/pipeline.py took 0.186 seconds
[2026-09-11T12:19:37.485+0000] {processor.py:186} INFO - Started process (PID=63) to work on /opt/airflow/dags/pipeline.py
[2026-09-11T12:19:37.486+0000] {processor.py:914} INFO - Processing file /opt/airflow/dags/pipeline.py for tasks to queue
[2026-09-11T12:19:37.490+0000] {logging_mixin.py:190} INFO - [2026-09-11T12:19:37.489+0000] {dagbag.py:588} INFO - Filling up the DagBag from /opt/airflow/dags/pipeline.py
[2026-09-11T12:19:37.506+0000] {processor.py:925} INFO - DAG(s) 'credit_risk_analysis_pipeline' retrieved from /opt/airflow/dags/pipeline.py
[2026-09-11T12:19:37.533+0000] {logging_mixin.py:190} INFO - [2026-09-11T12:19:37.533+0000] {dag.py:3239} INFO - Sync 1 DAGs
[2026-09-11T12:19:37.547+0000] {logging_mixin.py:190} INFO - [2026-09-11T12:19:37.547+0000] {dag.py:4180} INFO - Setting next_dagrun for credit_risk_analysis_pipeline to None, run_after=None
[2026-09-11T12:19:37.563+0000] {processor.py:208} INFO - Processing /opt/airflow/dags/pipeline.py took 0.086 seconds
[2026-09-11T12:20:07.660+0000] {processor.py:186} INFO - Started process (PID=64) to work on /opt/airflow/dags/pipeline.py
[2026-09-11T12:20:07.661+0000] {processor.py:914} INFO - Processing file /opt/airflow/dags/pipeline.py for tasks to queue
[2026-09-11T12:20:07.664+0000] {logging_mixin.py:190} INFO - [2026-09-11T12:20:07.664+0000] {dagbag.py:588} INFO - Filling up the DagBag from /opt/airflow/dags/pipeline.py
[2026-09-11T12:20:07.676+0000] {processor.py:925} INFO - DAG(s) 'credit_risk_analysis_pipeline' retrieved from /opt/airflow/dags/pipeline.py
[2026-09-11T12:20:07.701+0000] {logging_mixin.py:190} INFO - [2026-09-11T12:20:07.701+0000] {dag.py:3239} INFO - Sync 1 DAGs
[2026-09-11T12:20:07.721+0000] {logging_mixin.py:190} INFO - [2026-09-11T12:20:07.721+0000] {dag.py:4180} INFO - Setting next_dagrun for credit_risk_analysis_pipeline to None, run_after=None
[2026-09-11T12:20:07.738+0000] {processor.py:208} INFO - Processing /opt/airflow/dags/pipeline.py took 0.083 seconds
[2026-09-11T12:20:37.927+0000] {processor.py:186} INFO - Started process (PID=65) to work on /opt/airflow/dags/pipeline.py
[2026-09-11T12:20:37.929+0000] {processor.py:914} INFO - Processing file /opt/airflow/dags/pipeline.py for tasks to queue
[2026-09-11T12:20:37.931+0000] {logging_mixin.py:190} INFO - [2026-09-11T12:20:37.931+0000] {dagbag.py:588} INFO - Filling up the DagBag from /opt/airflow/dags/pipeline.py
[2026-09-11T12:20:37.941+0000] {processor.py:925} INFO - DAG(s) 'credit_risk_analysis_pipeline' retrieved from /opt/airflow/dags/pipeline.py
[2026-09-11T12:20:37.963+0000] {logging_mixin.py:190} INFO - [2026-09-11T12:20:37.963+0000] {dag.py:3239} INFO - Sync 1 DAGs
[2026-09-11T12:20:37.976+0000] {logging_mixin.py:190} INFO - [2026-09-11T12:20:37.976+0000] {dag.py:4180} INFO - Setting next_dagrun for credit_risk_analysis_pipeline to None, run_after=None
[2026-09-11T12:20:37.992+0000] {processor.py:208} INFO - Processing /opt/airflow/dags/pipeline.py took 0.070 seconds
[2026-09-11T12:21:08.112+0000] {processor.py:186} INFO - Started process (PID=66) to work on /opt/airflow/dags/pipeline.py
[2026-09-11T12:21:08.113+0000] {processor.py:914} INFO - Processing file /opt/airflow/dags/pipeline.py for tasks to queue
[2026-09-11T12:21:08.116+0000] {logging_mixin.py:190} INFO - [2026-09-11T12:21:08.115+0000] {dagbag.py:588} INFO - Filling up the DagBag from /opt/airflow/dags/pipeline.py
[2026-09-11T12:21:08.129+0000] {processor.py:925} INFO - DAG(s) 'credit_risk_analysis_pipeline' retrieved from /opt/airflow/dags/pipeline.py
[2026-09-11T12:21:08.158+0000] {logging_mixin.py:190} INFO - [2026-09-11T12:21:08.158+0000] {dag.py:3239} INFO - Sync 1 DAGs
[2026-09-11T12:21:08.176+0000] {logging_mixin.py:190} INFO - [2026-09-11T12:21:08.176+0000] {dag.py:4180} INFO - Setting next_dagrun for credit_risk_analysis_pipeline to None, run_after=None
[2026-09-11T12:21:08.204+0000] {processor.py:208} INFO - Processing /opt/airflow/dags/pipeline.py took 0.098 seconds
[2026-09-11T12:21:38.355+0000] {processor.py:186} INFO - Started process (PID=67) to work on /opt/airflow/dags/pipeline.py
[2026-09-11T12:21:38.355+0000] {processor.py:914} INFO - Processing file /opt/airflow/dags/pipeline.py for tasks to queue
[2026-09-11T12:21:38.358+0000] {logging_mixin.py:190} INFO - [2026-09-11T12:21:38.358+0000] {dagbag.py:588} INFO - Filling up the DagBag from /opt/airflow/dags/pipeline.py
[2026-09-11T12:21:38.369+0000] {processor.py:925} INFO - DAG(s) 'credit_risk_analysis_pipeline' retrieved from /opt/airflow/dags/pipeline.py
[2026-09-11T12:21:38.391+0000] {logging_mixin.py:190} INFO - [2026-09-11T12:21:38.391+0000] {dag.py:3239} INFO - Sync 1 DAGs
[2026-09-11T12:21:38.412+0000] {logging_mixin.py:190} INFO - [2026-09-11T12:21:38.412+0000] {dag.py:4180} INFO - Setting next_dagrun for credit_risk_analysis_pipeline to None, run_after=None
[2026-09-11T12:21:38.434+0000] {processor.py:208} INFO - Processing /opt/airflow/dags/pipeline.py took 0.085 seconds
[2026-09-11T12:22:08.550+0000] {processor.py:186} INFO - Started process (PID=68) to work on /opt/airflow/dags/pipeline.py
[2026-09-11T12:22:08.551+0000] {processor.py:914} INFO - Processing file /opt/airflow/dags/pipeline.py for tasks to queue
[2026-09-11T12:22:08.554+0000] {logging_mixin.py:190} INFO - [2026-09-11T12:22:08.554+0000] {dagbag.py:588} INFO - Filling up the DagBag from /opt/airflow/dags/pipeline.py
[2026-09-11T12:22:08.565+0000] {processor.py:925} INFO - DAG(s) 'credit_risk_analysis_pipeline' retrieved from /opt/airflow/dags/pipeline.py
[2026-09-11T12:22:08.591+0000] {logging_mixin.py:190} INFO - [2026-09-11T12:22:08.591+0000] {dag.py:3239} INFO - Sync 1 DAGs
[2026-09-11T12:22:08.606+0000] {logging_mixin.py:190} INFO - [2026-09-11T12:22:08.606+0000] {dag.py:4180} INFO - Setting next_dagrun for credit_risk_analysis_pipeline to None, run_after=None
[2026-09-11T12:22:08.623+0000] {processor.py:208} INFO - Processing /opt/airflow/dags/pipeline.py took 0.078 seconds
[2026-09-11T12:22:38.801+0000] {processor.py:186} INFO - Started process (PID=69) to work on /opt/airflow/dags/pipeline.py
[2026-09-11T12:22:38.803+0000] {processor.py:914} INFO - Processing file /opt/airflow/dags/pipeline.py for tasks to queue
[2026-09-11T12:22:38.808+0000] {logging_mixin.py:190} INFO - [2026-09-11T12:22:38.807+0000] {dagbag.py:588} INFO - Filling up the DagBag from /opt/airflow/dags/pipeline.py
[2026-09-11T12:22:38.822+0000] {processor.py:925} INFO - DAG(s) 'credit_risk_analysis_pipeline' retrieved from /opt/airflow/dags/pipeline.py
[2026-09-11T12:22:38.852+0000] {logging_mixin.py:190} INFO - [2026-09-11T12:22:38.852+0000] {dag.py:3239} INFO - Sync 1 DAGs
[2026-09-11T12:22:38.869+0000] {logging_mixin.py:190} INFO - [2026-09-11T12:22:38.868+0000] {dag.py:4180} INFO - Setting next_dagrun for credit_risk_analysis_pipeline to None, run_after=None
[2026-09-11T12:22:38.890+0000] {processor.py:208} INFO - Processing /opt/airflow/dags/pipeline.py took 0.102 seconds
[2026-09-11T12:23:08.998+0000] {processor.py:186} INFO - Started process (PID=70) to work on /opt/airflow/dags/pipeline.py
[2026-09-11T12:23:08.998+0000] {processor.py:914} INFO - Processing file /opt/airflow/dags/pipeline.py for tasks to queue
[2026-09-11T12:23:09.001+0000] {logging_mixin.py:190} INFO - [2026-09-11T12:23:09.000+0000] {dagbag.py:588} INFO - Filling up the DagBag from /opt/airflow/dags/pipeline.py
[2026-09-11T12:23:09.011+0000] {processor.py:925} INFO - DAG(s) 'credit_risk_analysis_pipeline' retrieved from /opt/airflow/dags/pipeline.py
[2026-09-11T12:23:09.035+0000] {logging_mixin.py:190} INFO - [2026-09-11T12:23:09.034+0000] {dag.py:3239} INFO - Sync 1 DAGs
[2026-09-11T12:23:09.047+0000] {logging_mixin.py:190} INFO - [2026-09-11T12:23:09.047+0000] {dag.py:4180} INFO - Setting next_dagrun for credit_risk_analysis_pipeline to None, run_after=None
[2026-09-11T12:23:09.064+0000] {processor.py:208} INFO - Processing /opt/airflow/dags/pipeline.py took 0.072 seconds
[2026-09-11T12:23:39.278+0000] {processor.py:186} INFO - Started process (PID=71) to work on /opt/airflow/dags/pipeline.py
[2026-09-11T12:23:39.279+0000] {processor.py:914} INFO - Processing file /opt/airflow/dags/pipeline.py for tasks to queue
[2026-09-11T12:23:39.281+0000] {logging_mixin.py:190} INFO - [2026-09-11T12:23:39.281+0000] {dagbag.py:588} INFO - Filling up the DagBag from /opt/airflow/dags/pipeline.py
[2026-09-11T12:23:39.293+0000] {processor.py:925} INFO - DAG(s) 'credit_risk_analysis_pipeline' retrieved from /opt/airflow/dags/pipeline.py
[2026-09-11T12:23:39.319+0000] {logging_mixin.py:190} INFO - [2026-09-11T12:23:39.318+0000] {dag.py:3239} INFO - Sync 1 DAGs
[2026-09-11T12:23:39.335+0000] {logging_mixin.py:190} INFO - [2026-09-11T12:23:39.335+0000] {dag.py:4180} INFO - Setting next_dagrun for credit_risk_analysis_pipeline to None, run_after=None
[2026-09-11T12:23:39.352+0000] {processor.py:208} INFO - Processing /opt/airflow/dags/pipeline.py took 0.080 seconds
[2026-09-11T12:24:09.470+0000] {processor.py:186} INFO - Started process (PID=72) to work on /opt/airflow/dags/pipeline.py
[2026-09-11T12:24:09.471+0000] {processor.py:914} INFO - Processing file /opt/airflow/dags/pipeline.py for tasks to queue
[2026-09-11T12:24:09.473+0000] {logging_mixin.py:190} INFO - [2026-09-11T12:24:09.473+0000] {dagbag.py:588} INFO - Filling up the DagBag from /opt/airflow/dags/pipeline.py
[2026-09-11T12:24:09.485+0000] {processor.py:925} INFO - DAG(s) 'credit_risk_analysis_pipeline' retrieved from /opt/airflow/dags/pipeline.py
[2026-09-11T12:24:09.511+0000] {logging_mixin.py:190} INFO - [2026-09-11T12:24:09.511+0000] {dag.py:3239} INFO - Sync 1 DAGs
[2026-09-11T12:24:09.525+0000] {logging_mixin.py:190} INFO - [2026-09-11T12:24:09.525+0000] {dag.py:4180} INFO - Setting next_dagrun for credit_risk_analysis_pipeline to None, run_after=None
[2026-09-11T12:24:09.541+0000] {processor.py:208} INFO - Processing /opt/airflow/dags/pipeline.py took 0.076 seconds
[2026-09-11T12:24:39.720+0000] {processor.py:186} INFO - Started process (PID=73) to work on /opt/airflow/dags/pipeline.py
[2026-09-11T12:24:39.721+0000] {processor.py:914} INFO - Processing file /opt/airflow/dags/pipeline.py for tasks to queue
[2026-09-11T12:24:39.723+0000] {logging_mixin.py:190} INFO - [2026-09-11T12:24:39.723+0000] {dagbag.py:588} INFO - Filling up the DagBag from /opt/airflow/dags/pipeline.py
[2026-09-11T12:24:39.732+0000] {processor.py:925} INFO - DAG(s) 'credit_risk_analysis_pipeline' retrieved from /opt/airflow/dags/pipeline.py
[2026-09-11T12:24:39.753+0000] {logging_mixin.py:190} INFO - [2026-09-11T12:24:39.753+0000] {dag.py:3239} INFO - Sync 1 DAGs
[2026-09-11T12:24:39.765+0000] {logging_mixin.py:190} INFO - [2026-09-11T12:24:39.765+0000] {dag.py:4180} INFO - Setting next_dagrun for credit_risk_analysis_pipeline to None, run_after=None
[2026-09-11T12:24:39.783+0000] {processor.py:208} INFO - Processing /opt/airflow/dags/pipeline.py took 0.068 seconds
[2026-09-11T12:25:09.927+0000] {processor.py:186} INFO - Started process (PID=74) to work on /opt/airflow/dags/pipeline.py
[2026-09-11T12:25:09.928+0000] {processor.py:914} INFO - Processing file /opt/airflow/dags/pipeline.py for tasks to queue
[2026-09-11T12:25:09.930+0000] {logging_mixin.py:190} INFO - [2026-09-11T12:25:09.930+0000] {dagbag.py:588} INFO - Filling up the DagBag from /opt/airflow/dags/pipeline.py
[2026-09-11T12:25:09.940+0000] {processor.py:925} INFO - DAG(s) 'credit_risk_analysis_pipeline' retrieved from /opt/airflow/dags/pipeline.py
[2026-09-11T12:25:09.962+0000] {logging_mixin.py:190} INFO - [2026-09-11T12:25:09.962+0000] {dag.py:3239} INFO - Sync 1 DAGs
[2026-09-11T12:25:09.974+0000] {logging_mixin.py:190} INFO - [2026-09-11T12:25:09.974+0000] {dag.py:4180} INFO - Setting next_dagrun for credit_risk_analysis_pipeline to None, run_after=None
[2026-09-11T12:25:09.990+0000] {processor.py:208} INFO - Processing /opt/airflow/dags/pipeline.py took 0.068 seconds
[2026-09-11T12:25:40.146+0000] {processor.py:186} INFO - Started process (PID=75) to work on /opt/airflow/dags/pipeline.py
[2026-09-11T12:25:40.147+0000] {processor.py:914} INFO - Processing file /opt/airflow/dags/pipeline.py for tasks to queue
[2026-09-11T12:25:40.150+0000] {logging_mixin.py:190} INFO - [2026-09-11T12:25:40.149+0000] {dagbag.py:588} INFO - Filling up the DagBag from /opt/airflow/dags/pipeline.py
[2026-09-11T12:25:40.159+0000] {processor.py:925} INFO - DAG(s) 'credit_risk_analysis_pipeline' retrieved from /opt/airflow/dags/pipeline.py
[2026-09-11T12:25:40.182+0000] {logging_mixin.py:190} INFO - [2026-09-11T12:25:40.181+0000] {dag.py:3239} INFO - Sync 1 DAGs
[2026-09-11T12:25:40.194+0000] {logging_mixin.py:190} INFO - [2026-09-11T12:25:40.194+0000] {dag.py:4180} INFO - Setting next_dagrun for credit_risk_analysis_pipeline to None, run_after=None
[2026-09-11T12:25:40.210+0000] {processor.py:208} INFO - Processing /opt/airflow/dags/pipeline.py took 0.069 seconds
[2026-09-11T12:26:10.348+0000] {processor.py:186} INFO - Started process (PID=76) to work on /opt/airflow/dags/pipeline.py
[2026-09-11T12:26:10.349+0000] {processor.py:914} INFO - Processing file /opt/airflow/dags/pipeline.py for tasks to queue
[2026-09-11T12:26:10.352+0000] {logging_mixin.py:190} INFO - [2026-09-11T12:26:10.351+0000] {dagbag.py:588} INFO - Filling up the DagBag from /opt/airflow/dags/pipeline.py
[2026-09-11T12:26:10.364+0000] {processor.py:925} INFO - DAG(s) 'credit_risk_analysis_pipeline' retrieved from /opt/airflow/dags/pipeline.py
[2026-09-11T12:26:10.390+0000] {logging_mixin.py:190} INFO - [2026-09-11T12:26:10.390+0000] {dag.py:3239} INFO - Sync 1 DAGs
[2026-09-11T12:26:10.405+0000] {logging_mixin.py:190} INFO - [2026-09-11T12:26:10.404+0000] {dag.py:4180} INFO - Setting next_dagrun for credit_risk_analysis_pipeline to None, run_after=None
[2026-09-11T12:26:10.423+0000] {processor.py:208} INFO - Processing /opt/airflow/dags/pipeline.py took 0.081 seconds
[2026-09-11T12:26:40.573+0000] {processor.py:186} INFO - Started process (PID=77) to work on /opt/airflow/dags/pipeline.py
[2026-09-11T12:26:40.573+0000] {processor.py:914} INFO - Processing file /opt/airflow/dags/pipeline.py for tasks to queue
[2026-09-11T12:26:40.576+0000] {logging_mixin.py:190} INFO - [2026-09-11T12:26:40.576+0000] {dagbag.py:588} INFO - Filling up the DagBag from /opt/airflow/dags/pipeline.py
[2026-09-11T12:26:40.587+0000] {processor.py:925} INFO - DAG(s) 'credit_risk_analysis_pipeline' retrieved from /opt/airflow/dags/pipeline.py
[2026-09-11T12:26:40.609+0000] {logging_mixin.py:190} INFO - [2026-09-11T12:26:40.609+0000] {dag.py:3239} INFO - Sync 1 DAGs
[2026-09-11T12:26:40.622+0000] {logging_mixin.py:190} INFO - [2026-09-11T12:26:40.622+0000] {dag.py:4180} INFO - Setting next_dagrun for credit_risk_analysis_pipeline to None, run_after=None
[2026-09-11T12:26:40.639+0000] {processor.py:208} INFO - Processing /opt/airflow/dags/pipeline.py took 0.071 seconds
[2026-09-11T12:27:10.777+0000] {processor.py:186} INFO - Started process (PID=78) to work on /opt/airflow/dags/pipeline.py
[2026-09-11T12:27:10.778+0000] {processor.py:914} INFO - Processing file /opt/airflow/dags/pipeline.py for tasks to queue
[2026-09-11T12:27:10.780+0000] {logging_mixin.py:190} INFO - [2026-09-11T12:27:10.780+0000] {dagbag.py:588} INFO - Filling up the DagBag from /opt/airflow/dags/pipeline.py
[2026-09-11T12:27:10.790+0000] {processor.py:925} INFO - DAG(s) 'credit_risk_analysis_pipeline' retrieved from /opt/airflow/dags/pipeline.py
[2026-09-11T12:27:10.811+0000] {logging_mixin.py:190} INFO - [2026-09-11T12:27:10.810+0000] {dag.py:3239} INFO - Sync 1 DAGs
[2026-09-11T12:27:10.823+0000] {logging_mixin.py:190} INFO - [2026-09-11T12:27:10.823+0000] {dag.py:4180} INFO - Setting next_dagrun for credit_risk_analysis_pipeline to None, run_after=None
[2026-09-11T12:27:10.839+0000] {processor.py:208} INFO - Processing /opt/airflow/dags/pipeline.py took 0.067 seconds
[2026-09-11T12:27:40.997+0000] {processor.py:186} INFO - Started process (PID=79) to work on /opt/airflow/dags/pipeline.py
[2026-09-11T12:27:40.998+0000] {processor.py:914} INFO - Processing file /opt/airflow/dags/pipeline.py for tasks to queue
[2026-09-11T12:27:41.000+0000] {logging_mixin.py:190} INFO - [2026-09-11T12:27:41.000+0000] {dagbag.py:588} INFO - Filling up the DagBag from /opt/airflow/dags/pipeline.py
[2026-09-11T12:27:41.011+0000] {processor.py:925} INFO - DAG(s) 'credit_risk_analysis_pipeline' retrieved from /opt/airflow/dags/pipeline.py
[2026-09-11T12:27:41.032+0000] {logging_mixin.py:190} INFO - [2026-09-11T12:27:41.032+0000] {dag.py:3239} INFO - Sync 1 DAGs
[2026-09-11T12:27:41.044+0000] {logging_mixin.py:190} INFO - [2026-09-11T12:27:41.044+0000] {dag.py:4180} INFO - Setting next_dagrun for credit_risk_analysis_pipeline to None, run_after=None
[2026-09-11T12:27:41.067+0000] {processor.py:208} INFO - Processing /opt/airflow/dags/pipeline.py took 0.076 seconds
[2026-09-11T12:28:11.183+0000] {processor.py:186} INFO - Started process (PID=80) to work on /opt/airflow/dags/pipeline.py
[2026-09-11T12:28:11.184+0000] {processor.py:914} INFO - Processing file /opt/airflow/dags/pipeline.py for tasks to queue
[2026-09-11T12:28:11.186+0000] {logging_mixin.py:190} INFO - [2026-09-11T12:28:11.185+0000] {dagbag.py:588} INFO - Filling up the DagBag from /opt/airflow/dags/pipeline.py
[2026-09-11T12:28:11.196+0000] {processor.py:925} INFO - DAG(s) 'credit_risk_analysis_pipeline' retrieved from /opt/airflow/dags/pipeline.py
[2026-09-11T12:28:11.219+0000] {logging_mixin.py:190} INFO - [2026-09-11T12:28:11.219+0000] {dag.py:3239} INFO - Sync 1 DAGs
[2026-09-11T12:28:11.231+0000] {logging_mixin.py:190} INFO - [2026-09-11T12:28:11.231+0000] {dag.py:4180} INFO - Setting next_dagrun for credit_risk_analysis_pipeline to None, run_after=None
[2026-09-11T12:28:11.247+0000] {processor.py:208} INFO - Processing /opt/airflow/dags/pipeline.py took 0.069 seconds
[2026-09-11T12:28:41.441+0000] {processor.py:186} INFO - Started process (PID=81) to work on /opt/airflow/dags/pipeline.py
[2026-09-11T12:28:41.442+0000] {processor.py:914} INFO - Processing file /opt/airflow/dags/pipeline.py for tasks to queue
[2026-09-11T12:28:41.444+0000] {logging_mixin.py:190} INFO - [2026-09-11T12:28:41.443+0000] {dagbag.py:588} INFO - Filling up the DagBag from /opt/airflow/dags/pipeline.py
[2026-09-11T12:28:41.455+0000] {processor.py:925} INFO - DAG(s) 'credit_risk_analysis_pipeline' retrieved from /opt/airflow/dags/pipeline.py
[2026-09-11T12:28:41.478+0000] {logging_mixin.py:190} INFO - [2026-09-11T12:28:41.477+0000] {dag.py:3239} INFO - Sync 1 DAGs
[2026-09-11T12:28:41.491+0000] {logging_mixin.py:190} INFO - [2026-09-11T12:28:41.491+0000] {dag.py:4180} INFO - Setting next_dagrun for credit_risk_analysis_pipeline to None, run_after=None
[2026-09-11T12:28:41.511+0000] {processor.py:208} INFO - Processing /opt/airflow/dags/pipeline.py took 0.075 seconds
[2026-09-11T12:29:11.629+0000] {processor.py:186} INFO - Started process (PID=82) to work on /opt/airflow/dags/pipeline.py
[2026-09-11T12:29:11.630+0000] {processor.py:914} INFO - Processing file /opt/airflow/dags/pipeline.py for tasks to queue
[2026-09-11T12:29:11.632+0000] {logging_mixin.py:190} INFO - [2026-09-11T12:29:11.632+0000] {dagbag.py:588} INFO - Filling up the DagBag from /opt/airflow/dags/pipeline.py
[2026-09-11T12:29:11.643+0000] {processor.py:925} INFO - DAG(s) 'credit_risk_analysis_pipeline' retrieved from /opt/airflow/dags/pipeline.py
[2026-09-11T12:29:11.665+0000] {logging_mixin.py:190} INFO - [2026-09-11T12:29:11.665+0000] {dag.py:3239} INFO - Sync 1 DAGs
[2026-09-11T12:29:11.677+0000] {logging_mixin.py:190} INFO - [2026-09-11T12:29:11.677+0000] {dag.py:4180} INFO - Setting next_dagrun for credit_risk_analysis_pipeline to None, run_after=None
[2026-09-11T12:29:11.692+0000] {processor.py:208} INFO - Processing /opt/airflow/dags/pipeline.py took 0.068 seconds
[2026-09-11T12:29:28.781+0000] {processor.py:186} INFO - Started process (PID=83) to work on /opt/airflow/dags/pipeline.py
[2026-09-11T12:29:28.782+0000] {processor.py:914} INFO - Processing file /opt/airflow/dags/pipeline.py for tasks to queue
[2026-09-11T12:29:28.785+0000] {logging_mixin.py:190} INFO - [2026-09-11T12:29:28.785+0000] {dagbag.py:588} INFO - Filling up the DagBag from /opt/airflow/dags/pipeline.py
[2026-09-11T12:29:28.803+0000] {processor.py:925} INFO - DAG(s) 'credit_risk_analysis_pipeline' retrieved from /opt/airflow/dags/pipeline.py
[2026-09-11T12:29:29.105+0000] {logging_mixin.py:190} INFO - [2026-09-11T12:29:29.104+0000] {dag.py:3239} INFO - Sync 1 DAGs
[2026-09-11T12:29:29.117+0000] {logging_mixin.py:190} INFO - [2026-09-11T12:29:29.117+0000] {dag.py:4180} INFO - Setting next_dagrun for credit_risk_analysis_pipeline to None, run_after=None
[2026-09-11T12:29:29.139+0000] {processor.py:208} INFO - Processing /opt/airflow/dags/pipeline.py took 0.363 seconds
[2026-09-11T12:29:29.807+0000] {processor.py:186} INFO - Started process (PID=84) to work on /opt/airflow/dags/pipeline.py
[2026-09-11T12:29:29.809+0000] {processor.py:914} INFO - Processing file /opt/airflow/dags/pipeline.py for tasks to queue
[2026-09-11T12:29:29.811+0000] {logging_mixin.py:190} INFO - [2026-09-11T12:29:29.811+0000] {dagbag.py:588} INFO - Filling up the DagBag from /opt/airflow/dags/pipeline.py
[2026-09-11T12:29:29.831+0000] {processor.py:925} INFO - DAG(s) 'credit_risk_analysis_pipeline' retrieved from /opt/airflow/dags/pipeline.py
[2026-09-11T12:29:29.844+0000] {logging_mixin.py:190} INFO - [2026-09-11T12:29:29.844+0000] {dag.py:3239} INFO - Sync 1 DAGs
[2026-09-11T12:29:29.857+0000] {logging_mixin.py:190} INFO - [2026-09-11T12:29:29.857+0000] {dag.py:4180} INFO - Setting next_dagrun for credit_risk_analysis_pipeline to None, run_after=None
[2026-09-11T12:29:29.875+0000] {processor.py:208} INFO - Processing /opt/airflow/dags/pipeline.py took 0.073 seconds
[2026-09-11T12:29:59.988+0000] {processor.py:186} INFO - Started process (PID=85) to work on /opt/airflow/dags/pipeline.py
[2026-09-11T12:29:59.990+0000] {processor.py:914} INFO - Processing file /opt/airflow/dags/pipeline.py for tasks to queue
[2026-09-11T12:29:59.992+0000] {logging_mixin.py:190} INFO - [2026-09-11T12:29:59.992+0000] {dagbag.py:588} INFO - Filling up the DagBag from /opt/airflow/dags/pipeline.py
[2026-09-11T12:30:00.004+0000] {processor.py:925} INFO - DAG(s) 'credit_risk_analysis_pipeline' retrieved from /opt/airflow/dags/pipeline.py
[2026-09-11T12:30:00.028+0000] {logging_mixin.py:190} INFO - [2026-09-11T12:30:00.028+0000] {dag.py:3239} INFO - Sync 1 DAGs
[2026-09-11T12:30:00.041+0000] {logging_mixin.py:190} INFO - [2026-09-11T12:30:00.040+0000] {dag.py:4180} INFO - Setting next_dagrun for credit_risk_analysis_pipeline to None, run_after=None
[2026-09-11T12:30:00.059+0000] {processor.py:208} INFO - Processing /opt/airflow/dags/pipeline.py took 0.077 seconds
[2026-09-11T12:30:30.223+0000] {processor.py:186} INFO - Started process (PID=86) to work on /opt/airflow/dags/pipeline.py
[2026-09-11T12:30:30.224+0000] {processor.py:914} INFO - Processing file /opt/airflow/dags/pipeline.py for tasks to queue
[2026-09-11T12:30:30.227+0000] {logging_mixin.py:190} INFO - [2026-09-11T12:30:30.227+0000] {dagbag.py:588} INFO - Filling up the DagBag from /opt/airflow/dags/pipeline.py
[2026-09-11T12:30:30.238+0000] {processor.py:925} INFO - DAG(s) 'credit_risk_analysis_pipeline' retrieved from /opt/airflow/dags/pipeline.py
[2026-09-11T12:30:30.262+0000] {logging_mixin.py:190} INFO - [2026-09-11T12:30:30.262+0000] {dag.py:3239} INFO - Sync 1 DAGs
[2026-09-11T12:30:30.276+0000] {logging_mixin.py:190} INFO - [2026-09-11T12:30:30.276+0000] {dag.py:4180} INFO - Setting next_dagrun for credit_risk_analysis_pipeline to None, run_after=None
[2026-09-11T12:30:30.297+0000] {processor.py:208} INFO - Processing /opt/airflow/dags/pipeline.py took 0.081 seconds
[2026-09-11T12:31:00.415+0000] {processor.py:186} INFO - Started process (PID=87) to work on /opt/airflow/dags/pipeline.py
[2026-09-11T12:31:00.416+0000] {processor.py:914} INFO - Processing file /opt/airflow/dags/pipeline.py for tasks to queue
[2026-09-11T12:31:00.417+0000] {logging_mixin.py:190} INFO - [2026-09-11T12:31:00.417+0000] {dagbag.py:588} INFO - Filling up the DagBag from /opt/airflow/dags/pipeline.py
[2026-09-11T12:31:00.427+0000] {processor.py:925} INFO - DAG(s) 'credit_risk_analysis_pipeline' retrieved from /opt/airflow/dags/pipeline.py
[2026-09-11T12:31:00.451+0000] {logging_mixin.py:190} INFO - [2026-09-11T12:31:00.451+0000] {dag.py:3239} INFO - Sync 1 DAGs
[2026-09-11T12:31:00.466+0000] {logging_mixin.py:190} INFO - [2026-09-11T12:31:00.466+0000] {dag.py:4180} INFO - Setting next_dagrun for credit_risk_analysis_pipeline to None, run_after=None
[2026-09-11T12:31:00.482+0000] {processor.py:208} INFO - Processing /opt/airflow/dags/pipeline.py took 0.073 seconds
[2026-09-11T12:31:30.651+0000] {processor.py:186} INFO - Started process (PID=88) to work on /opt/airflow/dags/pipeline.py
[2026-09-11T12:31:30.652+0000] {processor.py:914} INFO - Processing file /opt/airflow/dags/pipeline.py for tasks to queue
[2026-09-11T12:31:30.654+0000] {logging_mixin.py:190} INFO - [2026-09-11T12:31:30.654+0000] {dagbag.py:588} INFO - Filling up the DagBag from /opt/airflow/dags/pipeline.py
[2026-09-11T12:31:30.665+0000] {processor.py:925} INFO - DAG(s) 'credit_risk_analysis_pipeline' retrieved from /opt/airflow/dags/pipeline.py
[2026-09-11T12:31:30.691+0000] {logging_mixin.py:190} INFO - [2026-09-11T12:31:30.691+0000] {dag.py:3239} INFO - Sync 1 DAGs
[2026-09-11T12:31:30.704+0000] {logging_mixin.py:190} INFO - [2026-09-11T12:31:30.704+0000] {dag.py:4180} INFO - Setting next_dagrun for credit_risk_analysis_pipeline to None, run_after=None
[2026-09-11T12:31:30.721+0000] {processor.py:208} INFO - Processing /opt/airflow/dags/pipeline.py took 0.076 seconds
[2026-09-11T12:32:00.845+0000] {processor.py:186} INFO - Started process (PID=89) to work on /opt/airflow/dags/pipeline.py
[2026-09-11T12:32:00.845+0000] {processor.py:914} INFO - Processing file /opt/airflow/dags/pipeline.py for tasks to queue
[2026-09-11T12:32:00.847+0000] {logging_mixin.py:190} INFO - [2026-09-11T12:32:00.847+0000] {dagbag.py:588} INFO - Filling up the DagBag from /opt/airflow/dags/pipeline.py
[2026-09-11T12:32:00.857+0000] {processor.py:925} INFO - DAG(s) 'credit_risk_analysis_pipeline' retrieved from /opt/airflow/dags/pipeline.py
[2026-09-11T12:32:00.881+0000] {logging_mixin.py:190} INFO - [2026-09-11T12:32:00.880+0000] {dag.py:3239} INFO - Sync 1 DAGs
[2026-09-11T12:32:00.894+0000] {logging_mixin.py:190} INFO - [2026-09-11T12:32:00.894+0000] {dag.py:4180} INFO - Setting next_dagrun for credit_risk_analysis_pipeline to None, run_after=None
[2026-09-11T12:32:00.914+0000] {processor.py:208} INFO - Processing /opt/airflow/dags/pipeline.py took 0.074 seconds
[2026-09-11T12:32:31.075+0000] {processor.py:186} INFO - Started process (PID=90) to work on /opt/airflow/dags/pipeline.py
[2026-09-11T12:32:31.076+0000] {processor.py:914} INFO - Processing file /opt/airflow/dags/pipeline.py for tasks to queue
[2026-09-11T12:32:31.078+0000] {logging_mixin.py:190} INFO - [2026-09-11T12:32:31.078+0000] {dagbag.py:588} INFO - Filling up the DagBag from /opt/airflow/dags/pipeline.py
[2026-09-11T12:32:31.088+0000] {processor.py:925} INFO - DAG(s) 'credit_risk_analysis_pipeline' retrieved from /opt/airflow/dags/pipeline.py
[2026-09-11T12:32:31.115+0000] {logging_mixin.py:190} INFO - [2026-09-11T12:32:31.114+0000] {dag.py:3239} INFO - Sync 1 DAGs
[2026-09-11T12:32:31.127+0000] {logging_mixin.py:190} INFO - [2026-09-11T12:32:31.127+0000] {dag.py:4180} INFO - Setting next_dagrun for credit_risk_analysis_pipeline to None, run_after=None
[2026-09-11T12:32:31.144+0000] {processor.py:208} INFO - Processing /opt/airflow/dags/pipeline.py took 0.074 seconds
[2026-09-11T12:33:01.279+0000] {processor.py:186} INFO - Started process (PID=91) to work on /opt/airflow/dags/pipeline.py
[2026-09-11T12:33:01.281+0000] {processor.py:914} INFO - Processing file /opt/airflow/dags/pipeline.py for tasks to queue
[2026-09-11T12:33:01.284+0000] {logging_mixin.py:190} INFO - [2026-09-11T12:33:01.284+0000] {dagbag.py:588} INFO - Filling up the DagBag from /opt/airflow/dags/pipeline.py
[2026-09-11T12:33:01.296+0000] {processor.py:925} INFO - DAG(s) 'credit_risk_analysis_pipeline' retrieved from /opt/airflow/dags/pipeline.py
[2026-09-11T12:33:01.322+0000] {logging_mixin.py:190} INFO - [2026-09-11T12:33:01.322+0000] {dag.py:3239} INFO - Sync 1 DAGs
[2026-09-11T12:33:01.336+0000] {logging_mixin.py:190} INFO - [2026-09-11T12:33:01.336+0000] {dag.py:4180} INFO - Setting next_dagrun for credit_risk_analysis_pipeline to None, run_after=None
[2026-09-11T12:33:01.360+0000] {processor.py:208} INFO - Processing /opt/airflow/dags/pipeline.py took 0.087 seconds
[2026-09-11T12:33:31.508+0000] {processor.py:186} INFO - Started process (PID=92) to work on /opt/airflow/dags/pipeline.py
[2026-09-11T12:33:31.510+0000] {processor.py:914} INFO - Processing file /opt/airflow/dags/pipeline.py for tasks to queue
[2026-09-11T12:33:31.513+0000] {logging_mixin.py:190} INFO - [2026-09-11T12:33:31.512+0000] {dagbag.py:588} INFO - Filling up the DagBag from /opt/airflow/dags/pipeline.py
[2026-09-11T12:33:31.525+0000] {processor.py:925} INFO - DAG(s) 'credit_risk_analysis_pipeline' retrieved from /opt/airflow/dags/pipeline.py
[2026-09-11T12:33:31.549+0000] {logging_mixin.py:190} INFO - [2026-09-11T12:33:31.549+0000] {dag.py:3239} INFO - Sync 1 DAGs
[2026-09-11T12:33:31.564+0000] {logging_mixin.py:190} INFO - [2026-09-11T12:33:31.563+0000] {dag.py:4180} INFO - Setting next_dagrun for credit_risk_analysis_pipeline to None, run_after=None
[2026-09-11T12:33:31.582+0000] {processor.py:208} INFO - Processing /opt/airflow/dags/pipeline.py took 0.080 seconds
[2026-09-11T12:34:01.756+0000] {processor.py:186} INFO - Started process (PID=93) to work on /opt/airflow/dags/pipeline.py
[2026-09-11T12:34:01.757+0000] {processor.py:914} INFO - Processing file /opt/airflow/dags/pipeline.py for tasks to queue
[2026-09-11T12:34:01.760+0000] {logging_mixin.py:190} INFO - [2026-09-11T12:34:01.759+0000] {dagbag.py:588} INFO - Filling up the DagBag from /opt/airflow/dags/pipeline.py
[2026-09-11T12:34:01.770+0000] {processor.py:925} INFO - DAG(s) 'credit_risk_analysis_pipeline' retrieved from /opt/airflow/dags/pipeline.py
[2026-09-11T12:34:01.791+0000] {logging_mixin.py:190} INFO - [2026-09-11T12:34:01.791+0000] {dag.py:3239} INFO - Sync 1 DAGs
[2026-09-11T12:34:01.803+0000] {logging_mixin.py:190} INFO - [2026-09-11T12:34:01.803+0000] {dag.py:4180} INFO - Setting next_dagrun for credit_risk_analysis_pipeline to None, run_after=None
[2026-09-11T12:34:01.823+0000] {processor.py:208} INFO - Processing /opt/airflow/dags/pipeline.py took 0.072 seconds
[2026-09-11T12:34:31.954+0000] {processor.py:186} INFO - Started process (PID=94) to work on /opt/airflow/dags/pipeline.py
[2026-09-11T12:34:31.955+0000] {processor.py:914} INFO - Processing file /opt/airflow/dags/pipeline.py for tasks to queue
[2026-09-11T12:34:31.957+0000] {logging_mixin.py:190} INFO - [2026-09-11T12:34:31.957+0000] {dagbag.py:588} INFO - Filling up the DagBag from /opt/airflow/dags/pipeline.py
[2026-09-11T12:34:31.966+0000] {processor.py:925} INFO - DAG(s) 'credit_risk_analysis_pipeline' retrieved from /opt/airflow/dags/pipeline.py
[2026-09-11T12:34:31.988+0000] {logging_mixin.py:190} INFO - [2026-09-11T12:34:31.988+0000] {dag.py:3239} INFO - Sync 1 DAGs
[2026-09-11T12:34:32.001+0000] {logging_mixin.py:190} INFO - [2026-09-11T12:34:32.001+0000] {dag.py:4180} INFO - Setting next_dagrun for credit_risk_analysis_pipeline to None, run_after=None
[2026-09-11T12:34:32.023+0000] {processor.py:208} INFO - Processing /opt/airflow/dags/pipeline.py took 0.074 seconds
[2026-09-11T12:35:02.180+0000] {processor.py:186} INFO - Started process (PID=95) to work on /opt/airflow/dags/pipeline.py
[2026-09-11T12:35:02.181+0000] {processor.py:914} INFO - Processing file /opt/airflow/dags/pipeline.py for tasks to queue
[2026-09-11T12:35:02.184+0000] {logging_mixin.py:190} INFO - [2026-09-11T12:35:02.184+0000] {dagbag.py:588} INFO - Filling up the DagBag from /opt/airflow/dags/pipeline.py
[2026-09-11T12:35:02.193+0000] {processor.py:925} INFO - DAG(s) 'credit_risk_analysis_pipeline' retrieved from /opt/airflow/dags/pipeline.py
[2026-09-11T12:35:02.216+0000] {logging_mixin.py:190} INFO - [2026-09-11T12:35:02.216+0000] {dag.py:3239} INFO - Sync 1 DAGs
[2026-09-11T12:35:02.229+0000] {logging_mixin.py:190} INFO - [2026-09-11T12:35:02.228+0000] {dag.py:4180} INFO - Setting next_dagrun for credit_risk_analysis_pipeline to None, run_after=None
[2026-09-11T12:35:02.243+0000] {processor.py:208} INFO - Processing /opt/airflow/dags/pipeline.py took 0.068 seconds
[2026-09-11T12:35:32.369+0000] {processor.py:186} INFO - Started process (PID=96) to work on /opt/airflow/dags/pipeline.py
[2026-09-11T12:35:32.371+0000] {processor.py:914} INFO - Processing file /opt/airflow/dags/pipeline.py for tasks to queue
[2026-09-11T12:35:32.373+0000] {logging_mixin.py:190} INFO - [2026-09-11T12:35:32.373+0000] {dagbag.py:588} INFO - Filling up the DagBag from /opt/airflow/dags/pipeline.py
[2026-09-11T12:35:32.386+0000] {processor.py:925} INFO - DAG(s) 'credit_risk_analysis_pipeline' retrieved from /opt/airflow/dags/pipeline.py
[2026-09-11T12:35:32.412+0000] {logging_mixin.py:190} INFO - [2026-09-11T12:35:32.411+0000] {dag.py:3239} INFO - Sync 1 DAGs
[2026-09-11T12:35:32.426+0000] {logging_mixin.py:190} INFO - [2026-09-11T12:35:32.426+0000] {dag.py:4180} INFO - Setting next_dagrun for credit_risk_analysis_pipeline to None, run_after=None
[2026-09-11T12:35:32.443+0000] {processor.py:208} INFO - Processing /opt/airflow/dags/pipeline.py took 0.078 seconds
[2026-09-11T12:36:02.600+0000] {processor.py:186} INFO - Started process (PID=97) to work on /opt/airflow/dags/pipeline.py
[2026-09-11T12:36:02.601+0000] {processor.py:914} INFO - Processing file /opt/airflow/dags/pipeline.py for tasks to queue
[2026-09-11T12:36:02.603+0000] {logging_mixin.py:190} INFO - [2026-09-11T12:36:02.603+0000] {dagbag.py:588} INFO - Filling up the DagBag from /opt/airflow/dags/pipeline.py
[2026-09-11T12:36:02.614+0000] {processor.py:925} INFO - DAG(s) 'credit_risk_analysis_pipeline' retrieved from /opt/airflow/dags/pipeline.py
[2026-09-11T12:36:02.634+0000] {logging_mixin.py:190} INFO - [2026-09-11T12:36:02.634+0000] {dag.py:3239} INFO - Sync 1 DAGs
[2026-09-11T12:36:02.647+0000] {logging_mixin.py:190} INFO - [2026-09-11T12:36:02.647+0000] {dag.py:4180} INFO - Setting next_dagrun for credit_risk_analysis_pipeline to None, run_after=None
[2026-09-11T12:36:02.668+0000] {processor.py:208} INFO - Processing /opt/airflow/dags/pipeline.py took 0.074 seconds
[2026-09-11T12:36:32.800+0000] {processor.py:186} INFO - Started process (PID=98) to work on /opt/airflow/dags/pipeline.py
[2026-09-11T12:36:32.801+0000] {processor.py:914} INFO - Processing file /opt/airflow/dags/pipeline.py for tasks to queue
[2026-09-11T12:36:32.804+0000] {logging_mixin.py:190} INFO - [2026-09-11T12:36:32.804+0000] {dagbag.py:588} INFO - Filling up the DagBag from /opt/airflow/dags/pipeline.py
[2026-09-11T12:36:32.815+0000] {processor.py:925} INFO - DAG(s) 'credit_risk_analysis_pipeline' retrieved from /opt/airflow/dags/pipeline.py
[2026-09-11T12:36:32.839+0000] {logging_mixin.py:190} INFO - [2026-09-11T12:36:32.839+0000] {dag.py:3239} INFO - Sync 1 DAGs
[2026-09-11T12:36:32.856+0000] {logging_mixin.py:190} INFO - [2026-09-11T12:36:32.855+0000] {dag.py:4180} INFO - Setting next_dagrun for credit_risk_analysis_pipeline to None, run_after=None
[2026-09-11T12:36:32.877+0000] {processor.py:208} INFO - Processing /opt/airflow/dags/pipeline.py took 0.083 seconds
[2026-09-11T12:37:03.025+0000] {processor.py:186} INFO - Started process (PID=99) to work on /opt/airflow/dags/pipeline.py
[2026-09-11T12:37:03.026+0000] {processor.py:914} INFO - Processing file /opt/airflow/dags/pipeline.py for tasks to queue
[2026-09-11T12:37:03.029+0000] {logging_mixin.py:190} INFO - [2026-09-11T12:37:03.028+0000] {dagbag.py:588} INFO - Filling up the DagBag from /opt/airflow/dags/pipeline.py
[2026-09-11T12:37:03.040+0000] {processor.py:925} INFO - DAG(s) 'credit_risk_analysis_pipeline' retrieved from /opt/airflow/dags/pipeline.py
[2026-09-11T12:37:03.063+0000] {logging_mixin.py:190} INFO - [2026-09-11T12:37:03.063+0000] {dag.py:3239} INFO - Sync 1 DAGs
[2026-09-11T12:37:03.077+0000] {logging_mixin.py:190} INFO - [2026-09-11T12:37:03.077+0000] {dag.py:4180} INFO - Setting next_dagrun for credit_risk_analysis_pipeline to None, run_after=None
[2026-09-11T12:37:03.099+0000] {processor.py:208} INFO - Processing /opt/airflow/dags/pipeline.py took 0.079 seconds
[2026-09-11T12:37:33.229+0000] {processor.py:186} INFO - Started process (PID=100) to work on /opt/airflow/dags/pipeline.py
[2026-09-11T12:37:33.230+0000] {processor.py:914} INFO - Processing file /opt/airflow/dags/pipeline.py for tasks to queue
[2026-09-11T12:37:33.233+0000] {logging_mixin.py:190} INFO - [2026-09-11T12:37:33.233+0000] {dagbag.py:588} INFO - Filling up the DagBag from /opt/airflow/dags/pipeline.py
[2026-09-11T12:37:33.242+0000] {processor.py:925} INFO - DAG(s) 'credit_risk_analysis_pipeline' retrieved from /opt/airflow/dags/pipeline.py
[2026-09-11T12:37:33.265+0000] {logging_mixin.py:190} INFO - [2026-09-11T12:37:33.265+0000] {dag.py:3239} INFO - Sync 1 DAGs
[2026-09-11T12:37:33.277+0000] {logging_mixin.py:190} INFO - [2026-09-11T12:37:33.277+0000] {dag.py:4180} INFO - Setting next_dagrun for credit_risk_analysis_pipeline to None, run_after=None
[2026-09-11T12:37:33.292+0000] {processor.py:208} INFO - Processing /opt/airflow/dags/pipeline.py took 0.068 seconds
[2026-09-11T12:38:03.462+0000] {processor.py:186} INFO - Started process (PID=101) to work on /opt/airflow/dags/pipeline.py
[2026-09-11T12:38:03.463+0000] {processor.py:914} INFO - Processing file /opt/airflow/dags/pipeline.py for tasks to queue
[2026-09-11T12:38:03.465+0000] {logging_mixin.py:190} INFO - [2026-09-11T12:38:03.465+0000] {dagbag.py:588} INFO - Filling up the DagBag from /opt/airflow/dags/pipeline.py
[2026-09-11T12:38:03.475+0000] {processor.py:925} INFO - DAG(s) 'credit_risk_analysis_pipeline' retrieved from /opt/airflow/dags/pipeline.py
[2026-09-11T12:38:03.496+0000] {logging_mixin.py:190} INFO - [2026-09-11T12:38:03.495+0000] {dag.py:3239} INFO - Sync 1 DAGs
[2026-09-11T12:38:03.507+0000] {logging_mixin.py:190} INFO - [2026-09-11T12:38:03.507+0000] {dag.py:4180} INFO - Setting next_dagrun for credit_risk_analysis_pipeline to None, run_after=None
[2026-09-11T12:38:03.523+0000] {processor.py:208} INFO - Processing /opt/airflow/dags/pipeline.py took 0.065 seconds
[2026-09-11T12:38:33.689+0000] {processor.py:186} INFO - Started process (PID=102) to work on /opt/airflow/dags/pipeline.py
[2026-09-11T12:38:33.690+0000] {processor.py:914} INFO - Processing file /opt/airflow/dags/pipeline.py for tasks to queue
[2026-09-11T12:38:33.692+0000] {logging_mixin.py:190} INFO - [2026-09-11T12:38:33.692+0000] {dagbag.py:588} INFO - Filling up the DagBag from /opt/airflow/dags/pipeline.py
[2026-09-11T12:38:33.702+0000] {processor.py:925} INFO - DAG(s) 'credit_risk_analysis_pipeline' retrieved from /opt/airflow/dags/pipeline.py
[2026-09-11T12:38:33.723+0000] {logging_mixin.py:190} INFO - [2026-09-11T12:38:33.723+0000] {dag.py:3239} INFO - Sync 1 DAGs
[2026-09-11T12:38:33.734+0000] {logging_mixin.py:190} INFO - [2026-09-11T12:38:33.734+0000] {dag.py:4180} INFO - Setting next_dagrun for credit_risk_analysis_pipeline to None, run_after=None
[2026-09-11T12:38:33.750+0000] {processor.py:208} INFO - Processing /opt/airflow/dags/pipeline.py took 0.066 seconds
[2026-09-11T12:39:03.885+0000] {processor.py:186} INFO - Started process (PID=103) to work on /opt/airflow/dags/pipeline.py
[2026-09-11T12:39:03.886+0000] {processor.py:914} INFO - Processing file /opt/airflow/dags/pipeline.py for tasks to queue
[2026-09-11T12:39:03.888+0000] {logging_mixin.py:190} INFO - [2026-09-11T12:39:03.888+0000] {dagbag.py:588} INFO - Filling up the DagBag from /opt/airflow/dags/pipeline.py
[2026-09-11T12:39:03.898+0000] {processor.py:925} INFO - DAG(s) 'credit_risk_analysis_pipeline' retrieved from /opt/airflow/dags/pipeline.py
[2026-09-11T12:39:03.923+0000] {logging_mixin.py:190} INFO - [2026-09-11T12:39:03.922+0000] {dag.py:3239} INFO - Sync 1 DAGs
[2026-09-11T12:39:03.936+0000] {logging_mixin.py:190} INFO - [2026-09-11T12:39:03.936+0000] {dag.py:4180} INFO - Setting next_dagrun for credit_risk_analysis_pipeline to None, run_after=None
[2026-09-11T12:39:03.953+0000] {processor.py:208} INFO - Processing /opt/airflow/dags/pipeline.py took 0.072 seconds
[2026-09-11T12:39:34.112+0000] {processor.py:186} INFO - Started process (PID=104) to work on /opt/airflow/dags/pipeline.py
[2026-09-11T12:39:34.113+0000] {processor.py:914} INFO - Processing file /opt/airflow/dags/pipeline.py for tasks to queue
[2026-09-11T12:39:34.115+0000] {logging_mixin.py:190} INFO - [2026-09-11T12:39:34.115+0000] {dagbag.py:588} INFO - Filling up the DagBag from /opt/airflow/dags/pipeline.py
[2026-09-11T12:39:34.124+0000] {processor.py:925} INFO - DAG(s) 'credit_risk_analysis_pipeline' retrieved from /opt/airflow/dags/pipeline.py
[2026-09-11T12:39:34.144+0000] {logging_mixin.py:190} INFO - [2026-09-11T12:39:34.143+0000] {dag.py:3239} INFO - Sync 1 DAGs
[2026-09-11T12:39:34.156+0000] {logging_mixin.py:190} INFO - [2026-09-11T12:39:34.156+0000] {dag.py:4180} INFO - Setting next_dagrun for credit_risk_analysis_pipeline to None, run_after=None
[2026-09-11T12:39:34.172+0000] {processor.py:208} INFO - Processing /opt/airflow/dags/pipeline.py took 0.064 seconds
[2026-09-11T12:40:04.307+0000] {processor.py:186} INFO - Started process (PID=105) to work on /opt/airflow/dags/pipeline.py
[2026-09-11T12:40:04.308+0000] {processor.py:914} INFO - Processing file /opt/airflow/dags/pipeline.py for tasks to queue
[2026-09-11T12:40:04.310+0000] {logging_mixin.py:190} INFO - [2026-09-11T12:40:04.310+0000] {dagbag.py:588} INFO - Filling up the DagBag from /opt/airflow/dags/pipeline.py
[2026-09-11T12:40:04.321+0000] {processor.py:925} INFO - DAG(s) 'credit_risk_analysis_pipeline' retrieved from /opt/airflow/dags/pipeline.py
[2026-09-11T12:40:04.343+0000] {logging_mixin.py:190} INFO - [2026-09-11T12:40:04.343+0000] {dag.py:3239} INFO - Sync 1 DAGs
[2026-09-11T12:40:04.356+0000] {logging_mixin.py:190} INFO - [2026-09-11T12:40:04.356+0000] {dag.py:4180} INFO - Setting next_dagrun for credit_risk_analysis_pipeline to None, run_after=None
[2026-09-11T12:40:04.374+0000] {processor.py:208} INFO - Processing /opt/airflow/dags/pipeline.py took 0.072 seconds
[2026-09-11T12:40:34.521+0000] {processor.py:186} INFO - Started process (PID=106) to work on /opt/airflow/dags/pipeline.py
[2026-09-11T12:40:34.522+0000] {processor.py:914} INFO - Processing file /opt/airflow/dags/pipeline.py for tasks to queue
[2026-09-11T12:40:34.525+0000] {logging_mixin.py:190} INFO - [2026-09-11T12:40:34.525+0000] {dagbag.py:588} INFO - Filling up the DagBag from /opt/airflow/dags/pipeline.py
[2026-09-11T12:40:34.534+0000] {processor.py:925} INFO - DAG(s) 'credit_risk_analysis_pipeline' retrieved from /opt/airflow/dags/pipeline.py
[2026-09-11T12:40:34.554+0000] {logging_mixin.py:190} INFO - [2026-09-11T12:40:34.553+0000] {dag.py:3239} INFO - Sync 1 DAGs
[2026-09-11T12:40:34.567+0000] {logging_mixin.py:190} INFO - [2026-09-11T12:40:34.567+0000] {dag.py:4180} INFO - Setting next_dagrun for credit_risk_analysis_pipeline to None, run_after=None
[2026-09-11T12:40:34.583+0000] {processor.py:208} INFO - Processing /opt/airflow/dags/pipeline.py took 0.067 seconds
[2026-09-11T12:40:50.639+0000] {processor.py:186} INFO - Started process (PID=107) to work on /opt/airflow/dags/pipeline.py
[2026-09-11T12:40:50.640+0000] {processor.py:914} INFO - Processing file /opt/airflow/dags/pipeline.py for tasks to queue
[2026-09-11T12:40:50.642+0000] {logging_mixin.py:190} INFO - [2026-09-11T12:40:50.642+0000] {dagbag.py:588} INFO - Filling up the DagBag from /opt/airflow/dags/pipeline.py
[2026-09-11T12:40:50.658+0000] {processor.py:925} INFO - DAG(s) 'credit_risk_analysis_pipeline' retrieved from /opt/airflow/dags/pipeline.py
[2026-09-11T12:40:50.682+0000] {logging_mixin.py:190} INFO - [2026-09-11T12:40:50.682+0000] {dag.py:3239} INFO - Sync 1 DAGs
[2026-09-11T12:40:50.696+0000] {logging_mixin.py:190} INFO - [2026-09-11T12:40:50.695+0000] {dag.py:4180} INFO - Setting next_dagrun for credit_risk_analysis_pipeline to None, run_after=None
[2026-09-11T12:40:50.717+0000] {processor.py:208} INFO - Processing /opt/airflow/dags/pipeline.py took 0.083 seconds
[2026-09-11T12:40:51.697+0000] {processor.py:186} INFO - Started process (PID=108) to work on /opt/airflow/dags/pipeline.py
[2026-09-11T12:40:51.699+0000] {processor.py:914} INFO - Processing file /opt/airflow/dags/pipeline.py for tasks to queue
[2026-09-11T12:40:51.701+0000] {logging_mixin.py:190} INFO - [2026-09-11T12:40:51.701+0000] {dagbag.py:588} INFO - Filling up the DagBag from /opt/airflow/dags/pipeline.py
[2026-09-11T12:40:51.717+0000] {processor.py:925} INFO - DAG(s) 'credit_risk_analysis_pipeline' retrieved from /opt/airflow/dags/pipeline.py
[2026-09-11T12:40:51.740+0000] {logging_mixin.py:190} INFO - [2026-09-11T12:40:51.740+0000] {dag.py:3239} INFO - Sync 1 DAGs
[2026-09-11T12:40:51.752+0000] {logging_mixin.py:190} INFO - [2026-09-11T12:40:51.752+0000] {dag.py:4180} INFO - Setting next_dagrun for credit_risk_analysis_pipeline to None, run_after=None
[2026-09-11T12:40:51.776+0000] {processor.py:208} INFO - Processing /opt/airflow/dags/pipeline.py took 0.083 seconds
[2026-09-11T12:40:52.772+0000] {processor.py:186} INFO - Started process (PID=109) to work on /opt/airflow/dags/pipeline.py
[2026-09-11T12:40:52.773+0000] {processor.py:914} INFO - Processing file /opt/airflow/dags/pipeline.py for tasks to queue
[2026-09-11T12:40:52.776+0000] {logging_mixin.py:190} INFO - [2026-09-11T12:40:52.775+0000] {dagbag.py:588} INFO - Filling up the DagBag from /opt/airflow/dags/pipeline.py
[2026-09-11T12:40:52.786+0000] {processor.py:925} INFO - DAG(s) 'credit_risk_analysis_pipeline' retrieved from /opt/airflow/dags/pipeline.py
[2026-09-11T12:40:52.812+0000] {logging_mixin.py:190} INFO - [2026-09-11T12:40:52.812+0000] {dag.py:3239} INFO - Sync 1 DAGs
[2026-09-11T12:40:52.826+0000] {logging_mixin.py:190} INFO - [2026-09-11T12:40:52.826+0000] {dag.py:4180} INFO - Setting next_dagrun for credit_risk_analysis_pipeline to None, run_after=None
[2026-09-11T12:40:52.847+0000] {processor.py:208} INFO - Processing /opt/airflow/dags/pipeline.py took 0.082 seconds
[2026-09-11T12:41:22.995+0000] {processor.py:186} INFO - Started process (PID=110) to work on /opt/airflow/dags/pipeline.py
[2026-09-11T12:41:22.996+0000] {processor.py:914} INFO - Processing file /opt/airflow/dags/pipeline.py for tasks to queue
[2026-09-11T12:41:22.998+0000] {logging_mixin.py:190} INFO - [2026-09-11T12:41:22.998+0000] {dagbag.py:588} INFO - Filling up the DagBag from /opt/airflow/dags/pipeline.py
[2026-09-11T12:41:23.010+0000] {processor.py:925} INFO - DAG(s) 'credit_risk_analysis_pipeline' retrieved from /opt/airflow/dags/pipeline.py
[2026-09-11T12:41:23.037+0000] {logging_mixin.py:190} INFO - [2026-09-11T12:41:23.037+0000] {dag.py:3239} INFO - Sync 1 DAGs
[2026-09-11T12:41:23.050+0000] {logging_mixin.py:190} INFO - [2026-09-11T12:41:23.050+0000] {dag.py:4180} INFO - Setting next_dagrun for credit_risk_analysis_pipeline to None, run_after=None
[2026-09-11T12:41:23.066+0000] {processor.py:208} INFO - Processing /opt/airflow/dags/pipeline.py took 0.077 seconds
[2026-09-11T12:41:53.213+0000] {processor.py:186} INFO - Started process (PID=111) to work on /opt/airflow/dags/pipeline.py
[2026-09-11T12:41:53.214+0000] {processor.py:914} INFO - Processing file /opt/airflow/dags/pipeline.py for tasks to queue
[2026-09-11T12:41:53.216+0000] {logging_mixin.py:190} INFO - [2026-09-11T12:41:53.216+0000] {dagbag.py:588} INFO - Filling up the DagBag from /opt/airflow/dags/pipeline.py
[2026-09-11T12:41:53.226+0000] {processor.py:925} INFO - DAG(s) 'credit_risk_analysis_pipeline' retrieved from /opt/airflow/dags/pipeline.py
[2026-09-11T12:41:53.249+0000] {logging_mixin.py:190} INFO - [2026-09-11T12:41:53.249+0000] {dag.py:3239} INFO - Sync 1 DAGs
[2026-09-11T12:41:53.263+0000] {logging_mixin.py:190} INFO - [2026-09-11T12:41:53.263+0000] {dag.py:4180} INFO - Setting next_dagrun for credit_risk_analysis_pipeline to None, run_after=None
[2026-09-11T12:41:53.280+0000] {processor.py:208} INFO - Processing /opt/airflow/dags/pipeline.py took 0.072 seconds
[2026-09-11T12:42:23.438+0000] {processor.py:186} INFO - Started process (PID=112) to work on /opt/airflow/dags/pipeline.py
[2026-09-11T12:42:23.439+0000] {processor.py:914} INFO - Processing file /opt/airflow/dags/pipeline.py for tasks to queue
[2026-09-11T12:42:23.442+0000] {logging_mixin.py:190} INFO - [2026-09-11T12:42:23.442+0000] {dagbag.py:588} INFO - Filling up the DagBag from /opt/airflow/dags/pipeline.py
[2026-09-11T12:42:23.455+0000] {processor.py:925} INFO - DAG(s) 'credit_risk_analysis_pipeline' retrieved from /opt/airflow/dags/pipeline.py
[2026-09-11T12:42:23.483+0000] {logging_mixin.py:190} INFO - [2026-09-11T12:42:23.483+0000] {dag.py:3239} INFO - Sync 1 DAGs
[2026-09-11T12:42:23.502+0000] {logging_mixin.py:190} INFO - [2026-09-11T12:42:23.502+0000] {dag.py:4180} INFO - Setting next_dagrun for credit_risk_analysis_pipeline to None, run_after=None
[2026-09-11T12:42:23.530+0000] {processor.py:208} INFO - Processing /opt/airflow/dags/pipeline.py took 0.098 seconds
[2026-09-11T12:42:53.632+0000] {processor.py:186} INFO - Started process (PID=113) to work on /opt/airflow/dags/pipeline.py
[2026-09-11T12:42:53.633+0000] {processor.py:914} INFO - Processing file /opt/airflow/dags/pipeline.py for tasks to queue
[2026-09-11T12:42:53.636+0000] {logging_mixin.py:190} INFO - [2026-09-11T12:42:53.635+0000] {dagbag.py:588} INFO - Filling up the DagBag from /opt/airflow/dags/pipeline.py
[2026-09-11T12:42:53.647+0000] {processor.py:925} INFO - DAG(s) 'credit_risk_analysis_pipeline' retrieved from /opt/airflow/dags/pipeline.py
[2026-09-11T12:42:53.678+0000] {logging_mixin.py:190} INFO - [2026-09-11T12:42:53.678+0000] {dag.py:3239} INFO - Sync 1 DAGs
[2026-09-11T12:42:53.693+0000] {logging_mixin.py:190} INFO - [2026-09-11T12:42:53.692+0000] {dag.py:4180} INFO - Setting next_dagrun for credit_risk_analysis_pipeline to None, run_after=None
[2026-09-11T12:42:53.712+0000] {processor.py:208} INFO - Processing /opt/airflow/dags/pipeline.py took 0.086 seconds
[2026-09-11T12:43:23.895+0000] {processor.py:186} INFO - Started process (PID=114) to work on /opt/airflow/dags/pipeline.py
[2026-09-11T12:43:23.896+0000] {processor.py:914} INFO - Processing file /opt/airflow/dags/pipeline.py for tasks to queue
[2026-09-11T12:43:23.899+0000] {logging_mixin.py:190} INFO - [2026-09-11T12:43:23.898+0000] {dagbag.py:588} INFO - Filling up the DagBag from /opt/airflow/dags/pipeline.py
[2026-09-11T12:43:23.909+0000] {processor.py:925} INFO - DAG(s) 'credit_risk_analysis_pipeline' retrieved from /opt/airflow/dags/pipeline.py
[2026-09-11T12:43:23.929+0000] {logging_mixin.py:190} INFO - [2026-09-11T12:43:23.929+0000] {dag.py:3239} INFO - Sync 1 DAGs
[2026-09-11T12:43:23.942+0000] {logging_mixin.py:190} INFO - [2026-09-11T12:43:23.942+0000] {dag.py:4180} INFO - Setting next_dagrun for credit_risk_analysis_pipeline to None, run_after=None
[2026-09-11T12:43:23.958+0000] {processor.py:208} INFO - Processing /opt/airflow/dags/pipeline.py took 0.067 seconds
[2026-09-11T12:43:54.118+0000] {processor.py:186} INFO - Started process (PID=115) to work on /opt/airflow/dags/pipeline.py
[2026-09-11T12:43:54.119+0000] {processor.py:914} INFO - Processing file /opt/airflow/dags/pipeline.py for tasks to queue
[2026-09-11T12:43:54.122+0000] {logging_mixin.py:190} INFO - [2026-09-11T12:43:54.122+0000] {dagbag.py:588} INFO - Filling up the DagBag from /opt/airflow/dags/pipeline.py
[2026-09-11T12:43:54.131+0000] {processor.py:925} INFO - DAG(s) 'credit_risk_analysis_pipeline' retrieved from /opt/airflow/dags/pipeline.py
[2026-09-11T12:43:54.155+0000] {logging_mixin.py:190} INFO - [2026-09-11T12:43:54.155+0000] {dag.py:3239} INFO - Sync 1 DAGs
[2026-09-11T12:43:54.168+0000] {logging_mixin.py:190} INFO - [2026-09-11T12:43:54.168+0000] {dag.py:4180} INFO - Setting next_dagrun for credit_risk_analysis_pipeline to None, run_after=None
[2026-09-11T12:43:54.186+0000] {processor.py:208} INFO - Processing /opt/airflow/dags/pipeline.py took 0.073 seconds
[2026-09-11T12:44:24.309+0000] {processor.py:186} INFO - Started process (PID=116) to work on /opt/airflow/dags/pipeline.py
[2026-09-11T12:44:24.310+0000] {processor.py:914} INFO - Processing file /opt/airflow/dags/pipeline.py for tasks to queue
[2026-09-11T12:44:24.312+0000] {logging_mixin.py:190} INFO - [2026-09-11T12:44:24.312+0000] {dagbag.py:588} INFO - Filling up the DagBag from /opt/airflow/dags/pipeline.py
[2026-09-11T12:44:24.323+0000] {processor.py:925} INFO - DAG(s) 'credit_risk_analysis_pipeline' retrieved from /opt/airflow/dags/pipeline.py
[2026-09-11T12:44:24.348+0000] {logging_mixin.py:190} INFO - [2026-09-11T12:44:24.348+0000] {dag.py:3239} INFO - Sync 1 DAGs
[2026-09-11T12:44:24.361+0000] {logging_mixin.py:190} INFO - [2026-09-11T12:44:24.361+0000] {dag.py:4180} INFO - Setting next_dagrun for credit_risk_analysis_pipeline to None, run_after=None
[2026-09-11T12:44:24.381+0000] {processor.py:208} INFO - Processing /opt/airflow/dags/pipeline.py took 0.078 seconds
[2026-09-11T12:44:54.551+0000] {processor.py:186} INFO - Started process (PID=117) to work on /opt/airflow/dags/pipeline.py
[2026-09-11T12:44:54.552+0000] {processor.py:914} INFO - Processing file /opt/airflow/dags/pipeline.py for tasks to queue
[2026-09-11T12:44:54.554+0000] {logging_mixin.py:190} INFO - [2026-09-11T12:44:54.554+0000] {dagbag.py:588} INFO - Filling up the DagBag from /opt/airflow/dags/pipeline.py
[2026-09-11T12:44:54.565+0000] {processor.py:925} INFO - DAG(s) 'credit_risk_analysis_pipeline' retrieved from /opt/airflow/dags/pipeline.py
[2026-09-11T12:44:54.587+0000] {logging_mixin.py:190} INFO - [2026-09-11T12:44:54.587+0000] {dag.py:3239} INFO - Sync 1 DAGs
[2026-09-11T12:44:54.601+0000] {logging_mixin.py:190} INFO - [2026-09-11T12:44:54.601+0000] {dag.py:4180} INFO - Setting next_dagrun for credit_risk_analysis_pipeline to None, run_after=None
[2026-09-11T12:44:54.624+0000] {processor.py:208} INFO - Processing /opt/airflow/dags/pipeline.py took 0.078 seconds
[2026-09-11T12:45:24.732+0000] {processor.py:186} INFO - Started process (PID=118) to work on /opt/airflow/dags/pipeline.py
[2026-09-11T12:45:24.733+0000] {processor.py:914} INFO - Processing file /opt/airflow/dags/pipeline.py for tasks to queue
[2026-09-11T12:45:24.736+0000] {logging_mixin.py:190} INFO - [2026-09-11T12:45:24.735+0000] {dagbag.py:588} INFO - Filling up the DagBag from /opt/airflow/dags/pipeline.py
[2026-09-11T12:45:24.746+0000] {processor.py:925} INFO - DAG(s) 'credit_risk_analysis_pipeline' retrieved from /opt/airflow/dags/pipeline.py
[2026-09-11T12:45:24.771+0000] {logging_mixin.py:190} INFO - [2026-09-11T12:45:24.771+0000] {dag.py:3239} INFO - Sync 1 DAGs
[2026-09-11T12:45:24.786+0000] {logging_mixin.py:190} INFO - [2026-09-11T12:45:24.786+0000] {dag.py:4180} INFO - Setting next_dagrun for credit_risk_analysis_pipeline to None, run_after=None
[2026-09-11T12:45:24.803+0000] {processor.py:208} INFO - Processing /opt/airflow/dags/pipeline.py took 0.077 seconds
[2026-09-11T12:45:54.995+0000] {processor.py:186} INFO - Started process (PID=119) to work on /opt/airflow/dags/pipeline.py
[2026-09-11T12:45:54.996+0000] {processor.py:914} INFO - Processing file /opt/airflow/dags/pipeline.py for tasks to queue
[2026-09-11T12:45:54.999+0000] {logging_mixin.py:190} INFO - [2026-09-11T12:45:54.998+0000] {dagbag.py:588} INFO - Filling up the DagBag from /opt/airflow/dags/pipeline.py
[2026-09-11T12:45:55.011+0000] {processor.py:925} INFO - DAG(s) 'credit_risk_analysis_pipeline' retrieved from /opt/airflow/dags/pipeline.py
[2026-09-11T12:45:55.038+0000] {logging_mixin.py:190} INFO - [2026-09-11T12:45:55.037+0000] {dag.py:3239} INFO - Sync 1 DAGs
[2026-09-11T12:45:55.052+0000] {logging_mixin.py:190} INFO - [2026-09-11T12:45:55.052+0000] {dag.py:4180} INFO - Setting next_dagrun for credit_risk_analysis_pipeline to None, run_after=None
[2026-09-11T12:45:55.073+0000] {processor.py:208} INFO - Processing /opt/airflow/dags/pipeline.py took 0.084 seconds
[2026-09-11T12:46:25.181+0000] {processor.py:186} INFO - Started process (PID=120) to work on /opt/airflow/dags/pipeline.py
[2026-09-11T12:46:25.182+0000] {processor.py:914} INFO - Processing file /opt/airflow/dags/pipeline.py for tasks to queue
[2026-09-11T12:46:25.185+0000] {logging_mixin.py:190} INFO - [2026-09-11T12:46:25.184+0000] {dagbag.py:588} INFO - Filling up the DagBag from /opt/airflow/dags/pipeline.py
[2026-09-11T12:46:25.195+0000] {processor.py:925} INFO - DAG(s) 'credit_risk_analysis_pipeline' retrieved from /opt/airflow/dags/pipeline.py
[2026-09-11T12:46:25.220+0000] {logging_mixin.py:190} INFO - [2026-09-11T12:46:25.220+0000] {dag.py:3239} INFO - Sync 1 DAGs
[2026-09-11T12:46:25.234+0000] {logging_mixin.py:190} INFO - [2026-09-11T12:46:25.234+0000] {dag.py:4180} INFO - Setting next_dagrun for credit_risk_analysis_pipeline to None, run_after=None
[2026-09-11T12:46:25.252+0000] {processor.py:208} INFO - Processing /opt/airflow/dags/pipeline.py took 0.076 seconds
[2026-09-11T12:46:55.434+0000] {processor.py:186} INFO - Started process (PID=121) to work on /opt/airflow/dags/pipeline.py
[2026-09-11T12:46:55.435+0000] {processor.py:914} INFO - Processing file /opt/airflow/dags/pipeline.py for tasks to queue
[2026-09-11T12:46:55.437+0000] {logging_mixin.py:190} INFO - [2026-09-11T12:46:55.437+0000] {dagbag.py:588} INFO - Filling up the DagBag from /opt/airflow/dags/pipeline.py
[2026-09-11T12:46:55.448+0000] {processor.py:925} INFO - DAG(s) 'credit_risk_analysis_pipeline' retrieved from /opt/airflow/dags/pipeline.py
[2026-09-11T12:46:55.470+0000] {logging_mixin.py:190} INFO - [2026-09-11T12:46:55.470+0000] {dag.py:3239} INFO - Sync 1 DAGs
[2026-09-11T12:46:55.483+0000] {logging_mixin.py:190} INFO - [2026-09-11T12:46:55.483+0000] {dag.py:4180} INFO - Setting next_dagrun for credit_risk_analysis_pipeline to None, run_after=None
[2026-09-11T12:46:55.499+0000] {processor.py:208} INFO - Processing /opt/airflow/dags/pipeline.py took 0.069 seconds
[2026-09-11T12:47:25.633+0000] {processor.py:186} INFO - Started process (PID=122) to work on /opt/airflow/dags/pipeline.py
[2026-09-11T12:47:25.634+0000] {processor.py:914} INFO - Processing file /opt/airflow/dags/pipeline.py for tasks to queue
[2026-09-11T12:47:25.637+0000] {logging_mixin.py:190} INFO - [2026-09-11T12:47:25.637+0000] {dagbag.py:588} INFO - Filling up the DagBag from /opt/airflow/dags/pipeline.py
[2026-09-11T12:47:25.648+0000] {processor.py:925} INFO - DAG(s) 'credit_risk_analysis_pipeline' retrieved from /opt/airflow/dags/pipeline.py
[2026-09-11T12:47:25.670+0000] {logging_mixin.py:190} INFO - [2026-09-11T12:47:25.670+0000] {dag.py:3239} INFO - Sync 1 DAGs
[2026-09-11T12:47:25.684+0000] {logging_mixin.py:190} INFO - [2026-09-11T12:47:25.683+0000] {dag.py:4180} INFO - Setting next_dagrun for credit_risk_analysis_pipeline to None, run_after=None
[2026-09-11T12:47:25.701+0000] {processor.py:208} INFO - Processing /opt/airflow/dags/pipeline.py took 0.074 seconds
[2026-09-11T12:47:55.847+0000] {processor.py:186} INFO - Started process (PID=123) to work on /opt/airflow/dags/pipeline.py
[2026-09-11T12:47:55.848+0000] {processor.py:914} INFO - Processing file /opt/airflow/dags/pipeline.py for tasks to queue
[2026-09-11T12:47:55.850+0000] {logging_mixin.py:190} INFO - [2026-09-11T12:47:55.850+0000] {dagbag.py:588} INFO - Filling up the DagBag from /opt/airflow/dags/pipeline.py
[2026-09-11T12:47:55.860+0000] {processor.py:925} INFO - DAG(s) 'credit_risk_analysis_pipeline' retrieved from /opt/airflow/dags/pipeline.py
[2026-09-11T12:47:55.881+0000] {logging_mixin.py:190} INFO - [2026-09-11T12:47:55.881+0000] {dag.py:3239} INFO - Sync 1 DAGs
[2026-09-11T12:47:55.893+0000] {logging_mixin.py:190} INFO - [2026-09-11T12:47:55.893+0000] {dag.py:4180} INFO - Setting next_dagrun for credit_risk_analysis_pipeline to None, run_after=None
[2026-09-11T12:47:55.914+0000] {processor.py:208} INFO - Processing /opt/airflow/dags/pipeline.py took 0.072 seconds
[2026-09-11T12:48:26.040+0000] {processor.py:186} INFO - Started process (PID=124) to work on /opt/airflow/dags/pipeline.py
[2026-09-11T12:48:26.041+0000] {processor.py:914} INFO - Processing file /opt/airflow/dags/pipeline.py for tasks to queue
[2026-09-11T12:48:26.043+0000] {logging_mixin.py:190} INFO - [2026-09-11T12:48:26.043+0000] {dagbag.py:588} INFO - Filling up the DagBag from /opt/airflow/dags/pipeline.py
[2026-09-11T12:48:26.055+0000] {processor.py:925} INFO - DAG(s) 'credit_risk_analysis_pipeline' retrieved from /opt/airflow/dags/pipeline.py
[2026-09-11T12:48:26.079+0000] {logging_mixin.py:190} INFO - [2026-09-11T12:48:26.078+0000] {dag.py:3239} INFO - Sync 1 DAGs
[2026-09-11T12:48:26.092+0000] {logging_mixin.py:190} INFO - [2026-09-11T12:48:26.091+0000] {dag.py:4180} INFO - Setting next_dagrun for credit_risk_analysis_pipeline to None, run_after=None
[2026-09-11T12:48:26.108+0000] {processor.py:208} INFO - Processing /opt/airflow/dags/pipeline.py took 0.074 seconds
[2026-09-11T12:48:56.291+0000] {processor.py:186} INFO - Started process (PID=125) to work on /opt/airflow/dags/pipeline.py
[2026-09-11T12:48:56.292+0000] {processor.py:914} INFO - Processing file /opt/airflow/dags/pipeline.py for tasks to queue
[2026-09-11T12:48:56.294+0000] {logging_mixin.py:190} INFO - [2026-09-11T12:48:56.294+0000] {dagbag.py:588} INFO - Filling up the DagBag from /opt/airflow/dags/pipeline.py
[2026-09-11T12:48:56.305+0000] {processor.py:925} INFO - DAG(s) 'credit_risk_analysis_pipeline' retrieved from /opt/airflow/dags/pipeline.py
[2026-09-11T12:48:56.328+0000] {logging_mixin.py:190} INFO - [2026-09-11T12:48:56.327+0000] {dag.py:3239} INFO - Sync 1 DAGs
[2026-09-11T12:48:56.341+0000] {logging_mixin.py:190} INFO - [2026-09-11T12:48:56.340+0000] {dag.py:4180} INFO - Setting next_dagrun for credit_risk_analysis_pipeline to None, run_after=None
[2026-09-11T12:48:56.358+0000] {processor.py:208} INFO - Processing /opt/airflow/dags/pipeline.py took 0.072 seconds
[2026-09-11T12:49:26.480+0000] {processor.py:186} INFO - Started process (PID=126) to work on /opt/airflow/dags/pipeline.py
[2026-09-11T12:49:26.481+0000] {processor.py:914} INFO - Processing file /opt/airflow/dags/pipeline.py for tasks to queue
[2026-09-11T12:49:26.484+0000] {logging_mixin.py:190} INFO - [2026-09-11T12:49:26.484+0000] {dagbag.py:588} INFO - Filling up the DagBag from /opt/airflow/dags/pipeline.py
[2026-09-11T12:49:26.494+0000] {processor.py:925} INFO - DAG(s) 'credit_risk_analysis_pipeline' retrieved from /opt/airflow/dags/pipeline.py
[2026-09-11T12:49:26.517+0000] {logging_mixin.py:190} INFO - [2026-09-11T12:49:26.516+0000] {dag.py:3239} INFO - Sync 1 DAGs
[2026-09-11T12:49:26.529+0000] {logging_mixin.py:190} INFO - [2026-09-11T12:49:26.529+0000] {dag.py:4180} INFO - Setting next_dagrun for credit_risk_analysis_pipeline to None, run_after=None
[2026-09-11T12:49:26.550+0000] {processor.py:208} INFO - Processing /opt/airflow/dags/pipeline.py took 0.075 seconds
[2026-09-11T12:49:56.718+0000] {processor.py:186} INFO - Started process (PID=127) to work on /opt/airflow/dags/pipeline.py
[2026-09-11T12:49:56.719+0000] {processor.py:914} INFO - Processing file /opt/airflow/dags/pipeline.py for tasks to queue
[2026-09-11T12:49:56.721+0000] {logging_mixin.py:190} INFO - [2026-09-11T12:49:56.721+0000] {dagbag.py:588} INFO - Filling up the DagBag from /opt/airflow/dags/pipeline.py
[2026-09-11T12:49:56.732+0000] {processor.py:925} INFO - DAG(s) 'credit_risk_analysis_pipeline' retrieved from /opt/airflow/dags/pipeline.py
[2026-09-11T12:49:56.756+0000] {logging_mixin.py:190} INFO - [2026-09-11T12:49:56.756+0000] {dag.py:3239} INFO - Sync 1 DAGs
[2026-09-11T12:49:56.770+0000] {logging_mixin.py:190} INFO - [2026-09-11T12:49:56.770+0000] {dag.py:4180} INFO - Setting next_dagrun for credit_risk_analysis_pipeline to None, run_after=None
[2026-09-11T12:49:56.789+0000] {processor.py:208} INFO - Processing /opt/airflow/dags/pipeline.py took 0.076 seconds
[2026-09-11T12:50:26.922+0000] {processor.py:186} INFO - Started process (PID=128) to work on /opt/airflow/dags/pipeline.py
[2026-09-11T12:50:26.923+0000] {processor.py:914} INFO - Processing file /opt/airflow/dags/pipeline.py for tasks to queue
[2026-09-11T12:50:26.925+0000] {logging_mixin.py:190} INFO - [2026-09-11T12:50:26.925+0000] {dagbag.py:588} INFO - Filling up the DagBag from /opt/airflow/dags/pipeline.py
[2026-09-11T12:50:26.935+0000] {processor.py:925} INFO - DAG(s) 'credit_risk_analysis_pipeline' retrieved from /opt/airflow/dags/pipeline.py
[2026-09-11T12:50:26.957+0000] {logging_mixin.py:190} INFO - [2026-09-11T12:50:26.957+0000] {dag.py:3239} INFO - Sync 1 DAGs
[2026-09-11T12:50:26.969+0000] {logging_mixin.py:190} INFO - [2026-09-11T12:50:26.969+0000] {dag.py:4180} INFO - Setting next_dagrun for credit_risk_analysis_pipeline to None, run_after=None
[2026-09-11T12:50:26.990+0000] {processor.py:208} INFO - Processing /opt/airflow/dags/pipeline.py took 0.072 seconds
[2026-09-11T12:50:57.166+0000] {processor.py:186} INFO - Started process (PID=129) to work on /opt/airflow/dags/pipeline.py
[2026-09-11T12:50:57.168+0000] {processor.py:914} INFO - Processing file /opt/airflow/dags/pipeline.py for tasks to queue
[2026-09-11T12:50:57.170+0000] {logging_mixin.py:190} INFO - [2026-09-11T12:50:57.170+0000] {dagbag.py:588} INFO - Filling up the DagBag from /opt/airflow/dags/pipeline.py
[2026-09-11T12:50:57.183+0000] {processor.py:925} INFO - DAG(s) 'credit_risk_analysis_pipeline' retrieved from /opt/airflow/dags/pipeline.py
[2026-09-11T12:50:57.210+0000] {logging_mixin.py:190} INFO - [2026-09-11T12:50:57.209+0000] {dag.py:3239} INFO - Sync 1 DAGs
[2026-09-11T12:50:57.225+0000] {logging_mixin.py:190} INFO - [2026-09-11T12:50:57.225+0000] {dag.py:4180} INFO - Setting next_dagrun for credit_risk_analysis_pipeline to None, run_after=None
[2026-09-11T12:50:57.247+0000] {processor.py:208} INFO - Processing /opt/airflow/dags/pipeline.py took 0.086 seconds
[2026-09-11T12:51:27.360+0000] {processor.py:186} INFO - Started process (PID=130) to work on /opt/airflow/dags/pipeline.py
[2026-09-11T12:51:27.361+0000] {processor.py:914} INFO - Processing file /opt/airflow/dags/pipeline.py for tasks to queue
[2026-09-11T12:51:27.364+0000] {logging_mixin.py:190} INFO - [2026-09-11T12:51:27.363+0000] {dagbag.py:588} INFO - Filling up the DagBag from /opt/airflow/dags/pipeline.py
[2026-09-11T12:51:27.373+0000] {processor.py:925} INFO - DAG(s) 'credit_risk_analysis_pipeline' retrieved from /opt/airflow/dags/pipeline.py
[2026-09-11T12:51:27.395+0000] {logging_mixin.py:190} INFO - [2026-09-11T12:51:27.395+0000] {dag.py:3239} INFO - Sync 1 DAGs
[2026-09-11T12:51:27.408+0000] {logging_mixin.py:190} INFO - [2026-09-11T12:51:27.408+0000] {dag.py:4180} INFO - Setting next_dagrun for credit_risk_analysis_pipeline to None, run_after=None
[2026-09-11T12:51:27.428+0000] {processor.py:208} INFO - Processing /opt/airflow/dags/pipeline.py took 0.073 seconds
[2026-09-11T12:51:57.618+0000] {processor.py:186} INFO - Started process (PID=131) to work on /opt/airflow/dags/pipeline.py
[2026-09-11T12:51:57.619+0000] {processor.py:914} INFO - Processing file /opt/airflow/dags/pipeline.py for tasks to queue
[2026-09-11T12:51:57.621+0000] {logging_mixin.py:190} INFO - [2026-09-11T12:51:57.621+0000] {dagbag.py:588} INFO - Filling up the DagBag from /opt/airflow/dags/pipeline.py
[2026-09-11T12:51:57.632+0000] {processor.py:925} INFO - DAG(s) 'credit_risk_analysis_pipeline' retrieved from /opt/airflow/dags/pipeline.py
[2026-09-11T12:51:57.655+0000] {logging_mixin.py:190} INFO - [2026-09-11T12:51:57.655+0000] {dag.py:3239} INFO - Sync 1 DAGs
[2026-09-11T12:51:57.668+0000] {logging_mixin.py:190} INFO - [2026-09-11T12:51:57.668+0000] {dag.py:4180} INFO - Setting next_dagrun for credit_risk_analysis_pipeline to None, run_after=None
[2026-09-11T12:51:57.685+0000] {processor.py:208} INFO - Processing /opt/airflow/dags/pipeline.py took 0.071 seconds
[2026-09-11T12:52:27.816+0000] {processor.py:186} INFO - Started process (PID=132) to work on /opt/airflow/dags/pipeline.py
[2026-09-11T12:52:27.817+0000] {processor.py:914} INFO - Processing file /opt/airflow/dags/pipeline.py for tasks to queue
[2026-09-11T12:52:27.820+0000] {logging_mixin.py:190} INFO - [2026-09-11T12:52:27.820+0000] {dagbag.py:588} INFO - Filling up the DagBag from /opt/airflow/dags/pipeline.py
[2026-09-11T12:52:27.829+0000] {processor.py:925} INFO - DAG(s) 'credit_risk_analysis_pipeline' retrieved from /opt/airflow/dags/pipeline.py
[2026-09-11T12:52:27.851+0000] {logging_mixin.py:190} INFO - [2026-09-11T12:52:27.851+0000] {dag.py:3239} INFO - Sync 1 DAGs
[2026-09-11T12:52:27.863+0000] {logging_mixin.py:190} INFO - [2026-09-11T12:52:27.863+0000] {dag.py:4180} INFO - Setting next_dagrun for credit_risk_analysis_pipeline to None, run_after=None
[2026-09-11T12:52:27.879+0000] {processor.py:208} INFO - Processing /opt/airflow/dags/pipeline.py took 0.068 seconds
[2026-09-11T12:52:58.060+0000] {processor.py:186} INFO - Started process (PID=133) to work on /opt/airflow/dags/pipeline.py
[2026-09-11T12:52:58.062+0000] {processor.py:914} INFO - Processing file /opt/airflow/dags/pipeline.py for tasks to queue
[2026-09-11T12:52:58.065+0000] {logging_mixin.py:190} INFO - [2026-09-11T12:52:58.065+0000] {dagbag.py:588} INFO - Filling up the DagBag from /opt/airflow/dags/pipeline.py
[2026-09-11T12:52:58.082+0000] {processor.py:925} INFO - DAG(s) 'credit_risk_analysis_pipeline' retrieved from /opt/airflow/dags/pipeline.py
[2026-09-11T12:52:58.114+0000] {logging_mixin.py:190} INFO - [2026-09-11T12:52:58.113+0000] {dag.py:3239} INFO - Sync 1 DAGs
[2026-09-11T12:52:58.130+0000] {logging_mixin.py:190} INFO - [2026-09-11T12:52:58.130+0000] {dag.py:4180} INFO - Setting next_dagrun for credit_risk_analysis_pipeline to None, run_after=None
[2026-09-11T12:52:58.152+0000] {processor.py:208} INFO - Processing /opt/airflow/dags/pipeline.py took 0.099 seconds
[2026-09-11T12:53:28.251+0000] {processor.py:186} INFO - Started process (PID=134) to work on /opt/airflow/dags/pipeline.py
[2026-09-11T12:53:28.253+0000] {processor.py:914} INFO - Processing file /opt/airflow/dags/pipeline.py for tasks to queue
[2026-09-11T12:53:28.255+0000] {logging_mixin.py:190} INFO - [2026-09-11T12:53:28.255+0000] {dagbag.py:588} INFO - Filling up the DagBag from /opt/airflow/dags/pipeline.py
[2026-09-11T12:53:28.265+0000] {processor.py:925} INFO - DAG(s) 'credit_risk_analysis_pipeline' retrieved from /opt/airflow/dags/pipeline.py
[2026-09-11T12:53:28.289+0000] {logging_mixin.py:190} INFO - [2026-09-11T12:53:28.288+0000] {dag.py:3239} INFO - Sync 1 DAGs
[2026-09-11T12:53:28.302+0000] {logging_mixin.py:190} INFO - [2026-09-11T12:53:28.301+0000] {dag.py:4180} INFO - Setting next_dagrun for credit_risk_analysis_pipeline to None, run_after=None
[2026-09-11T12:53:28.322+0000] {processor.py:208} INFO - Processing /opt/airflow/dags/pipeline.py took 0.076 seconds
[2026-09-11T12:53:58.541+0000] {processor.py:186} INFO - Started process (PID=135) to work on /opt/airflow/dags/pipeline.py
[2026-09-11T12:53:58.542+0000] {processor.py:914} INFO - Processing file /opt/airflow/dags/pipeline.py for tasks to queue
[2026-09-11T12:53:58.544+0000] {logging_mixin.py:190} INFO - [2026-09-11T12:53:58.544+0000] {dagbag.py:588} INFO - Filling up the DagBag from /opt/airflow/dags/pipeline.py
[2026-09-11T12:53:58.554+0000] {processor.py:925} INFO - DAG(s) 'credit_risk_analysis_pipeline' retrieved from /opt/airflow/dags/pipeline.py
[2026-09-11T12:53:58.575+0000] {logging_mixin.py:190} INFO - [2026-09-11T12:53:58.575+0000] {dag.py:3239} INFO - Sync 1 DAGs
[2026-09-11T12:53:58.588+0000] {logging_mixin.py:190} INFO - [2026-09-11T12:53:58.588+0000] {dag.py:4180} INFO - Setting next_dagrun for credit_risk_analysis_pipeline to None, run_after=None
[2026-09-11T12:53:58.609+0000] {processor.py:208} INFO - Processing /opt/airflow/dags/pipeline.py took 0.072 seconds
[2026-09-11T12:54:28.732+0000] {processor.py:186} INFO - Started process (PID=136) to work on /opt/airflow/dags/pipeline.py
[2026-09-11T12:54:28.733+0000] {processor.py:914} INFO - Processing file /opt/airflow/dags/pipeline.py for tasks to queue
[2026-09-11T12:54:28.735+0000] {logging_mixin.py:190} INFO - [2026-09-11T12:54:28.735+0000] {dagbag.py:588} INFO - Filling up the DagBag from /opt/airflow/dags/pipeline.py
[2026-09-11T12:54:28.746+0000] {processor.py:925} INFO - DAG(s) 'credit_risk_analysis_pipeline' retrieved from /opt/airflow/dags/pipeline.py
[2026-09-11T12:54:28.771+0000] {logging_mixin.py:190} INFO - [2026-09-11T12:54:28.771+0000] {dag.py:3239} INFO - Sync 1 DAGs
[2026-09-11T12:54:28.786+0000] {logging_mixin.py:190} INFO - [2026-09-11T12:54:28.786+0000] {dag.py:4180} INFO - Setting next_dagrun for credit_risk_analysis_pipeline to None, run_after=None
[2026-09-11T12:54:28.807+0000] {processor.py:208} INFO - Processing /opt/airflow/dags/pipeline.py took 0.080 seconds
[2026-09-11T12:54:58.968+0000] {processor.py:186} INFO - Started process (PID=137) to work on /opt/airflow/dags/pipeline.py
[2026-09-11T12:54:58.969+0000] {processor.py:914} INFO - Processing file /opt/airflow/dags/pipeline.py for tasks to queue
[2026-09-11T12:54:58.972+0000] {logging_mixin.py:190} INFO - [2026-09-11T12:54:58.972+0000] {dagbag.py:588} INFO - Filling up the DagBag from /opt/airflow/dags/pipeline.py
[2026-09-11T12:54:58.983+0000] {processor.py:925} INFO - DAG(s) 'credit_risk_analysis_pipeline' retrieved from /opt/airflow/dags/pipeline.py
[2026-09-11T12:54:59.005+0000] {logging_mixin.py:190} INFO - [2026-09-11T12:54:59.004+0000] {dag.py:3239} INFO - Sync 1 DAGs
[2026-09-11T12:54:59.017+0000] {logging_mixin.py:190} INFO - [2026-09-11T12:54:59.017+0000] {dag.py:4180} INFO - Setting next_dagrun for credit_risk_analysis_pipeline to None, run_after=None
[2026-09-11T12:54:59.032+0000] {processor.py:208} INFO - Processing /opt/airflow/dags/pipeline.py took 0.069 seconds
[2026-09-11T12:55:29.167+0000] {processor.py:186} INFO - Started process (PID=138) to work on /opt/airflow/dags/pipeline.py
[2026-09-11T12:55:29.168+0000] {processor.py:914} INFO - Processing file /opt/airflow/dags/pipeline.py for tasks to queue
[2026-09-11T12:55:29.171+0000] {logging_mixin.py:190} INFO - [2026-09-11T12:55:29.170+0000] {dagbag.py:588} INFO - Filling up the DagBag from /opt/airflow/dags/pipeline.py
[2026-09-11T12:55:29.180+0000] {processor.py:925} INFO - DAG(s) 'credit_risk_analysis_pipeline' retrieved from /opt/airflow/dags/pipeline.py
[2026-09-11T12:55:29.205+0000] {logging_mixin.py:190} INFO - [2026-09-11T12:55:29.205+0000] {dag.py:3239} INFO - Sync 1 DAGs
[2026-09-11T12:55:29.220+0000] {logging_mixin.py:190} INFO - [2026-09-11T12:55:29.220+0000] {dag.py:4180} INFO - Setting next_dagrun for credit_risk_analysis_pipeline to None, run_after=None
[2026-09-11T12:55:29.237+0000] {processor.py:208} INFO - Processing /opt/airflow/dags/pipeline.py took 0.075 seconds
[2026-09-11T12:55:59.398+0000] {processor.py:186} INFO - Started process (PID=139) to work on /opt/airflow/dags/pipeline.py
[2026-09-11T12:55:59.399+0000] {processor.py:914} INFO - Processing file /opt/airflow/dags/pipeline.py for tasks to queue
[2026-09-11T12:55:59.402+0000] {logging_mixin.py:190} INFO - [2026-09-11T12:55:59.401+0000] {dagbag.py:588} INFO - Filling up the DagBag from /opt/airflow/dags/pipeline.py
[2026-09-11T12:55:59.412+0000] {processor.py:925} INFO - DAG(s) 'credit_risk_analysis_pipeline' retrieved from /opt/airflow/dags/pipeline.py
[2026-09-11T12:55:59.432+0000] {logging_mixin.py:190} INFO - [2026-09-11T12:55:59.432+0000] {dag.py:3239} INFO - Sync 1 DAGs
[2026-09-11T12:55:59.445+0000] {logging_mixin.py:190} INFO - [2026-09-11T12:55:59.445+0000] {dag.py:4180} INFO - Setting next_dagrun for credit_risk_analysis_pipeline to None, run_after=None
[2026-09-11T12:55:59.616+0000] {processor.py:208} INFO - Processing /opt/airflow/dags/pipeline.py took 0.223 seconds
[2026-09-11T12:56:29.806+0000] {processor.py:186} INFO - Started process (PID=140) to work on /opt/airflow/dags/pipeline.py
[2026-09-11T12:56:29.807+0000] {processor.py:914} INFO - Processing file /opt/airflow/dags/pipeline.py for tasks to queue
[2026-09-11T12:56:29.810+0000] {logging_mixin.py:190} INFO - [2026-09-11T12:56:29.810+0000] {dagbag.py:588} INFO - Filling up the DagBag from /opt/airflow/dags/pipeline.py
[2026-09-11T12:56:29.821+0000] {processor.py:925} INFO - DAG(s) 'credit_risk_analysis_pipeline' retrieved from /opt/airflow/dags/pipeline.py
[2026-09-11T12:56:29.845+0000] {logging_mixin.py:190} INFO - [2026-09-11T12:56:29.845+0000] {dag.py:3239} INFO - Sync 1 DAGs
[2026-09-11T12:56:29.859+0000] {logging_mixin.py:190} INFO - [2026-09-11T12:56:29.859+0000] {dag.py:4180} INFO - Setting next_dagrun for credit_risk_analysis_pipeline to None, run_after=None
[2026-09-11T12:56:29.880+0000] {processor.py:208} INFO - Processing /opt/airflow/dags/pipeline.py took 0.079 seconds
[2026-09-11T12:56:59.998+0000] {processor.py:186} INFO - Started process (PID=141) to work on /opt/airflow/dags/pipeline.py
[2026-09-11T12:56:59.999+0000] {processor.py:914} INFO - Processing file /opt/airflow/dags/pipeline.py for tasks to queue
[2026-09-11T12:57:00.001+0000] {logging_mixin.py:190} INFO - [2026-09-11T12:57:00.001+0000] {dagbag.py:588} INFO - Filling up the DagBag from /opt/airflow/dags/pipeline.py
[2026-09-11T12:57:00.017+0000] {processor.py:925} INFO - DAG(s) 'credit_risk_analysis_pipeline' retrieved from /opt/airflow/dags/pipeline.py
[2026-09-11T12:57:00.047+0000] {logging_mixin.py:190} INFO - [2026-09-11T12:57:00.046+0000] {dag.py:3239} INFO - Sync 1 DAGs
[2026-09-11T12:57:00.062+0000] {logging_mixin.py:190} INFO - [2026-09-11T12:57:00.061+0000] {dag.py:4180} INFO - Setting next_dagrun for credit_risk_analysis_pipeline to None, run_after=None
[2026-09-11T12:57:00.081+0000] {processor.py:208} INFO - Processing /opt/airflow/dags/pipeline.py took 0.089 seconds
[2026-09-11T12:57:30.242+0000] {processor.py:186} INFO - Started process (PID=142) to work on /opt/airflow/dags/pipeline.py
[2026-09-11T12:57:30.243+0000] {processor.py:914} INFO - Processing file /opt/airflow/dags/pipeline.py for tasks to queue
[2026-09-11T12:57:30.248+0000] {logging_mixin.py:190} INFO - [2026-09-11T12:57:30.248+0000] {dagbag.py:588} INFO - Filling up the DagBag from /opt/airflow/dags/pipeline.py
[2026-09-11T12:57:30.264+0000] {processor.py:925} INFO - DAG(s) 'credit_risk_analysis_pipeline' retrieved from /opt/airflow/dags/pipeline.py
[2026-09-11T12:57:30.290+0000] {logging_mixin.py:190} INFO - [2026-09-11T12:57:30.290+0000] {dag.py:3239} INFO - Sync 1 DAGs
[2026-09-11T12:57:30.306+0000] {logging_mixin.py:190} INFO - [2026-09-11T12:57:30.306+0000] {dag.py:4180} INFO - Setting next_dagrun for credit_risk_analysis_pipeline to None, run_after=None
[2026-09-11T12:57:30.334+0000] {processor.py:208} INFO - Processing /opt/airflow/dags/pipeline.py took 0.099 seconds
[2026-09-11T12:58:00.442+0000] {processor.py:186} INFO - Started process (PID=143) to work on /opt/airflow/dags/pipeline.py
[2026-09-11T12:58:00.443+0000] {processor.py:914} INFO - Processing file /opt/airflow/dags/pipeline.py for tasks to queue
[2026-09-11T12:58:00.446+0000] {logging_mixin.py:190} INFO - [2026-09-11T12:58:00.445+0000] {dagbag.py:588} INFO - Filling up the DagBag from /opt/airflow/dags/pipeline.py
[2026-09-11T12:58:00.457+0000] {processor.py:925} INFO - DAG(s) 'credit_risk_analysis_pipeline' retrieved from /opt/airflow/dags/pipeline.py
[2026-09-11T12:58:00.488+0000] {logging_mixin.py:190} INFO - [2026-09-11T12:58:00.487+0000] {dag.py:3239} INFO - Sync 1 DAGs
[2026-09-11T12:58:00.504+0000] {logging_mixin.py:190} INFO - [2026-09-11T12:58:00.504+0000] {dag.py:4180} INFO - Setting next_dagrun for credit_risk_analysis_pipeline to None, run_after=None
[2026-09-11T12:58:00.520+0000] {processor.py:208} INFO - Processing /opt/airflow/dags/pipeline.py took 0.083 seconds
[2026-09-11T12:58:30.718+0000] {processor.py:186} INFO - Started process (PID=144) to work on /opt/airflow/dags/pipeline.py
[2026-09-11T12:58:30.719+0000] {processor.py:914} INFO - Processing file /opt/airflow/dags/pipeline.py for tasks to queue
[2026-09-11T12:58:30.723+0000] {logging_mixin.py:190} INFO - [2026-09-11T12:58:30.722+0000] {dagbag.py:588} INFO - Filling up the DagBag from /opt/airflow/dags/pipeline.py
[2026-09-11T12:58:30.737+0000] {processor.py:925} INFO - DAG(s) 'credit_risk_analysis_pipeline' retrieved from /opt/airflow/dags/pipeline.py
[2026-09-11T12:58:30.767+0000] {logging_mixin.py:190} INFO - [2026-09-11T12:58:30.767+0000] {dag.py:3239} INFO - Sync 1 DAGs
[2026-09-11T12:58:30.784+0000] {logging_mixin.py:190} INFO - [2026-09-11T12:58:30.783+0000] {dag.py:4180} INFO - Setting next_dagrun for credit_risk_analysis_pipeline to None, run_after=None
[2026-09-11T12:58:30.803+0000] {processor.py:208} INFO - Processing /opt/airflow/dags/pipeline.py took 0.092 seconds
[2026-09-11T12:59:00.943+0000] {processor.py:186} INFO - Started process (PID=145) to work on /opt/airflow/dags/pipeline.py
[2026-09-11T12:59:00.944+0000] {processor.py:914} INFO - Processing file /opt/airflow/dags/pipeline.py for tasks to queue
[2026-09-11T12:59:00.948+0000] {logging_mixin.py:190} INFO - [2026-09-11T12:59:00.948+0000] {dagbag.py:588} INFO - Filling up the DagBag from /opt/airflow/dags/pipeline.py
[2026-09-11T12:59:00.960+0000] {processor.py:925} INFO - DAG(s) 'credit_risk_analysis_pipeline' retrieved from /opt/airflow/dags/pipeline.py
[2026-09-11T12:59:00.993+0000] {logging_mixin.py:190} INFO - [2026-09-11T12:59:00.992+0000] {dag.py:3239} INFO - Sync 1 DAGs
[2026-09-11T12:59:01.009+0000] {logging_mixin.py:190} INFO - [2026-09-11T12:59:01.009+0000] {dag.py:4180} INFO - Setting next_dagrun for credit_risk_analysis_pipeline to None, run_after=None
[2026-09-11T12:59:01.198+0000] {processor.py:208} INFO - Processing /opt/airflow/dags/pipeline.py took 0.263 seconds
[2026-09-11T12:59:31.396+0000] {processor.py:186} INFO - Started process (PID=146) to work on /opt/airflow/dags/pipeline.py
[2026-09-11T12:59:31.397+0000] {processor.py:914} INFO - Processing file /opt/airflow/dags/pipeline.py for tasks to queue
[2026-09-11T12:59:31.399+0000] {logging_mixin.py:190} INFO - [2026-09-11T12:59:31.399+0000] {dagbag.py:588} INFO - Filling up the DagBag from /opt/airflow/dags/pipeline.py
[2026-09-11T12:59:31.412+0000] {processor.py:925} INFO - DAG(s) 'credit_risk_analysis_pipeline' retrieved from /opt/airflow/dags/pipeline.py
[2026-09-11T12:59:31.441+0000] {logging_mixin.py:190} INFO - [2026-09-11T12:59:31.441+0000] {dag.py:3239} INFO - Sync 1 DAGs
[2026-09-11T12:59:31.455+0000] {logging_mixin.py:190} INFO - [2026-09-11T12:59:31.455+0000] {dag.py:4180} INFO - Setting next_dagrun for credit_risk_analysis_pipeline to None, run_after=None
[2026-09-11T12:59:31.472+0000] {processor.py:208} INFO - Processing /opt/airflow/dags/pipeline.py took 0.081 seconds
[2026-09-11T13:00:01.583+0000] {processor.py:186} INFO - Started process (PID=147) to work on /opt/airflow/dags/pipeline.py
[2026-09-11T13:00:01.585+0000] {processor.py:914} INFO - Processing file /opt/airflow/dags/pipeline.py for tasks to queue
[2026-09-11T13:00:01.588+0000] {logging_mixin.py:190} INFO - [2026-09-11T13:00:01.588+0000] {dagbag.py:588} INFO - Filling up the DagBag from /opt/airflow/dags/pipeline.py
[2026-09-11T13:00:01.601+0000] {processor.py:925} INFO - DAG(s) 'credit_risk_analysis_pipeline' retrieved from /opt/airflow/dags/pipeline.py
[2026-09-11T13:00:01.652+0000] {logging_mixin.py:190} INFO - [2026-09-11T13:00:01.651+0000] {dag.py:3239} INFO - Sync 1 DAGs
[2026-09-11T13:00:01.679+0000] {logging_mixin.py:190} INFO - [2026-09-11T13:00:01.679+0000] {dag.py:4180} INFO - Setting next_dagrun for credit_risk_analysis_pipeline to None, run_after=None
[2026-09-11T13:00:01.713+0000] {processor.py:208} INFO - Processing /opt/airflow/dags/pipeline.py took 0.136 seconds
[2026-09-11T13:00:31.841+0000] {processor.py:186} INFO - Started process (PID=148) to work on /opt/airflow/dags/pipeline.py
[2026-09-11T13:00:31.842+0000] {processor.py:914} INFO - Processing file /opt/airflow/dags/pipeline.py for tasks to queue
[2026-09-11T13:00:31.845+0000] {logging_mixin.py:190} INFO - [2026-09-11T13:00:31.844+0000] {dagbag.py:588} INFO - Filling up the DagBag from /opt/airflow/dags/pipeline.py
[2026-09-11T13:00:31.858+0000] {processor.py:925} INFO - DAG(s) 'credit_risk_analysis_pipeline' retrieved from /opt/airflow/dags/pipeline.py
[2026-09-11T13:00:31.887+0000] {logging_mixin.py:190} INFO - [2026-09-11T13:00:31.886+0000] {dag.py:3239} INFO - Sync 1 DAGs
[2026-09-11T13:00:31.902+0000] {logging_mixin.py:190} INFO - [2026-09-11T13:00:31.902+0000] {dag.py:4180} INFO - Setting next_dagrun for credit_risk_analysis_pipeline to None, run_after=None
[2026-09-11T13:00:31.922+0000] {processor.py:208} INFO - Processing /opt/airflow/dags/pipeline.py took 0.089 seconds
[2026-09-11T13:01:02.074+0000] {processor.py:186} INFO - Started process (PID=149) to work on /opt/airflow/dags/pipeline.py
[2026-09-11T13:01:02.075+0000] {processor.py:914} INFO - Processing file /opt/airflow/dags/pipeline.py for tasks to queue
[2026-09-11T13:01:02.077+0000] {logging_mixin.py:190} INFO - [2026-09-11T13:01:02.077+0000] {dagbag.py:588} INFO - Filling up the DagBag from /opt/airflow/dags/pipeline.py
[2026-09-11T13:01:02.087+0000] {processor.py:925} INFO - DAG(s) 'credit_risk_analysis_pipeline' retrieved from /opt/airflow/dags/pipeline.py
[2026-09-11T13:01:02.109+0000] {logging_mixin.py:190} INFO - [2026-09-11T13:01:02.109+0000] {dag.py:3239} INFO - Sync 1 DAGs
[2026-09-11T13:01:02.123+0000] {logging_mixin.py:190} INFO - [2026-09-11T13:01:02.122+0000] {dag.py:4180} INFO - Setting next_dagrun for credit_risk_analysis_pipeline to None, run_after=None
[2026-09-11T13:01:02.139+0000] {processor.py:208} INFO - Processing /opt/airflow/dags/pipeline.py took 0.071 seconds
[2026-09-11T13:01:32.274+0000] {processor.py:186} INFO - Started process (PID=150) to work on /opt/airflow/dags/pipeline.py
[2026-09-11T13:01:32.276+0000] {processor.py:914} INFO - Processing file /opt/airflow/dags/pipeline.py for tasks to queue
[2026-09-11T13:01:32.279+0000] {logging_mixin.py:190} INFO - [2026-09-11T13:01:32.278+0000] {dagbag.py:588} INFO - Filling up the DagBag from /opt/airflow/dags/pipeline.py
[2026-09-11T13:01:32.289+0000] {processor.py:925} INFO - DAG(s) 'credit_risk_analysis_pipeline' retrieved from /opt/airflow/dags/pipeline.py
[2026-09-11T13:01:32.315+0000] {logging_mixin.py:190} INFO - [2026-09-11T13:01:32.315+0000] {dag.py:3239} INFO - Sync 1 DAGs
[2026-09-11T13:01:32.330+0000] {logging_mixin.py:190} INFO - [2026-09-11T13:01:32.330+0000] {dag.py:4180} INFO - Setting next_dagrun for credit_risk_analysis_pipeline to None, run_after=None
[2026-09-11T13:01:32.350+0000] {processor.py:208} INFO - Processing /opt/airflow/dags/pipeline.py took 0.081 seconds
[2026-09-11T13:02:02.503+0000] {processor.py:186} INFO - Started process (PID=151) to work on /opt/airflow/dags/pipeline.py
[2026-09-11T13:02:02.504+0000] {processor.py:914} INFO - Processing file /opt/airflow/dags/pipeline.py for tasks to queue
[2026-09-11T13:02:02.506+0000] {logging_mixin.py:190} INFO - [2026-09-11T13:02:02.506+0000] {dagbag.py:588} INFO - Filling up the DagBag from /opt/airflow/dags/pipeline.py
[2026-09-11T13:02:02.518+0000] {processor.py:925} INFO - DAG(s) 'credit_risk_analysis_pipeline' retrieved from /opt/airflow/dags/pipeline.py
[2026-09-11T13:02:02.543+0000] {logging_mixin.py:190} INFO - [2026-09-11T13:02:02.542+0000] {dag.py:3239} INFO - Sync 1 DAGs
[2026-09-11T13:02:02.724+0000] {logging_mixin.py:190} INFO - [2026-09-11T13:02:02.724+0000] {dag.py:4180} INFO - Setting next_dagrun for credit_risk_analysis_pipeline to None, run_after=None
[2026-09-11T13:02:02.741+0000] {processor.py:208} INFO - Processing /opt/airflow/dags/pipeline.py took 0.244 seconds
[2026-09-11T13:02:32.932+0000] {processor.py:186} INFO - Started process (PID=152) to work on /opt/airflow/dags/pipeline.py
[2026-09-11T13:02:32.933+0000] {processor.py:914} INFO - Processing file /opt/airflow/dags/pipeline.py for tasks to queue
[2026-09-11T13:02:32.936+0000] {logging_mixin.py:190} INFO - [2026-09-11T13:02:32.935+0000] {dagbag.py:588} INFO - Filling up the DagBag from /opt/airflow/dags/pipeline.py
[2026-09-11T13:02:32.946+0000] {processor.py:925} INFO - DAG(s) 'credit_risk_analysis_pipeline' retrieved from /opt/airflow/dags/pipeline.py
[2026-09-11T13:02:32.972+0000] {logging_mixin.py:190} INFO - [2026-09-11T13:02:32.971+0000] {dag.py:3239} INFO - Sync 1 DAGs
[2026-09-11T13:02:32.986+0000] {logging_mixin.py:190} INFO - [2026-09-11T13:02:32.985+0000] {dag.py:4180} INFO - Setting next_dagrun for credit_risk_analysis_pipeline to None, run_after=None
[2026-09-11T13:02:33.007+0000] {processor.py:208} INFO - Processing /opt/airflow/dags/pipeline.py took 0.080 seconds
[2026-09-11T13:03:03.122+0000] {processor.py:186} INFO - Started process (PID=153) to work on /opt/airflow/dags/pipeline.py
[2026-09-11T13:03:03.123+0000] {processor.py:914} INFO - Processing file /opt/airflow/dags/pipeline.py for tasks to queue
[2026-09-11T13:03:03.125+0000] {logging_mixin.py:190} INFO - [2026-09-11T13:03:03.125+0000] {dagbag.py:588} INFO - Filling up the DagBag from /opt/airflow/dags/pipeline.py
[2026-09-11T13:03:03.136+0000] {processor.py:925} INFO - DAG(s) 'credit_risk_analysis_pipeline' retrieved from /opt/airflow/dags/pipeline.py
[2026-09-11T13:03:03.160+0000] {logging_mixin.py:190} INFO - [2026-09-11T13:03:03.160+0000] {dag.py:3239} INFO - Sync 1 DAGs
[2026-09-11T13:03:03.173+0000] {logging_mixin.py:190} INFO - [2026-09-11T13:03:03.173+0000] {dag.py:4180} INFO - Setting next_dagrun for credit_risk_analysis_pipeline to None, run_after=None
[2026-09-11T13:03:03.197+0000] {processor.py:208} INFO - Processing /opt/airflow/dags/pipeline.py took 0.080 seconds
[2026-09-11T13:03:33.377+0000] {processor.py:186} INFO - Started process (PID=154) to work on /opt/airflow/dags/pipeline.py
[2026-09-11T13:03:33.378+0000] {processor.py:914} INFO - Processing file /opt/airflow/dags/pipeline.py for tasks to queue
[2026-09-11T13:03:33.381+0000] {logging_mixin.py:190} INFO - [2026-09-11T13:03:33.381+0000] {dagbag.py:588} INFO - Filling up the DagBag from /opt/airflow/dags/pipeline.py
[2026-09-11T13:03:33.391+0000] {processor.py:925} INFO - DAG(s) 'credit_risk_analysis_pipeline' retrieved from /opt/airflow/dags/pipeline.py
[2026-09-11T13:03:33.415+0000] {logging_mixin.py:190} INFO - [2026-09-11T13:03:33.414+0000] {dag.py:3239} INFO - Sync 1 DAGs
[2026-09-11T13:03:33.430+0000] {logging_mixin.py:190} INFO - [2026-09-11T13:03:33.430+0000] {dag.py:4180} INFO - Setting next_dagrun for credit_risk_analysis_pipeline to None, run_after=None
[2026-09-11T13:03:33.452+0000] {processor.py:208} INFO - Processing /opt/airflow/dags/pipeline.py took 0.080 seconds
[2026-09-11T13:04:03.601+0000] {processor.py:186} INFO - Started process (PID=155) to work on /opt/airflow/dags/pipeline.py
[2026-09-11T13:04:03.602+0000] {processor.py:914} INFO - Processing file /opt/airflow/dags/pipeline.py for tasks to queue
[2026-09-11T13:04:03.605+0000] {logging_mixin.py:190} INFO - [2026-09-11T13:04:03.605+0000] {dagbag.py:588} INFO - Filling up the DagBag from /opt/airflow/dags/pipeline.py
[2026-09-11T13:04:03.617+0000] {processor.py:925} INFO - DAG(s) 'credit_risk_analysis_pipeline' retrieved from /opt/airflow/dags/pipeline.py
[2026-09-11T13:04:03.641+0000] {logging_mixin.py:190} INFO - [2026-09-11T13:04:03.641+0000] {dag.py:3239} INFO - Sync 1 DAGs
[2026-09-11T13:04:03.655+0000] {logging_mixin.py:190} INFO - [2026-09-11T13:04:03.654+0000] {dag.py:4180} INFO - Setting next_dagrun for credit_risk_analysis_pipeline to None, run_after=None
[2026-09-11T13:04:03.673+0000] {processor.py:208} INFO - Processing /opt/airflow/dags/pipeline.py took 0.077 seconds
[2026-09-11T13:04:33.829+0000] {processor.py:186} INFO - Started process (PID=156) to work on /opt/airflow/dags/pipeline.py
[2026-09-11T13:04:33.830+0000] {processor.py:914} INFO - Processing file /opt/airflow/dags/pipeline.py for tasks to queue
[2026-09-11T13:04:33.833+0000] {logging_mixin.py:190} INFO - [2026-09-11T13:04:33.833+0000] {dagbag.py:588} INFO - Filling up the DagBag from /opt/airflow/dags/pipeline.py
[2026-09-11T13:04:33.845+0000] {processor.py:925} INFO - DAG(s) 'credit_risk_analysis_pipeline' retrieved from /opt/airflow/dags/pipeline.py
[2026-09-11T13:04:33.869+0000] {logging_mixin.py:190} INFO - [2026-09-11T13:04:33.869+0000] {dag.py:3239} INFO - Sync 1 DAGs
[2026-09-11T13:04:33.884+0000] {logging_mixin.py:190} INFO - [2026-09-11T13:04:33.883+0000] {dag.py:4180} INFO - Setting next_dagrun for credit_risk_analysis_pipeline to None, run_after=None
[2026-09-11T13:04:34.071+0000] {processor.py:208} INFO - Processing /opt/airflow/dags/pipeline.py took 0.247 seconds
[2026-09-11T13:05:04.268+0000] {processor.py:186} INFO - Started process (PID=157) to work on /opt/airflow/dags/pipeline.py
[2026-09-11T13:05:04.269+0000] {processor.py:914} INFO - Processing file /opt/airflow/dags/pipeline.py for tasks to queue
[2026-09-11T13:05:04.271+0000] {logging_mixin.py:190} INFO - [2026-09-11T13:05:04.271+0000] {dagbag.py:588} INFO - Filling up the DagBag from /opt/airflow/dags/pipeline.py
[2026-09-11T13:05:04.281+0000] {processor.py:925} INFO - DAG(s) 'credit_risk_analysis_pipeline' retrieved from /opt/airflow/dags/pipeline.py
[2026-09-11T13:05:04.305+0000] {logging_mixin.py:190} INFO - [2026-09-11T13:05:04.305+0000] {dag.py:3239} INFO - Sync 1 DAGs
[2026-09-11T13:05:04.318+0000] {logging_mixin.py:190} INFO - [2026-09-11T13:05:04.318+0000] {dag.py:4180} INFO - Setting next_dagrun for credit_risk_analysis_pipeline to None, run_after=None
[2026-09-11T13:05:04.334+0000] {processor.py:208} INFO - Processing /opt/airflow/dags/pipeline.py took 0.071 seconds
[2026-09-11T13:05:34.465+0000] {processor.py:186} INFO - Started process (PID=158) to work on /opt/airflow/dags/pipeline.py
[2026-09-11T13:05:34.466+0000] {processor.py:914} INFO - Processing file /opt/airflow/dags/pipeline.py for tasks to queue
[2026-09-11T13:05:34.469+0000] {logging_mixin.py:190} INFO - [2026-09-11T13:05:34.468+0000] {dagbag.py:588} INFO - Filling up the DagBag from /opt/airflow/dags/pipeline.py
[2026-09-11T13:05:34.479+0000] {processor.py:925} INFO - DAG(s) 'credit_risk_analysis_pipeline' retrieved from /opt/airflow/dags/pipeline.py
[2026-09-11T13:05:34.504+0000] {logging_mixin.py:190} INFO - [2026-09-11T13:05:34.503+0000] {dag.py:3239} INFO - Sync 1 DAGs
[2026-09-11T13:05:34.518+0000] {logging_mixin.py:190} INFO - [2026-09-11T13:05:34.517+0000] {dag.py:4180} INFO - Setting next_dagrun for credit_risk_analysis_pipeline to None, run_after=None
[2026-09-11T13:05:34.534+0000] {processor.py:208} INFO - Processing /opt/airflow/dags/pipeline.py took 0.075 seconds
[2026-09-11T13:06:04.691+0000] {processor.py:186} INFO - Started process (PID=159) to work on /opt/airflow/dags/pipeline.py
[2026-09-11T13:06:04.692+0000] {processor.py:914} INFO - Processing file /opt/airflow/dags/pipeline.py for tasks to queue
[2026-09-11T13:06:04.694+0000] {logging_mixin.py:190} INFO - [2026-09-11T13:06:04.694+0000] {dagbag.py:588} INFO - Filling up the DagBag from /opt/airflow/dags/pipeline.py
[2026-09-11T13:06:04.704+0000] {processor.py:925} INFO - DAG(s) 'credit_risk_analysis_pipeline' retrieved from /opt/airflow/dags/pipeline.py
[2026-09-11T13:06:04.727+0000] {logging_mixin.py:190} INFO - [2026-09-11T13:06:04.727+0000] {dag.py:3239} INFO - Sync 1 DAGs
[2026-09-11T13:06:04.741+0000] {logging_mixin.py:190} INFO - [2026-09-11T13:06:04.741+0000] {dag.py:4180} INFO - Setting next_dagrun for credit_risk_analysis_pipeline to None, run_after=None
[2026-09-11T13:06:04.761+0000] {processor.py:208} INFO - Processing /opt/airflow/dags/pipeline.py took 0.075 seconds
[2026-09-11T13:06:34.881+0000] {processor.py:186} INFO - Started process (PID=160) to work on /opt/airflow/dags/pipeline.py
[2026-09-11T13:06:34.882+0000] {processor.py:914} INFO - Processing file /opt/airflow/dags/pipeline.py for tasks to queue
[2026-09-11T13:06:34.884+0000] {logging_mixin.py:190} INFO - [2026-09-11T13:06:34.884+0000] {dagbag.py:588} INFO - Filling up the DagBag from /opt/airflow/dags/pipeline.py
[2026-09-11T13:06:34.895+0000] {processor.py:925} INFO - DAG(s) 'credit_risk_analysis_pipeline' retrieved from /opt/airflow/dags/pipeline.py
[2026-09-11T13:06:34.922+0000] {logging_mixin.py:190} INFO - [2026-09-11T13:06:34.921+0000] {dag.py:3239} INFO - Sync 1 DAGs
[2026-09-11T13:06:34.935+0000] {logging_mixin.py:190} INFO - [2026-09-11T13:06:34.935+0000] {dag.py:4180} INFO - Setting next_dagrun for credit_risk_analysis_pipeline to None, run_after=None
[2026-09-11T13:06:34.953+0000] {processor.py:208} INFO - Processing /opt/airflow/dags/pipeline.py took 0.077 seconds
[2026-09-11T13:07:05.119+0000] {processor.py:186} INFO - Started process (PID=161) to work on /opt/airflow/dags/pipeline.py
[2026-09-11T13:07:05.120+0000] {processor.py:914} INFO - Processing file /opt/airflow/dags/pipeline.py for tasks to queue
[2026-09-11T13:07:05.123+0000] {logging_mixin.py:190} INFO - [2026-09-11T13:07:05.123+0000] {dagbag.py:588} INFO - Filling up the DagBag from /opt/airflow/dags/pipeline.py
[2026-09-11T13:07:05.134+0000] {processor.py:925} INFO - DAG(s) 'credit_risk_analysis_pipeline' retrieved from /opt/airflow/dags/pipeline.py
[2026-09-11T13:07:05.155+0000] {logging_mixin.py:190} INFO - [2026-09-11T13:07:05.155+0000] {dag.py:3239} INFO - Sync 1 DAGs
[2026-09-11T13:07:05.168+0000] {logging_mixin.py:190} INFO - [2026-09-11T13:07:05.168+0000] {dag.py:4180} INFO - Setting next_dagrun for credit_risk_analysis_pipeline to None, run_after=None
[2026-09-11T13:07:05.189+0000] {processor.py:208} INFO - Processing /opt/airflow/dags/pipeline.py took 0.075 seconds
[2026-09-11T13:07:25.267+0000] {processor.py:186} INFO - Started process (PID=162) to work on /opt/airflow/dags/pipeline.py
[2026-09-11T13:07:25.268+0000] {processor.py:914} INFO - Processing file /opt/airflow/dags/pipeline.py for tasks to queue
[2026-09-11T13:07:25.270+0000] {logging_mixin.py:190} INFO - [2026-09-11T13:07:25.270+0000] {dagbag.py:588} INFO - Filling up the DagBag from /opt/airflow/dags/pipeline.py
[2026-09-11T13:07:25.287+0000] {processor.py:925} INFO - DAG(s) 'credit_risk_analysis_pipeline' retrieved from /opt/airflow/dags/pipeline.py
[2026-09-11T13:07:25.510+0000] {logging_mixin.py:190} INFO - [2026-09-11T13:07:25.510+0000] {dag.py:3239} INFO - Sync 1 DAGs
[2026-09-11T13:07:25.521+0000] {logging_mixin.py:190} INFO - [2026-09-11T13:07:25.521+0000] {dag.py:4180} INFO - Setting next_dagrun for credit_risk_analysis_pipeline to None, run_after=None
[2026-09-11T13:07:25.541+0000] {processor.py:208} INFO - Processing /opt/airflow/dags/pipeline.py took 0.280 seconds
[2026-09-11T13:07:26.330+0000] {processor.py:186} INFO - Started process (PID=163) to work on /opt/airflow/dags/pipeline.py
[2026-09-11T13:07:26.331+0000] {processor.py:914} INFO - Processing file /opt/airflow/dags/pipeline.py for tasks to queue
[2026-09-11T13:07:26.333+0000] {logging_mixin.py:190} INFO - [2026-09-11T13:07:26.333+0000] {dagbag.py:588} INFO - Filling up the DagBag from /opt/airflow/dags/pipeline.py
[2026-09-11T13:07:26.351+0000] {processor.py:925} INFO - DAG(s) 'credit_risk_analysis_pipeline' retrieved from /opt/airflow/dags/pipeline.py
[2026-09-11T13:07:26.366+0000] {logging_mixin.py:190} INFO - [2026-09-11T13:07:26.365+0000] {dag.py:3239} INFO - Sync 1 DAGs
[2026-09-11T13:07:26.380+0000] {logging_mixin.py:190} INFO - [2026-09-11T13:07:26.380+0000] {dag.py:4180} INFO - Setting next_dagrun for credit_risk_analysis_pipeline to None, run_after=None
[2026-09-11T13:07:26.399+0000] {processor.py:208} INFO - Processing /opt/airflow/dags/pipeline.py took 0.075 seconds
[2026-09-11T13:07:27.348+0000] {processor.py:186} INFO - Started process (PID=164) to work on /opt/airflow/dags/pipeline.py
[2026-09-11T13:07:27.349+0000] {processor.py:914} INFO - Processing file /opt/airflow/dags/pipeline.py for tasks to queue
[2026-09-11T13:07:27.352+0000] {logging_mixin.py:190} INFO - [2026-09-11T13:07:27.352+0000] {dagbag.py:588} INFO - Filling up the DagBag from /opt/airflow/dags/pipeline.py
[2026-09-11T13:07:27.368+0000] {processor.py:925} INFO - DAG(s) 'credit_risk_analysis_pipeline' retrieved from /opt/airflow/dags/pipeline.py
[2026-09-11T13:07:27.383+0000] {logging_mixin.py:190} INFO - [2026-09-11T13:07:27.382+0000] {dag.py:3239} INFO - Sync 1 DAGs
[2026-09-11T13:07:27.396+0000] {logging_mixin.py:190} INFO - [2026-09-11T13:07:27.396+0000] {dag.py:4180} INFO - Setting next_dagrun for credit_risk_analysis_pipeline to None, run_after=None
[2026-09-11T13:07:27.416+0000] {processor.py:208} INFO - Processing /opt/airflow/dags/pipeline.py took 0.075 seconds
[2026-09-11T13:07:28.449+0000] {processor.py:186} INFO - Started process (PID=165) to work on /opt/airflow/dags/pipeline.py
[2026-09-11T13:07:28.450+0000] {processor.py:914} INFO - Processing file /opt/airflow/dags/pipeline.py for tasks to queue
[2026-09-11T13:07:28.452+0000] {logging_mixin.py:190} INFO - [2026-09-11T13:07:28.451+0000] {dagbag.py:588} INFO - Filling up the DagBag from /opt/airflow/dags/pipeline.py
[2026-09-11T13:07:28.461+0000] {processor.py:925} INFO - DAG(s) 'credit_risk_analysis_pipeline' retrieved from /opt/airflow/dags/pipeline.py
[2026-09-11T13:07:28.473+0000] {logging_mixin.py:190} INFO - [2026-09-11T13:07:28.473+0000] {dag.py:3239} INFO - Sync 1 DAGs
[2026-09-11T13:07:28.487+0000] {logging_mixin.py:190} INFO - [2026-09-11T13:07:28.486+0000] {dag.py:4180} INFO - Setting next_dagrun for credit_risk_analysis_pipeline to None, run_after=None
[2026-09-11T13:07:28.506+0000] {processor.py:208} INFO - Processing /opt/airflow/dags/pipeline.py took 0.061 seconds
[2026-09-11T13:07:29.474+0000] {processor.py:186} INFO - Started process (PID=166) to work on /opt/airflow/dags/pipeline.py
[2026-09-11T13:07:29.474+0000] {processor.py:914} INFO - Processing file /opt/airflow/dags/pipeline.py for tasks to queue
[2026-09-11T13:07:29.477+0000] {logging_mixin.py:190} INFO - [2026-09-11T13:07:29.476+0000] {dagbag.py:588} INFO - Filling up the DagBag from /opt/airflow/dags/pipeline.py
[2026-09-11T13:07:29.494+0000] {processor.py:925} INFO - DAG(s) 'credit_risk_analysis_pipeline' retrieved from /opt/airflow/dags/pipeline.py
[2026-09-11T13:07:29.507+0000] {logging_mixin.py:190} INFO - [2026-09-11T13:07:29.507+0000] {dag.py:3239} INFO - Sync 1 DAGs
[2026-09-11T13:07:29.521+0000] {logging_mixin.py:190} INFO - [2026-09-11T13:07:29.521+0000] {dag.py:4180} INFO - Setting next_dagrun for credit_risk_analysis_pipeline to None, run_after=None
[2026-09-11T13:07:29.545+0000] {processor.py:208} INFO - Processing /opt/airflow/dags/pipeline.py took 0.076 seconds
[2026-09-11T13:07:59.732+0000] {processor.py:186} INFO - Started process (PID=167) to work on /opt/airflow/dags/pipeline.py
[2026-09-11T13:07:59.733+0000] {processor.py:914} INFO - Processing file /opt/airflow/dags/pipeline.py for tasks to queue
[2026-09-11T13:07:59.735+0000] {logging_mixin.py:190} INFO - [2026-09-11T13:07:59.734+0000] {dagbag.py:588} INFO - Filling up the DagBag from /opt/airflow/dags/pipeline.py
[2026-09-11T13:07:59.744+0000] {processor.py:925} INFO - DAG(s) 'credit_risk_analysis_pipeline' retrieved from /opt/airflow/dags/pipeline.py
[2026-09-11T13:07:59.765+0000] {logging_mixin.py:190} INFO - [2026-09-11T13:07:59.765+0000] {dag.py:3239} INFO - Sync 1 DAGs
[2026-09-11T13:07:59.777+0000] {logging_mixin.py:190} INFO - [2026-09-11T13:07:59.777+0000] {dag.py:4180} INFO - Setting next_dagrun for credit_risk_analysis_pipeline to None, run_after=None
[2026-09-11T13:07:59.799+0000] {processor.py:208} INFO - Processing /opt/airflow/dags/pipeline.py took 0.072 seconds
[2026-09-11T13:08:29.932+0000] {processor.py:186} INFO - Started process (PID=168) to work on /opt/airflow/dags/pipeline.py
[2026-09-11T13:08:29.933+0000] {processor.py:914} INFO - Processing file /opt/airflow/dags/pipeline.py for tasks to queue
[2026-09-11T13:08:29.935+0000] {logging_mixin.py:190} INFO - [2026-09-11T13:08:29.934+0000] {dagbag.py:588} INFO - Filling up the DagBag from /opt/airflow/dags/pipeline.py
[2026-09-11T13:08:29.945+0000] {processor.py:925} INFO - DAG(s) 'credit_risk_analysis_pipeline' retrieved from /opt/airflow/dags/pipeline.py
[2026-09-11T13:08:29.967+0000] {logging_mixin.py:190} INFO - [2026-09-11T13:08:29.967+0000] {dag.py:3239} INFO - Sync 1 DAGs
[2026-09-11T13:08:29.979+0000] {logging_mixin.py:190} INFO - [2026-09-11T13:08:29.979+0000] {dag.py:4180} INFO - Setting next_dagrun for credit_risk_analysis_pipeline to None, run_after=None
[2026-09-11T13:08:29.994+0000] {processor.py:208} INFO - Processing /opt/airflow/dags/pipeline.py took 0.067 seconds
[2026-09-11T13:09:00.190+0000] {processor.py:186} INFO - Started process (PID=169) to work on /opt/airflow/dags/pipeline.py
[2026-09-11T13:09:00.191+0000] {processor.py:914} INFO - Processing file /opt/airflow/dags/pipeline.py for tasks to queue
[2026-09-11T13:09:00.194+0000] {logging_mixin.py:190} INFO - [2026-09-11T13:09:00.193+0000] {dagbag.py:588} INFO - Filling up the DagBag from /opt/airflow/dags/pipeline.py
[2026-09-11T13:09:00.203+0000] {processor.py:925} INFO - DAG(s) 'credit_risk_analysis_pipeline' retrieved from /opt/airflow/dags/pipeline.py
[2026-09-11T13:09:00.224+0000] {logging_mixin.py:190} INFO - [2026-09-11T13:09:00.224+0000] {dag.py:3239} INFO - Sync 1 DAGs
[2026-09-11T13:09:00.237+0000] {logging_mixin.py:190} INFO - [2026-09-11T13:09:00.237+0000] {dag.py:4180} INFO - Setting next_dagrun for credit_risk_analysis_pipeline to None, run_after=None
[2026-09-11T13:09:00.258+0000] {processor.py:208} INFO - Processing /opt/airflow/dags/pipeline.py took 0.073 seconds
[2026-09-11T13:09:30.401+0000] {processor.py:186} INFO - Started process (PID=170) to work on /opt/airflow/dags/pipeline.py
[2026-09-11T13:09:30.402+0000] {processor.py:914} INFO - Processing file /opt/airflow/dags/pipeline.py for tasks to queue
[2026-09-11T13:09:30.405+0000] {logging_mixin.py:190} INFO - [2026-09-11T13:09:30.404+0000] {dagbag.py:588} INFO - Filling up the DagBag from /opt/airflow/dags/pipeline.py
[2026-09-11T13:09:30.414+0000] {processor.py:925} INFO - DAG(s) 'credit_risk_analysis_pipeline' retrieved from /opt/airflow/dags/pipeline.py
[2026-09-11T13:09:30.436+0000] {logging_mixin.py:190} INFO - [2026-09-11T13:09:30.436+0000] {dag.py:3239} INFO - Sync 1 DAGs
[2026-09-11T13:09:30.449+0000] {logging_mixin.py:190} INFO - [2026-09-11T13:09:30.449+0000] {dag.py:4180} INFO - Setting next_dagrun for credit_risk_analysis_pipeline to None, run_after=None
[2026-09-11T13:09:30.466+0000] {processor.py:208} INFO - Processing /opt/airflow/dags/pipeline.py took 0.071 seconds
[2026-09-11T13:10:00.618+0000] {processor.py:186} INFO - Started process (PID=171) to work on /opt/airflow/dags/pipeline.py
[2026-09-11T13:10:00.620+0000] {processor.py:914} INFO - Processing file /opt/airflow/dags/pipeline.py for tasks to queue
[2026-09-11T13:10:00.622+0000] {logging_mixin.py:190} INFO - [2026-09-11T13:10:00.622+0000] {dagbag.py:588} INFO - Filling up the DagBag from /opt/airflow/dags/pipeline.py
[2026-09-11T13:10:00.632+0000] {processor.py:925} INFO - DAG(s) 'credit_risk_analysis_pipeline' retrieved from /opt/airflow/dags/pipeline.py
[2026-09-11T13:10:00.653+0000] {logging_mixin.py:190} INFO - [2026-09-11T13:10:00.653+0000] {dag.py:3239} INFO - Sync 1 DAGs
[2026-09-11T13:10:00.667+0000] {logging_mixin.py:190} INFO - [2026-09-11T13:10:00.666+0000] {dag.py:4180} INFO - Setting next_dagrun for credit_risk_analysis_pipeline to None, run_after=None
[2026-09-11T13:10:00.688+0000] {processor.py:208} INFO - Processing /opt/airflow/dags/pipeline.py took 0.075 seconds
[2026-09-11T13:10:30.826+0000] {processor.py:186} INFO - Started process (PID=172) to work on /opt/airflow/dags/pipeline.py
[2026-09-11T13:10:30.827+0000] {processor.py:914} INFO - Processing file /opt/airflow/dags/pipeline.py for tasks to queue
[2026-09-11T13:10:30.829+0000] {logging_mixin.py:190} INFO - [2026-09-11T13:10:30.829+0000] {dagbag.py:588} INFO - Filling up the DagBag from /opt/airflow/dags/pipeline.py
[2026-09-11T13:10:30.839+0000] {processor.py:925} INFO - DAG(s) 'credit_risk_analysis_pipeline' retrieved from /opt/airflow/dags/pipeline.py
[2026-09-11T13:10:30.860+0000] {logging_mixin.py:190} INFO - [2026-09-11T13:10:30.860+0000] {dag.py:3239} INFO - Sync 1 DAGs
[2026-09-11T13:10:31.059+0000] {logging_mixin.py:190} INFO - [2026-09-11T13:10:31.058+0000] {dag.py:4180} INFO - Setting next_dagrun for credit_risk_analysis_pipeline to None, run_after=None
[2026-09-11T13:10:31.074+0000] {processor.py:208} INFO - Processing /opt/airflow/dags/pipeline.py took 0.254 seconds
[2026-09-11T13:11:01.268+0000] {processor.py:186} INFO - Started process (PID=173) to work on /opt/airflow/dags/pipeline.py
[2026-09-11T13:11:01.269+0000] {processor.py:914} INFO - Processing file /opt/airflow/dags/pipeline.py for tasks to queue
[2026-09-11T13:11:01.271+0000] {logging_mixin.py:190} INFO - [2026-09-11T13:11:01.271+0000] {dagbag.py:588} INFO - Filling up the DagBag from /opt/airflow/dags/pipeline.py
[2026-09-11T13:11:01.281+0000] {processor.py:925} INFO - DAG(s) 'credit_risk_analysis_pipeline' retrieved from /opt/airflow/dags/pipeline.py
[2026-09-11T13:11:01.309+0000] {logging_mixin.py:190} INFO - [2026-09-11T13:11:01.309+0000] {dag.py:3239} INFO - Sync 1 DAGs
[2026-09-11T13:11:01.323+0000] {logging_mixin.py:190} INFO - [2026-09-11T13:11:01.322+0000] {dag.py:4180} INFO - Setting next_dagrun for credit_risk_analysis_pipeline to None, run_after=None
[2026-09-11T13:11:01.339+0000] {processor.py:208} INFO - Processing /opt/airflow/dags/pipeline.py took 0.077 seconds
[2026-09-11T13:11:31.449+0000] {processor.py:186} INFO - Started process (PID=174) to work on /opt/airflow/dags/pipeline.py
[2026-09-11T13:11:31.450+0000] {processor.py:914} INFO - Processing file /opt/airflow/dags/pipeline.py for tasks to queue
[2026-09-11T13:11:31.452+0000] {logging_mixin.py:190} INFO - [2026-09-11T13:11:31.452+0000] {dagbag.py:588} INFO - Filling up the DagBag from /opt/airflow/dags/pipeline.py
[2026-09-11T13:11:31.463+0000] {processor.py:925} INFO - DAG(s) 'credit_risk_analysis_pipeline' retrieved from /opt/airflow/dags/pipeline.py
[2026-09-11T13:11:31.488+0000] {logging_mixin.py:190} INFO - [2026-09-11T13:11:31.488+0000] {dag.py:3239} INFO - Sync 1 DAGs
[2026-09-11T13:11:31.501+0000] {logging_mixin.py:190} INFO - [2026-09-11T13:11:31.501+0000] {dag.py:4180} INFO - Setting next_dagrun for credit_risk_analysis_pipeline to None, run_after=None
[2026-09-11T13:11:31.520+0000] {processor.py:208} INFO - Processing /opt/airflow/dags/pipeline.py took 0.075 seconds
[2026-09-11T13:12:01.712+0000] {processor.py:186} INFO - Started process (PID=175) to work on /opt/airflow/dags/pipeline.py
[2026-09-11T13:12:01.713+0000] {processor.py:914} INFO - Processing file /opt/airflow/dags/pipeline.py for tasks to queue
[2026-09-11T13:12:01.716+0000] {logging_mixin.py:190} INFO - [2026-09-11T13:12:01.715+0000] {dagbag.py:588} INFO - Filling up the DagBag from /opt/airflow/dags/pipeline.py
[2026-09-11T13:12:01.728+0000] {processor.py:925} INFO - DAG(s) 'credit_risk_analysis_pipeline' retrieved from /opt/airflow/dags/pipeline.py
[2026-09-11T13:12:01.754+0000] {logging_mixin.py:190} INFO - [2026-09-11T13:12:01.754+0000] {dag.py:3239} INFO - Sync 1 DAGs
[2026-09-11T13:12:01.769+0000] {logging_mixin.py:190} INFO - [2026-09-11T13:12:01.769+0000] {dag.py:4180} INFO - Setting next_dagrun for credit_risk_analysis_pipeline to None, run_after=None
[2026-09-11T13:12:01.789+0000] {processor.py:208} INFO - Processing /opt/airflow/dags/pipeline.py took 0.082 seconds
[2026-09-11T13:12:31.910+0000] {processor.py:186} INFO - Started process (PID=176) to work on /opt/airflow/dags/pipeline.py
[2026-09-11T13:12:31.911+0000] {processor.py:914} INFO - Processing file /opt/airflow/dags/pipeline.py for tasks to queue
[2026-09-11T13:12:31.914+0000] {logging_mixin.py:190} INFO - [2026-09-11T13:12:31.914+0000] {dagbag.py:588} INFO - Filling up the DagBag from /opt/airflow/dags/pipeline.py
[2026-09-11T13:12:31.924+0000] {processor.py:925} INFO - DAG(s) 'credit_risk_analysis_pipeline' retrieved from /opt/airflow/dags/pipeline.py
[2026-09-11T13:12:31.946+0000] {logging_mixin.py:190} INFO - [2026-09-11T13:12:31.945+0000] {dag.py:3239} INFO - Sync 1 DAGs
[2026-09-11T13:12:31.958+0000] {logging_mixin.py:190} INFO - [2026-09-11T13:12:31.958+0000] {dag.py:4180} INFO - Setting next_dagrun for credit_risk_analysis_pipeline to None, run_after=None
[2026-09-11T13:12:31.974+0000] {processor.py:208} INFO - Processing /opt/airflow/dags/pipeline.py took 0.068 seconds
[2026-09-11T13:13:02.169+0000] {processor.py:186} INFO - Started process (PID=177) to work on /opt/airflow/dags/pipeline.py
[2026-09-11T13:13:02.170+0000] {processor.py:914} INFO - Processing file /opt/airflow/dags/pipeline.py for tasks to queue
[2026-09-11T13:13:02.172+0000] {logging_mixin.py:190} INFO - [2026-09-11T13:13:02.172+0000] {dagbag.py:588} INFO - Filling up the DagBag from /opt/airflow/dags/pipeline.py
[2026-09-11T13:13:02.183+0000] {processor.py:925} INFO - DAG(s) 'credit_risk_analysis_pipeline' retrieved from /opt/airflow/dags/pipeline.py
[2026-09-11T13:13:02.205+0000] {logging_mixin.py:190} INFO - [2026-09-11T13:13:02.205+0000] {dag.py:3239} INFO - Sync 1 DAGs
[2026-09-11T13:13:02.219+0000] {logging_mixin.py:190} INFO - [2026-09-11T13:13:02.219+0000] {dag.py:4180} INFO - Setting next_dagrun for credit_risk_analysis_pipeline to None, run_after=None
[2026-09-11T13:13:02.387+0000] {processor.py:208} INFO - Processing /opt/airflow/dags/pipeline.py took 0.223 seconds
[2026-09-11T13:13:32.584+0000] {processor.py:186} INFO - Started process (PID=178) to work on /opt/airflow/dags/pipeline.py
[2026-09-11T13:13:32.585+0000] {processor.py:914} INFO - Processing file /opt/airflow/dags/pipeline.py for tasks to queue
[2026-09-11T13:13:32.587+0000] {logging_mixin.py:190} INFO - [2026-09-11T13:13:32.587+0000] {dagbag.py:588} INFO - Filling up the DagBag from /opt/airflow/dags/pipeline.py
[2026-09-11T13:13:32.597+0000] {processor.py:925} INFO - DAG(s) 'credit_risk_analysis_pipeline' retrieved from /opt/airflow/dags/pipeline.py
[2026-09-11T13:13:32.620+0000] {logging_mixin.py:190} INFO - [2026-09-11T13:13:32.620+0000] {dag.py:3239} INFO - Sync 1 DAGs
[2026-09-11T13:13:32.762+0000] {logging_mixin.py:190} INFO - [2026-09-11T13:13:32.762+0000] {dag.py:4180} INFO - Setting next_dagrun for credit_risk_analysis_pipeline to None, run_after=None
[2026-09-11T13:13:32.776+0000] {processor.py:208} INFO - Processing /opt/airflow/dags/pipeline.py took 0.197 seconds
[2026-09-11T13:14:02.976+0000] {processor.py:186} INFO - Started process (PID=179) to work on /opt/airflow/dags/pipeline.py
[2026-09-11T13:14:02.977+0000] {processor.py:914} INFO - Processing file /opt/airflow/dags/pipeline.py for tasks to queue
[2026-09-11T13:14:02.979+0000] {logging_mixin.py:190} INFO - [2026-09-11T13:14:02.979+0000] {dagbag.py:588} INFO - Filling up the DagBag from /opt/airflow/dags/pipeline.py
[2026-09-11T13:14:02.989+0000] {processor.py:925} INFO - DAG(s) 'credit_risk_analysis_pipeline' retrieved from /opt/airflow/dags/pipeline.py
[2026-09-11T13:14:03.013+0000] {logging_mixin.py:190} INFO - [2026-09-11T13:14:03.013+0000] {dag.py:3239} INFO - Sync 1 DAGs
[2026-09-11T13:14:03.028+0000] {logging_mixin.py:190} INFO - [2026-09-11T13:14:03.027+0000] {dag.py:4180} INFO - Setting next_dagrun for credit_risk_analysis_pipeline to None, run_after=None
[2026-09-11T13:14:03.051+0000] {processor.py:208} INFO - Processing /opt/airflow/dags/pipeline.py took 0.080 seconds
[2026-09-11T13:14:33.167+0000] {processor.py:186} INFO - Started process (PID=180) to work on /opt/airflow/dags/pipeline.py
[2026-09-11T13:14:33.168+0000] {processor.py:914} INFO - Processing file /opt/airflow/dags/pipeline.py for tasks to queue
[2026-09-11T13:14:33.170+0000] {logging_mixin.py:190} INFO - [2026-09-11T13:14:33.170+0000] {dagbag.py:588} INFO - Filling up the DagBag from /opt/airflow/dags/pipeline.py
[2026-09-11T13:14:33.179+0000] {processor.py:925} INFO - DAG(s) 'credit_risk_analysis_pipeline' retrieved from /opt/airflow/dags/pipeline.py
[2026-09-11T13:14:33.201+0000] {logging_mixin.py:190} INFO - [2026-09-11T13:14:33.200+0000] {dag.py:3239} INFO - Sync 1 DAGs
[2026-09-11T13:14:33.213+0000] {logging_mixin.py:190} INFO - [2026-09-11T13:14:33.213+0000] {dag.py:4180} INFO - Setting next_dagrun for credit_risk_analysis_pipeline to None, run_after=None
[2026-09-11T13:14:33.228+0000] {processor.py:208} INFO - Processing /opt/airflow/dags/pipeline.py took 0.067 seconds
[2026-09-11T13:15:03.418+0000] {processor.py:186} INFO - Started process (PID=181) to work on /opt/airflow/dags/pipeline.py
[2026-09-11T13:15:03.419+0000] {processor.py:914} INFO - Processing file /opt/airflow/dags/pipeline.py for tasks to queue
[2026-09-11T13:15:03.421+0000] {logging_mixin.py:190} INFO - [2026-09-11T13:15:03.421+0000] {dagbag.py:588} INFO - Filling up the DagBag from /opt/airflow/dags/pipeline.py
[2026-09-11T13:15:03.432+0000] {processor.py:925} INFO - DAG(s) 'credit_risk_analysis_pipeline' retrieved from /opt/airflow/dags/pipeline.py
[2026-09-11T13:15:03.455+0000] {logging_mixin.py:190} INFO - [2026-09-11T13:15:03.454+0000] {dag.py:3239} INFO - Sync 1 DAGs
[2026-09-11T13:15:03.469+0000] {logging_mixin.py:190} INFO - [2026-09-11T13:15:03.468+0000] {dag.py:4180} INFO - Setting next_dagrun for credit_risk_analysis_pipeline to None, run_after=None
[2026-09-11T13:15:03.490+0000] {processor.py:208} INFO - Processing /opt/airflow/dags/pipeline.py took 0.077 seconds
[2026-09-11T13:15:33.618+0000] {processor.py:186} INFO - Started process (PID=182) to work on /opt/airflow/dags/pipeline.py
[2026-09-11T13:15:33.619+0000] {processor.py:914} INFO - Processing file /opt/airflow/dags/pipeline.py for tasks to queue
[2026-09-11T13:15:33.622+0000] {logging_mixin.py:190} INFO - [2026-09-11T13:15:33.622+0000] {dagbag.py:588} INFO - Filling up the DagBag from /opt/airflow/dags/pipeline.py
[2026-09-11T13:15:33.632+0000] {processor.py:925} INFO - DAG(s) 'credit_risk_analysis_pipeline' retrieved from /opt/airflow/dags/pipeline.py
[2026-09-11T13:15:33.658+0000] {logging_mixin.py:190} INFO - [2026-09-11T13:15:33.657+0000] {dag.py:3239} INFO - Sync 1 DAGs
[2026-09-11T13:15:33.672+0000] {logging_mixin.py:190} INFO - [2026-09-11T13:15:33.671+0000] {dag.py:4180} INFO - Setting next_dagrun for credit_risk_analysis_pipeline to None, run_after=None
[2026-09-11T13:15:33.694+0000] {processor.py:208} INFO - Processing /opt/airflow/dags/pipeline.py took 0.081 seconds
[2026-09-11T13:16:03.868+0000] {processor.py:186} INFO - Started process (PID=183) to work on /opt/airflow/dags/pipeline.py
[2026-09-11T13:16:03.869+0000] {processor.py:914} INFO - Processing file /opt/airflow/dags/pipeline.py for tasks to queue
[2026-09-11T13:16:03.871+0000] {logging_mixin.py:190} INFO - [2026-09-11T13:16:03.871+0000] {dagbag.py:588} INFO - Filling up the DagBag from /opt/airflow/dags/pipeline.py
[2026-09-11T13:16:03.880+0000] {processor.py:925} INFO - DAG(s) 'credit_risk_analysis_pipeline' retrieved from /opt/airflow/dags/pipeline.py
[2026-09-11T13:16:03.901+0000] {logging_mixin.py:190} INFO - [2026-09-11T13:16:03.900+0000] {dag.py:3239} INFO - Sync 1 DAGs
[2026-09-11T13:16:03.914+0000] {logging_mixin.py:190} INFO - [2026-09-11T13:16:03.913+0000] {dag.py:4180} INFO - Setting next_dagrun for credit_risk_analysis_pipeline to None, run_after=None
[2026-09-11T13:16:04.065+0000] {processor.py:208} INFO - Processing /opt/airflow/dags/pipeline.py took 0.201 seconds
[2026-09-11T13:16:34.269+0000] {processor.py:186} INFO - Started process (PID=184) to work on /opt/airflow/dags/pipeline.py
[2026-09-11T13:16:34.270+0000] {processor.py:914} INFO - Processing file /opt/airflow/dags/pipeline.py for tasks to queue
[2026-09-11T13:16:34.273+0000] {logging_mixin.py:190} INFO - [2026-09-11T13:16:34.272+0000] {dagbag.py:588} INFO - Filling up the DagBag from /opt/airflow/dags/pipeline.py
[2026-09-11T13:16:34.284+0000] {processor.py:925} INFO - DAG(s) 'credit_risk_analysis_pipeline' retrieved from /opt/airflow/dags/pipeline.py
[2026-09-11T13:16:34.308+0000] {logging_mixin.py:190} INFO - [2026-09-11T13:16:34.307+0000] {dag.py:3239} INFO - Sync 1 DAGs
[2026-09-11T13:16:34.322+0000] {logging_mixin.py:190} INFO - [2026-09-11T13:16:34.322+0000] {dag.py:4180} INFO - Setting next_dagrun for credit_risk_analysis_pipeline to None, run_after=None
[2026-09-11T13:16:34.347+0000] {processor.py:208} INFO - Processing /opt/airflow/dags/pipeline.py took 0.084 seconds
[2026-09-11T13:17:04.488+0000] {processor.py:186} INFO - Started process (PID=185) to work on /opt/airflow/dags/pipeline.py
[2026-09-11T13:17:04.489+0000] {processor.py:914} INFO - Processing file /opt/airflow/dags/pipeline.py for tasks to queue
[2026-09-11T13:17:04.492+0000] {logging_mixin.py:190} INFO - [2026-09-11T13:17:04.492+0000] {dagbag.py:588} INFO - Filling up the DagBag from /opt/airflow/dags/pipeline.py
[2026-09-11T13:17:04.504+0000] {processor.py:925} INFO - DAG(s) 'credit_risk_analysis_pipeline' retrieved from /opt/airflow/dags/pipeline.py
[2026-09-11T13:17:04.527+0000] {logging_mixin.py:190} INFO - [2026-09-11T13:17:04.526+0000] {dag.py:3239} INFO - Sync 1 DAGs
[2026-09-11T13:17:04.540+0000] {logging_mixin.py:190} INFO - [2026-09-11T13:17:04.540+0000] {dag.py:4180} INFO - Setting next_dagrun for credit_risk_analysis_pipeline to None, run_after=None
[2026-09-11T13:17:04.558+0000] {processor.py:208} INFO - Processing /opt/airflow/dags/pipeline.py took 0.075 seconds
[2026-09-11T13:17:34.705+0000] {processor.py:186} INFO - Started process (PID=186) to work on /opt/airflow/dags/pipeline.py
[2026-09-11T13:17:34.706+0000] {processor.py:914} INFO - Processing file /opt/airflow/dags/pipeline.py for tasks to queue
[2026-09-11T13:17:34.709+0000] {logging_mixin.py:190} INFO - [2026-09-11T13:17:34.709+0000] {dagbag.py:588} INFO - Filling up the DagBag from /opt/airflow/dags/pipeline.py
[2026-09-11T13:17:34.720+0000] {processor.py:925} INFO - DAG(s) 'credit_risk_analysis_pipeline' retrieved from /opt/airflow/dags/pipeline.py
[2026-09-11T13:17:34.743+0000] {logging_mixin.py:190} INFO - [2026-09-11T13:17:34.743+0000] {dag.py:3239} INFO - Sync 1 DAGs
[2026-09-11T13:17:34.756+0000] {logging_mixin.py:190} INFO - [2026-09-11T13:17:34.756+0000] {dag.py:4180} INFO - Setting next_dagrun for credit_risk_analysis_pipeline to None, run_after=None
[2026-09-11T13:17:34.780+0000] {processor.py:208} INFO - Processing /opt/airflow/dags/pipeline.py took 0.079 seconds
[2026-09-11T13:18:04.915+0000] {processor.py:186} INFO - Started process (PID=187) to work on /opt/airflow/dags/pipeline.py
[2026-09-11T13:18:04.916+0000] {processor.py:914} INFO - Processing file /opt/airflow/dags/pipeline.py for tasks to queue
[2026-09-11T13:18:04.919+0000] {logging_mixin.py:190} INFO - [2026-09-11T13:18:04.918+0000] {dagbag.py:588} INFO - Filling up the DagBag from /opt/airflow/dags/pipeline.py
[2026-09-11T13:18:04.930+0000] {processor.py:925} INFO - DAG(s) 'credit_risk_analysis_pipeline' retrieved from /opt/airflow/dags/pipeline.py
[2026-09-11T13:18:04.952+0000] {logging_mixin.py:190} INFO - [2026-09-11T13:18:04.951+0000] {dag.py:3239} INFO - Sync 1 DAGs
[2026-09-11T13:18:04.965+0000] {logging_mixin.py:190} INFO - [2026-09-11T13:18:04.965+0000] {dag.py:4180} INFO - Setting next_dagrun for credit_risk_analysis_pipeline to None, run_after=None
[2026-09-11T13:18:04.986+0000] {processor.py:208} INFO - Processing /opt/airflow/dags/pipeline.py took 0.076 seconds
[2026-09-11T13:18:35.142+0000] {processor.py:186} INFO - Started process (PID=188) to work on /opt/airflow/dags/pipeline.py
[2026-09-11T13:18:35.143+0000] {processor.py:914} INFO - Processing file /opt/airflow/dags/pipeline.py for tasks to queue
[2026-09-11T13:18:35.146+0000] {logging_mixin.py:190} INFO - [2026-09-11T13:18:35.146+0000] {dagbag.py:588} INFO - Filling up the DagBag from /opt/airflow/dags/pipeline.py
[2026-09-11T13:18:35.157+0000] {processor.py:925} INFO - DAG(s) 'credit_risk_analysis_pipeline' retrieved from /opt/airflow/dags/pipeline.py
[2026-09-11T13:18:35.183+0000] {logging_mixin.py:190} INFO - [2026-09-11T13:18:35.183+0000] {dag.py:3239} INFO - Sync 1 DAGs
[2026-09-11T13:18:35.198+0000] {logging_mixin.py:190} INFO - [2026-09-11T13:18:35.198+0000] {dag.py:4180} INFO - Setting next_dagrun for credit_risk_analysis_pipeline to None, run_after=None
[2026-09-11T13:18:35.220+0000] {processor.py:208} INFO - Processing /opt/airflow/dags/pipeline.py took 0.084 seconds
[2026-09-11T13:19:05.372+0000] {processor.py:186} INFO - Started process (PID=189) to work on /opt/airflow/dags/pipeline.py
[2026-09-11T13:19:05.373+0000] {processor.py:914} INFO - Processing file /opt/airflow/dags/pipeline.py for tasks to queue
[2026-09-11T13:19:05.376+0000] {logging_mixin.py:190} INFO - [2026-09-11T13:19:05.375+0000] {dagbag.py:588} INFO - Filling up the DagBag from /opt/airflow/dags/pipeline.py
[2026-09-11T13:19:05.388+0000] {processor.py:925} INFO - DAG(s) 'credit_risk_analysis_pipeline' retrieved from /opt/airflow/dags/pipeline.py
[2026-09-11T13:19:05.410+0000] {logging_mixin.py:190} INFO - [2026-09-11T13:19:05.410+0000] {dag.py:3239} INFO - Sync 1 DAGs
[2026-09-11T13:19:05.561+0000] {logging_mixin.py:190} INFO - [2026-09-11T13:19:05.560+0000] {dag.py:4180} INFO - Setting next_dagrun for credit_risk_analysis_pipeline to None, run_after=None
[2026-09-11T13:19:05.576+0000] {processor.py:208} INFO - Processing /opt/airflow/dags/pipeline.py took 0.209 seconds
[2026-09-11T13:19:35.768+0000] {processor.py:186} INFO - Started process (PID=190) to work on /opt/airflow/dags/pipeline.py
[2026-09-11T13:19:35.769+0000] {processor.py:914} INFO - Processing file /opt/airflow/dags/pipeline.py for tasks to queue
[2026-09-11T13:19:35.772+0000] {logging_mixin.py:190} INFO - [2026-09-11T13:19:35.772+0000] {dagbag.py:588} INFO - Filling up the DagBag from /opt/airflow/dags/pipeline.py
[2026-09-11T13:19:35.783+0000] {processor.py:925} INFO - DAG(s) 'credit_risk_analysis_pipeline' retrieved from /opt/airflow/dags/pipeline.py
[2026-09-11T13:19:35.808+0000] {logging_mixin.py:190} INFO - [2026-09-11T13:19:35.808+0000] {dag.py:3239} INFO - Sync 1 DAGs
[2026-09-11T13:19:35.823+0000] {logging_mixin.py:190} INFO - [2026-09-11T13:19:35.823+0000] {dag.py:4180} INFO - Setting next_dagrun for credit_risk_analysis_pipeline to None, run_after=None
[2026-09-11T13:19:35.844+0000] {processor.py:208} INFO - Processing /opt/airflow/dags/pipeline.py took 0.081 seconds
[2026-09-11T13:20:05.951+0000] {processor.py:186} INFO - Started process (PID=191) to work on /opt/airflow/dags/pipeline.py
[2026-09-11T13:20:05.952+0000] {processor.py:914} INFO - Processing file /opt/airflow/dags/pipeline.py for tasks to queue
[2026-09-11T13:20:05.954+0000] {logging_mixin.py:190} INFO - [2026-09-11T13:20:05.954+0000] {dagbag.py:588} INFO - Filling up the DagBag from /opt/airflow/dags/pipeline.py
[2026-09-11T13:20:05.966+0000] {processor.py:925} INFO - DAG(s) 'credit_risk_analysis_pipeline' retrieved from /opt/airflow/dags/pipeline.py
[2026-09-11T13:20:05.988+0000] {logging_mixin.py:190} INFO - [2026-09-11T13:20:05.988+0000] {dag.py:3239} INFO - Sync 1 DAGs
[2026-09-11T13:20:06.002+0000] {logging_mixin.py:190} INFO - [2026-09-11T13:20:06.002+0000] {dag.py:4180} INFO - Setting next_dagrun for credit_risk_analysis_pipeline to None, run_after=None
[2026-09-11T13:20:06.018+0000] {processor.py:208} INFO - Processing /opt/airflow/dags/pipeline.py took 0.073 seconds
[2026-09-11T13:20:36.206+0000] {processor.py:186} INFO - Started process (PID=192) to work on /opt/airflow/dags/pipeline.py
[2026-09-11T13:20:36.207+0000] {processor.py:914} INFO - Processing file /opt/airflow/dags/pipeline.py for tasks to queue
[2026-09-11T13:20:36.210+0000] {logging_mixin.py:190} INFO - [2026-09-11T13:20:36.209+0000] {dagbag.py:588} INFO - Filling up the DagBag from /opt/airflow/dags/pipeline.py
[2026-09-11T13:20:36.222+0000] {processor.py:925} INFO - DAG(s) 'credit_risk_analysis_pipeline' retrieved from /opt/airflow/dags/pipeline.py
[2026-09-11T13:20:36.247+0000] {logging_mixin.py:190} INFO - [2026-09-11T13:20:36.247+0000] {dag.py:3239} INFO - Sync 1 DAGs
[2026-09-11T13:20:36.262+0000] {logging_mixin.py:190} INFO - [2026-09-11T13:20:36.262+0000] {dag.py:4180} INFO - Setting next_dagrun for credit_risk_analysis_pipeline to None, run_after=None
[2026-09-11T13:20:36.286+0000] {processor.py:208} INFO - Processing /opt/airflow/dags/pipeline.py took 0.086 seconds
[2026-09-11T13:21:06.407+0000] {processor.py:186} INFO - Started process (PID=193) to work on /opt/airflow/dags/pipeline.py
[2026-09-11T13:21:06.408+0000] {processor.py:914} INFO - Processing file /opt/airflow/dags/pipeline.py for tasks to queue
[2026-09-11T13:21:06.411+0000] {logging_mixin.py:190} INFO - [2026-09-11T13:21:06.411+0000] {dagbag.py:588} INFO - Filling up the DagBag from /opt/airflow/dags/pipeline.py
[2026-09-11T13:21:06.422+0000] {processor.py:925} INFO - DAG(s) 'credit_risk_analysis_pipeline' retrieved from /opt/airflow/dags/pipeline.py
[2026-09-11T13:21:06.445+0000] {logging_mixin.py:190} INFO - [2026-09-11T13:21:06.445+0000] {dag.py:3239} INFO - Sync 1 DAGs
[2026-09-11T13:21:06.459+0000] {logging_mixin.py:190} INFO - [2026-09-11T13:21:06.458+0000] {dag.py:4180} INFO - Setting next_dagrun for credit_risk_analysis_pipeline to None, run_after=None
[2026-09-11T13:21:06.481+0000] {processor.py:208} INFO - Processing /opt/airflow/dags/pipeline.py took 0.079 seconds
[2026-09-11T13:21:36.667+0000] {processor.py:186} INFO - Started process (PID=194) to work on /opt/airflow/dags/pipeline.py
[2026-09-11T13:21:36.671+0000] {processor.py:914} INFO - Processing file /opt/airflow/dags/pipeline.py for tasks to queue
[2026-09-11T13:21:36.675+0000] {logging_mixin.py:190} INFO - [2026-09-11T13:21:36.675+0000] {dagbag.py:588} INFO - Filling up the DagBag from /opt/airflow/dags/pipeline.py
[2026-09-11T13:21:36.689+0000] {processor.py:925} INFO - DAG(s) 'credit_risk_analysis_pipeline' retrieved from /opt/airflow/dags/pipeline.py
[2026-09-11T13:21:36.721+0000] {logging_mixin.py:190} INFO - [2026-09-11T13:21:36.720+0000] {dag.py:3239} INFO - Sync 1 DAGs
[2026-09-11T13:21:36.741+0000] {logging_mixin.py:190} INFO - [2026-09-11T13:21:36.741+0000] {dag.py:4180} INFO - Setting next_dagrun for credit_risk_analysis_pipeline to None, run_after=None
[2026-09-11T13:21:36.925+0000] {processor.py:208} INFO - Processing /opt/airflow/dags/pipeline.py took 0.264 seconds
[2026-09-11T13:22:07.119+0000] {processor.py:186} INFO - Started process (PID=195) to work on /opt/airflow/dags/pipeline.py
[2026-09-11T13:22:07.120+0000] {processor.py:914} INFO - Processing file /opt/airflow/dags/pipeline.py for tasks to queue
[2026-09-11T13:22:07.122+0000] {logging_mixin.py:190} INFO - [2026-09-11T13:22:07.122+0000] {dagbag.py:588} INFO - Filling up the DagBag from /opt/airflow/dags/pipeline.py
[2026-09-11T13:22:07.133+0000] {processor.py:925} INFO - DAG(s) 'credit_risk_analysis_pipeline' retrieved from /opt/airflow/dags/pipeline.py
[2026-09-11T13:22:07.160+0000] {logging_mixin.py:190} INFO - [2026-09-11T13:22:07.159+0000] {dag.py:3239} INFO - Sync 1 DAGs
[2026-09-11T13:22:07.309+0000] {logging_mixin.py:190} INFO - [2026-09-11T13:22:07.309+0000] {dag.py:4180} INFO - Setting next_dagrun for credit_risk_analysis_pipeline to None, run_after=None
[2026-09-11T13:22:07.338+0000] {processor.py:208} INFO - Processing /opt/airflow/dags/pipeline.py took 0.225 seconds
[2026-09-11T13:22:37.544+0000] {processor.py:186} INFO - Started process (PID=196) to work on /opt/airflow/dags/pipeline.py
[2026-09-11T13:22:37.545+0000] {processor.py:914} INFO - Processing file /opt/airflow/dags/pipeline.py for tasks to queue
[2026-09-11T13:22:37.547+0000] {logging_mixin.py:190} INFO - [2026-09-11T13:22:37.547+0000] {dagbag.py:588} INFO - Filling up the DagBag from /opt/airflow/dags/pipeline.py
[2026-09-11T13:22:37.559+0000] {processor.py:925} INFO - DAG(s) 'credit_risk_analysis_pipeline' retrieved from /opt/airflow/dags/pipeline.py
[2026-09-11T13:22:37.584+0000] {logging_mixin.py:190} INFO - [2026-09-11T13:22:37.584+0000] {dag.py:3239} INFO - Sync 1 DAGs
[2026-09-11T13:22:37.598+0000] {logging_mixin.py:190} INFO - [2026-09-11T13:22:37.598+0000] {dag.py:4180} INFO - Setting next_dagrun for credit_risk_analysis_pipeline to None, run_after=None
[2026-09-11T13:22:37.617+0000] {processor.py:208} INFO - Processing /opt/airflow/dags/pipeline.py took 0.083 seconds
[2026-09-11T13:23:07.742+0000] {processor.py:186} INFO - Started process (PID=197) to work on /opt/airflow/dags/pipeline.py
[2026-09-11T13:23:07.743+0000] {processor.py:914} INFO - Processing file /opt/airflow/dags/pipeline.py for tasks to queue
[2026-09-11T13:23:07.745+0000] {logging_mixin.py:190} INFO - [2026-09-11T13:23:07.745+0000] {dagbag.py:588} INFO - Filling up the DagBag from /opt/airflow/dags/pipeline.py
[2026-09-11T13:23:07.756+0000] {processor.py:925} INFO - DAG(s) 'credit_risk_analysis_pipeline' retrieved from /opt/airflow/dags/pipeline.py
[2026-09-11T13:23:07.779+0000] {logging_mixin.py:190} INFO - [2026-09-11T13:23:07.779+0000] {dag.py:3239} INFO - Sync 1 DAGs
[2026-09-11T13:23:07.792+0000] {logging_mixin.py:190} INFO - [2026-09-11T13:23:07.792+0000] {dag.py:4180} INFO - Setting next_dagrun for credit_risk_analysis_pipeline to None, run_after=None
[2026-09-11T13:23:07.813+0000] {processor.py:208} INFO - Processing /opt/airflow/dags/pipeline.py took 0.077 seconds
[2026-09-11T13:23:37.958+0000] {processor.py:186} INFO - Started process (PID=198) to work on /opt/airflow/dags/pipeline.py
[2026-09-11T13:23:37.959+0000] {processor.py:914} INFO - Processing file /opt/airflow/dags/pipeline.py for tasks to queue
[2026-09-11T13:23:37.961+0000] {logging_mixin.py:190} INFO - [2026-09-11T13:23:37.961+0000] {dagbag.py:588} INFO - Filling up the DagBag from /opt/airflow/dags/pipeline.py
[2026-09-11T13:23:37.974+0000] {processor.py:925} INFO - DAG(s) 'credit_risk_analysis_pipeline' retrieved from /opt/airflow/dags/pipeline.py
[2026-09-11T13:23:37.999+0000] {logging_mixin.py:190} INFO - [2026-09-11T13:23:37.999+0000] {dag.py:3239} INFO - Sync 1 DAGs
[2026-09-11T13:23:38.014+0000] {logging_mixin.py:190} INFO - [2026-09-11T13:23:38.014+0000] {dag.py:4180} INFO - Setting next_dagrun for credit_risk_analysis_pipeline to None, run_after=None
[2026-09-11T13:23:38.032+0000] {processor.py:208} INFO - Processing /opt/airflow/dags/pipeline.py took 0.080 seconds
[2026-09-11T13:24:08.270+0000] {processor.py:186} INFO - Started process (PID=199) to work on /opt/airflow/dags/pipeline.py
[2026-09-11T13:24:08.271+0000] {processor.py:914} INFO - Processing file /opt/airflow/dags/pipeline.py for tasks to queue
[2026-09-11T13:24:08.273+0000] {logging_mixin.py:190} INFO - [2026-09-11T13:24:08.273+0000] {dagbag.py:588} INFO - Filling up the DagBag from /opt/airflow/dags/pipeline.py
[2026-09-11T13:24:08.285+0000] {processor.py:925} INFO - DAG(s) 'credit_risk_analysis_pipeline' retrieved from /opt/airflow/dags/pipeline.py
[2026-09-11T13:24:08.308+0000] {logging_mixin.py:190} INFO - [2026-09-11T13:24:08.308+0000] {dag.py:3239} INFO - Sync 1 DAGs
[2026-09-11T13:24:08.322+0000] {logging_mixin.py:190} INFO - [2026-09-11T13:24:08.321+0000] {dag.py:4180} INFO - Setting next_dagrun for credit_risk_analysis_pipeline to None, run_after=None
[2026-09-11T13:24:08.344+0000] {processor.py:208} INFO - Processing /opt/airflow/dags/pipeline.py took 0.080 seconds
[2026-09-11T13:24:38.487+0000] {processor.py:186} INFO - Started process (PID=200) to work on /opt/airflow/dags/pipeline.py
[2026-09-11T13:24:38.488+0000] {processor.py:914} INFO - Processing file /opt/airflow/dags/pipeline.py for tasks to queue
[2026-09-11T13:24:38.490+0000] {logging_mixin.py:190} INFO - [2026-09-11T13:24:38.490+0000] {dagbag.py:588} INFO - Filling up the DagBag from /opt/airflow/dags/pipeline.py
[2026-09-11T13:24:38.502+0000] {processor.py:925} INFO - DAG(s) 'credit_risk_analysis_pipeline' retrieved from /opt/airflow/dags/pipeline.py
[2026-09-11T13:24:38.527+0000] {logging_mixin.py:190} INFO - [2026-09-11T13:24:38.527+0000] {dag.py:3239} INFO - Sync 1 DAGs
[2026-09-11T13:24:38.541+0000] {logging_mixin.py:190} INFO - [2026-09-11T13:24:38.541+0000] {dag.py:4180} INFO - Setting next_dagrun for credit_risk_analysis_pipeline to None, run_after=None
[2026-09-11T13:24:38.733+0000] {processor.py:208} INFO - Processing /opt/airflow/dags/pipeline.py took 0.251 seconds
[2026-09-11T13:25:08.931+0000] {processor.py:186} INFO - Started process (PID=201) to work on /opt/airflow/dags/pipeline.py
[2026-09-11T13:25:08.932+0000] {processor.py:914} INFO - Processing file /opt/airflow/dags/pipeline.py for tasks to queue
[2026-09-11T13:25:08.935+0000] {logging_mixin.py:190} INFO - [2026-09-11T13:25:08.935+0000] {dagbag.py:588} INFO - Filling up the DagBag from /opt/airflow/dags/pipeline.py
[2026-09-11T13:25:08.947+0000] {processor.py:925} INFO - DAG(s) 'credit_risk_analysis_pipeline' retrieved from /opt/airflow/dags/pipeline.py
[2026-09-11T13:25:08.969+0000] {logging_mixin.py:190} INFO - [2026-09-11T13:25:08.969+0000] {dag.py:3239} INFO - Sync 1 DAGs
[2026-09-11T13:25:09.121+0000] {logging_mixin.py:190} INFO - [2026-09-11T13:25:09.121+0000] {dag.py:4180} INFO - Setting next_dagrun for credit_risk_analysis_pipeline to None, run_after=None
[2026-09-11T13:25:09.138+0000] {processor.py:208} INFO - Processing /opt/airflow/dags/pipeline.py took 0.212 seconds
[2026-09-11T13:25:39.248+0000] {processor.py:186} INFO - Started process (PID=202) to work on /opt/airflow/dags/pipeline.py
[2026-09-11T13:25:39.251+0000] {processor.py:914} INFO - Processing file /opt/airflow/dags/pipeline.py for tasks to queue
[2026-09-11T13:25:39.258+0000] {logging_mixin.py:190} INFO - [2026-09-11T13:25:39.257+0000] {dagbag.py:588} INFO - Filling up the DagBag from /opt/airflow/dags/pipeline.py
[2026-09-11T13:25:39.291+0000] {processor.py:925} INFO - DAG(s) 'credit_risk_analysis_pipeline' retrieved from /opt/airflow/dags/pipeline.py
[2026-09-11T13:25:39.353+0000] {logging_mixin.py:190} INFO - [2026-09-11T13:25:39.352+0000] {dag.py:3239} INFO - Sync 1 DAGs
[2026-09-11T13:25:39.389+0000] {logging_mixin.py:190} INFO - [2026-09-11T13:25:39.389+0000] {dag.py:4180} INFO - Setting next_dagrun for credit_risk_analysis_pipeline to None, run_after=None
[2026-09-11T13:25:39.431+0000] {processor.py:208} INFO - Processing /opt/airflow/dags/pipeline.py took 0.197 seconds
[2026-09-11T13:26:09.652+0000] {processor.py:186} INFO - Started process (PID=203) to work on /opt/airflow/dags/pipeline.py
[2026-09-11T13:26:09.654+0000] {processor.py:914} INFO - Processing file /opt/airflow/dags/pipeline.py for tasks to queue
[2026-09-11T13:26:09.661+0000] {logging_mixin.py:190} INFO - [2026-09-11T13:26:09.660+0000] {dagbag.py:588} INFO - Filling up the DagBag from /opt/airflow/dags/pipeline.py
[2026-09-11T13:26:09.696+0000] {processor.py:925} INFO - DAG(s) 'credit_risk_analysis_pipeline' retrieved from /opt/airflow/dags/pipeline.py
[2026-09-11T13:26:09.773+0000] {logging_mixin.py:190} INFO - [2026-09-11T13:26:09.772+0000] {dag.py:3239} INFO - Sync 1 DAGs
[2026-09-11T13:26:09.828+0000] {logging_mixin.py:190} INFO - [2026-09-11T13:26:09.828+0000] {dag.py:4180} INFO - Setting next_dagrun for credit_risk_analysis_pipeline to None, run_after=None
[2026-09-11T13:26:09.878+0000] {processor.py:208} INFO - Processing /opt/airflow/dags/pipeline.py took 0.253 seconds
[2026-09-11T13:26:40.171+0000] {processor.py:186} INFO - Started process (PID=204) to work on /opt/airflow/dags/pipeline.py
[2026-09-11T13:26:40.174+0000] {processor.py:914} INFO - Processing file /opt/airflow/dags/pipeline.py for tasks to queue
[2026-09-11T13:26:40.180+0000] {logging_mixin.py:190} INFO - [2026-09-11T13:26:40.180+0000] {dagbag.py:588} INFO - Filling up the DagBag from /opt/airflow/dags/pipeline.py
[2026-09-11T13:26:40.214+0000] {processor.py:925} INFO - DAG(s) 'credit_risk_analysis_pipeline' retrieved from /opt/airflow/dags/pipeline.py
[2026-09-11T13:26:40.268+0000] {logging_mixin.py:190} INFO - [2026-09-11T13:26:40.267+0000] {dag.py:3239} INFO - Sync 1 DAGs
[2026-09-11T13:26:40.299+0000] {logging_mixin.py:190} INFO - [2026-09-11T13:26:40.299+0000] {dag.py:4180} INFO - Setting next_dagrun for credit_risk_analysis_pipeline to None, run_after=None
[2026-09-11T13:26:40.340+0000] {processor.py:208} INFO - Processing /opt/airflow/dags/pipeline.py took 0.180 seconds
[2026-09-11T13:27:10.607+0000] {processor.py:186} INFO - Started process (PID=205) to work on /opt/airflow/dags/pipeline.py
[2026-09-11T13:27:10.609+0000] {processor.py:914} INFO - Processing file /opt/airflow/dags/pipeline.py for tasks to queue
[2026-09-11T13:27:10.614+0000] {logging_mixin.py:190} INFO - [2026-09-11T13:27:10.613+0000] {dagbag.py:588} INFO - Filling up the DagBag from /opt/airflow/dags/pipeline.py
[2026-09-11T13:27:10.648+0000] {processor.py:925} INFO - DAG(s) 'credit_risk_analysis_pipeline' retrieved from /opt/airflow/dags/pipeline.py
[2026-09-11T13:27:10.704+0000] {logging_mixin.py:190} INFO - [2026-09-11T13:27:10.703+0000] {dag.py:3239} INFO - Sync 1 DAGs
[2026-09-11T13:27:10.735+0000] {logging_mixin.py:190} INFO - [2026-09-11T13:27:10.734+0000] {dag.py:4180} INFO - Setting next_dagrun for credit_risk_analysis_pipeline to None, run_after=None
[2026-09-11T13:27:10.783+0000] {processor.py:208} INFO - Processing /opt/airflow/dags/pipeline.py took 0.190 seconds
[2026-09-11T13:27:41.094+0000] {processor.py:186} INFO - Started process (PID=206) to work on /opt/airflow/dags/pipeline.py
[2026-09-11T13:27:41.096+0000] {processor.py:914} INFO - Processing file /opt/airflow/dags/pipeline.py for tasks to queue
[2026-09-11T13:27:41.102+0000] {logging_mixin.py:190} INFO - [2026-09-11T13:27:41.101+0000] {dagbag.py:588} INFO - Filling up the DagBag from /opt/airflow/dags/pipeline.py
[2026-09-11T13:27:41.128+0000] {processor.py:925} INFO - DAG(s) 'credit_risk_analysis_pipeline' retrieved from /opt/airflow/dags/pipeline.py
[2026-09-11T13:27:41.184+0000] {logging_mixin.py:190} INFO - [2026-09-11T13:27:41.183+0000] {dag.py:3239} INFO - Sync 1 DAGs
[2026-09-11T13:27:41.215+0000] {logging_mixin.py:190} INFO - [2026-09-11T13:27:41.214+0000] {dag.py:4180} INFO - Setting next_dagrun for credit_risk_analysis_pipeline to None, run_after=None
[2026-09-11T13:27:41.583+0000] {processor.py:208} INFO - Processing /opt/airflow/dags/pipeline.py took 0.504 seconds
[2026-09-11T13:28:12.056+0000] {processor.py:186} INFO - Started process (PID=207) to work on /opt/airflow/dags/pipeline.py
[2026-09-11T13:28:12.059+0000] {processor.py:914} INFO - Processing file /opt/airflow/dags/pipeline.py for tasks to queue
[2026-09-11T13:28:12.065+0000] {logging_mixin.py:190} INFO - [2026-09-11T13:28:12.064+0000] {dagbag.py:588} INFO - Filling up the DagBag from /opt/airflow/dags/pipeline.py
[2026-09-11T13:28:12.099+0000] {processor.py:925} INFO - DAG(s) 'credit_risk_analysis_pipeline' retrieved from /opt/airflow/dags/pipeline.py
[2026-09-11T13:28:12.160+0000] {logging_mixin.py:190} INFO - [2026-09-11T13:28:12.159+0000] {dag.py:3239} INFO - Sync 1 DAGs
[2026-09-11T13:28:12.536+0000] {logging_mixin.py:190} INFO - [2026-09-11T13:28:12.535+0000] {dag.py:4180} INFO - Setting next_dagrun for credit_risk_analysis_pipeline to None, run_after=None
[2026-09-11T13:28:12.586+0000] {processor.py:208} INFO - Processing /opt/airflow/dags/pipeline.py took 0.541 seconds
[2026-09-11T13:28:42.872+0000] {processor.py:186} INFO - Started process (PID=208) to work on /opt/airflow/dags/pipeline.py
[2026-09-11T13:28:42.874+0000] {processor.py:914} INFO - Processing file /opt/airflow/dags/pipeline.py for tasks to queue
[2026-09-11T13:28:42.879+0000] {logging_mixin.py:190} INFO - [2026-09-11T13:28:42.879+0000] {dagbag.py:588} INFO - Filling up the DagBag from /opt/airflow/dags/pipeline.py
[2026-09-11T13:28:42.907+0000] {processor.py:925} INFO - DAG(s) 'credit_risk_analysis_pipeline' retrieved from /opt/airflow/dags/pipeline.py
[2026-09-11T13:28:42.957+0000] {logging_mixin.py:190} INFO - [2026-09-11T13:28:42.957+0000] {dag.py:3239} INFO - Sync 1 DAGs
[2026-09-11T13:28:42.985+0000] {logging_mixin.py:190} INFO - [2026-09-11T13:28:42.984+0000] {dag.py:4180} INFO - Setting next_dagrun for credit_risk_analysis_pipeline to None, run_after=None
[2026-09-11T13:28:43.036+0000] {processor.py:208} INFO - Processing /opt/airflow/dags/pipeline.py took 0.176 seconds
[2026-09-11T13:29:13.423+0000] {processor.py:186} INFO - Started process (PID=209) to work on /opt/airflow/dags/pipeline.py
[2026-09-11T13:29:13.426+0000] {processor.py:914} INFO - Processing file /opt/airflow/dags/pipeline.py for tasks to queue
[2026-09-11T13:29:13.432+0000] {logging_mixin.py:190} INFO - [2026-09-11T13:29:13.431+0000] {dagbag.py:588} INFO - Filling up the DagBag from /opt/airflow/dags/pipeline.py
[2026-09-11T13:29:13.468+0000] {processor.py:925} INFO - DAG(s) 'credit_risk_analysis_pipeline' retrieved from /opt/airflow/dags/pipeline.py
[2026-09-11T13:29:13.518+0000] {logging_mixin.py:190} INFO - [2026-09-11T13:29:13.517+0000] {dag.py:3239} INFO - Sync 1 DAGs
[2026-09-11T13:29:13.546+0000] {logging_mixin.py:190} INFO - [2026-09-11T13:29:13.546+0000] {dag.py:4180} INFO - Setting next_dagrun for credit_risk_analysis_pipeline to None, run_after=None
[2026-09-11T13:29:13.598+0000] {processor.py:208} INFO - Processing /opt/airflow/dags/pipeline.py took 0.186 seconds
[2026-09-11T13:29:43.800+0000] {processor.py:186} INFO - Started process (PID=210) to work on /opt/airflow/dags/pipeline.py
[2026-09-11T13:29:43.803+0000] {processor.py:914} INFO - Processing file /opt/airflow/dags/pipeline.py for tasks to queue
[2026-09-11T13:29:43.810+0000] {logging_mixin.py:190} INFO - [2026-09-11T13:29:43.810+0000] {dagbag.py:588} INFO - Filling up the DagBag from /opt/airflow/dags/pipeline.py
[2026-09-11T13:29:43.841+0000] {processor.py:925} INFO - DAG(s) 'credit_risk_analysis_pipeline' retrieved from /opt/airflow/dags/pipeline.py
[2026-09-11T13:29:43.896+0000] {logging_mixin.py:190} INFO - [2026-09-11T13:29:43.895+0000] {dag.py:3239} INFO - Sync 1 DAGs
[2026-09-11T13:29:43.925+0000] {logging_mixin.py:190} INFO - [2026-09-11T13:29:43.925+0000] {dag.py:4180} INFO - Setting next_dagrun for credit_risk_analysis_pipeline to None, run_after=None
[2026-09-11T13:29:43.966+0000] {processor.py:208} INFO - Processing /opt/airflow/dags/pipeline.py took 0.178 seconds
[2026-09-11T13:30:14.333+0000] {processor.py:186} INFO - Started process (PID=211) to work on /opt/airflow/dags/pipeline.py
[2026-09-11T13:30:14.336+0000] {processor.py:914} INFO - Processing file /opt/airflow/dags/pipeline.py for tasks to queue
[2026-09-11T13:30:14.341+0000] {logging_mixin.py:190} INFO - [2026-09-11T13:30:14.341+0000] {dagbag.py:588} INFO - Filling up the DagBag from /opt/airflow/dags/pipeline.py
[2026-09-11T13:30:14.374+0000] {processor.py:925} INFO - DAG(s) 'credit_risk_analysis_pipeline' retrieved from /opt/airflow/dags/pipeline.py
[2026-09-11T13:30:14.423+0000] {logging_mixin.py:190} INFO - [2026-09-11T13:30:14.422+0000] {dag.py:3239} INFO - Sync 1 DAGs
[2026-09-11T13:30:14.451+0000] {logging_mixin.py:190} INFO - [2026-09-11T13:30:14.450+0000] {dag.py:4180} INFO - Setting next_dagrun for credit_risk_analysis_pipeline to None, run_after=None
[2026-09-11T13:30:14.737+0000] {processor.py:208} INFO - Processing /opt/airflow/dags/pipeline.py took 0.414 seconds
[2026-09-11T13:30:45.168+0000] {processor.py:186} INFO - Started process (PID=212) to work on /opt/airflow/dags/pipeline.py
[2026-09-11T13:30:45.171+0000] {processor.py:914} INFO - Processing file /opt/airflow/dags/pipeline.py for tasks to queue
[2026-09-11T13:30:45.176+0000] {logging_mixin.py:190} INFO - [2026-09-11T13:30:45.175+0000] {dagbag.py:588} INFO - Filling up the DagBag from /opt/airflow/dags/pipeline.py
[2026-09-11T13:30:45.213+0000] {processor.py:925} INFO - DAG(s) 'credit_risk_analysis_pipeline' retrieved from /opt/airflow/dags/pipeline.py
[2026-09-11T13:30:45.267+0000] {logging_mixin.py:190} INFO - [2026-09-11T13:30:45.266+0000] {dag.py:3239} INFO - Sync 1 DAGs
[2026-09-11T13:30:45.531+0000] {logging_mixin.py:190} INFO - [2026-09-11T13:30:45.531+0000] {dag.py:4180} INFO - Setting next_dagrun for credit_risk_analysis_pipeline to None, run_after=None
[2026-09-11T13:30:45.581+0000] {processor.py:208} INFO - Processing /opt/airflow/dags/pipeline.py took 0.430 seconds
[2026-09-11T13:31:16.098+0000] {processor.py:186} INFO - Started process (PID=213) to work on /opt/airflow/dags/pipeline.py
[2026-09-11T13:31:16.100+0000] {processor.py:914} INFO - Processing file /opt/airflow/dags/pipeline.py for tasks to queue
[2026-09-11T13:31:16.105+0000] {logging_mixin.py:190} INFO - [2026-09-11T13:31:16.104+0000] {dagbag.py:588} INFO - Filling up the DagBag from /opt/airflow/dags/pipeline.py
[2026-09-11T13:31:16.135+0000] {processor.py:925} INFO - DAG(s) 'credit_risk_analysis_pipeline' retrieved from /opt/airflow/dags/pipeline.py
[2026-09-11T13:31:16.187+0000] {logging_mixin.py:190} INFO - [2026-09-11T13:31:16.187+0000] {dag.py:3239} INFO - Sync 1 DAGs
[2026-09-11T13:31:16.216+0000] {logging_mixin.py:190} INFO - [2026-09-11T13:31:16.216+0000] {dag.py:4180} INFO - Setting next_dagrun for credit_risk_analysis_pipeline to None, run_after=None
[2026-09-11T13:31:16.259+0000] {processor.py:208} INFO - Processing /opt/airflow/dags/pipeline.py took 0.176 seconds
[2026-09-11T13:31:46.420+0000] {processor.py:186} INFO - Started process (PID=214) to work on /opt/airflow/dags/pipeline.py
[2026-09-11T13:31:46.423+0000] {processor.py:914} INFO - Processing file /opt/airflow/dags/pipeline.py for tasks to queue
[2026-09-11T13:31:46.429+0000] {logging_mixin.py:190} INFO - [2026-09-11T13:31:46.429+0000] {dagbag.py:588} INFO - Filling up the DagBag from /opt/airflow/dags/pipeline.py
[2026-09-11T13:31:46.460+0000] {processor.py:925} INFO - DAG(s) 'credit_risk_analysis_pipeline' retrieved from /opt/airflow/dags/pipeline.py
[2026-09-11T13:31:46.521+0000] {logging_mixin.py:190} INFO - [2026-09-11T13:31:46.520+0000] {dag.py:3239} INFO - Sync 1 DAGs
[2026-09-11T13:31:46.553+0000] {logging_mixin.py:190} INFO - [2026-09-11T13:31:46.553+0000] {dag.py:4180} INFO - Setting next_dagrun for credit_risk_analysis_pipeline to None, run_after=None
[2026-09-11T13:31:46.602+0000] {processor.py:208} INFO - Processing /opt/airflow/dags/pipeline.py took 0.194 seconds
[2026-09-11T13:32:17.057+0000] {processor.py:186} INFO - Started process (PID=215) to work on /opt/airflow/dags/pipeline.py
[2026-09-11T13:32:17.061+0000] {processor.py:914} INFO - Processing file /opt/airflow/dags/pipeline.py for tasks to queue
[2026-09-11T13:32:17.074+0000] {logging_mixin.py:190} INFO - [2026-09-11T13:32:17.072+0000] {dagbag.py:588} INFO - Filling up the DagBag from /opt/airflow/dags/pipeline.py
[2026-09-11T13:32:17.121+0000] {processor.py:925} INFO - DAG(s) 'credit_risk_analysis_pipeline' retrieved from /opt/airflow/dags/pipeline.py
[2026-09-11T13:32:17.197+0000] {logging_mixin.py:190} INFO - [2026-09-11T13:32:17.196+0000] {dag.py:3239} INFO - Sync 1 DAGs
[2026-09-11T13:32:17.242+0000] {logging_mixin.py:190} INFO - [2026-09-11T13:32:17.242+0000] {dag.py:4180} INFO - Setting next_dagrun for credit_risk_analysis_pipeline to None, run_after=None
[2026-09-11T13:32:17.294+0000] {processor.py:208} INFO - Processing /opt/airflow/dags/pipeline.py took 0.274 seconds
[2026-09-11T13:32:47.396+0000] {processor.py:186} INFO - Started process (PID=216) to work on /opt/airflow/dags/pipeline.py
[2026-09-11T13:32:47.398+0000] {processor.py:914} INFO - Processing file /opt/airflow/dags/pipeline.py for tasks to queue
[2026-09-11T13:32:47.406+0000] {logging_mixin.py:190} INFO - [2026-09-11T13:32:47.405+0000] {dagbag.py:588} INFO - Filling up the DagBag from /opt/airflow/dags/pipeline.py
[2026-09-11T13:32:47.437+0000] {processor.py:925} INFO - DAG(s) 'credit_risk_analysis_pipeline' retrieved from /opt/airflow/dags/pipeline.py
[2026-09-11T13:32:47.494+0000] {logging_mixin.py:190} INFO - [2026-09-11T13:32:47.493+0000] {dag.py:3239} INFO - Sync 1 DAGs
[2026-09-11T13:32:47.527+0000] {logging_mixin.py:190} INFO - [2026-09-11T13:32:47.526+0000] {dag.py:4180} INFO - Setting next_dagrun for credit_risk_analysis_pipeline to None, run_after=None
[2026-09-11T13:32:47.578+0000] {processor.py:208} INFO - Processing /opt/airflow/dags/pipeline.py took 0.196 seconds
[2026-09-11T13:33:17.783+0000] {processor.py:186} INFO - Started process (PID=217) to work on /opt/airflow/dags/pipeline.py
[2026-09-11T13:33:17.786+0000] {processor.py:914} INFO - Processing file /opt/airflow/dags/pipeline.py for tasks to queue
[2026-09-11T13:33:17.791+0000] {logging_mixin.py:190} INFO - [2026-09-11T13:33:17.791+0000] {dagbag.py:588} INFO - Filling up the DagBag from /opt/airflow/dags/pipeline.py
[2026-09-11T13:33:17.825+0000] {processor.py:925} INFO - DAG(s) 'credit_risk_analysis_pipeline' retrieved from /opt/airflow/dags/pipeline.py
[2026-09-11T13:33:17.885+0000] {logging_mixin.py:190} INFO - [2026-09-11T13:33:17.885+0000] {dag.py:3239} INFO - Sync 1 DAGs
[2026-09-11T13:33:17.918+0000] {logging_mixin.py:190} INFO - [2026-09-11T13:33:17.918+0000] {dag.py:4180} INFO - Setting next_dagrun for credit_risk_analysis_pipeline to None, run_after=None
[2026-09-11T13:33:18.243+0000] {processor.py:208} INFO - Processing /opt/airflow/dags/pipeline.py took 0.478 seconds
[2026-09-11T13:33:48.357+0000] {processor.py:186} INFO - Started process (PID=218) to work on /opt/airflow/dags/pipeline.py
[2026-09-11T13:33:48.360+0000] {processor.py:914} INFO - Processing file /opt/airflow/dags/pipeline.py for tasks to queue
[2026-09-11T13:33:48.367+0000] {logging_mixin.py:190} INFO - [2026-09-11T13:33:48.366+0000] {dagbag.py:588} INFO - Filling up the DagBag from /opt/airflow/dags/pipeline.py
[2026-09-11T13:33:48.398+0000] {processor.py:925} INFO - DAG(s) 'credit_risk_analysis_pipeline' retrieved from /opt/airflow/dags/pipeline.py
[2026-09-11T13:33:48.451+0000] {logging_mixin.py:190} INFO - [2026-09-11T13:33:48.451+0000] {dag.py:3239} INFO - Sync 1 DAGs
[2026-09-11T13:33:48.734+0000] {logging_mixin.py:190} INFO - [2026-09-11T13:33:48.733+0000] {dag.py:4180} INFO - Setting next_dagrun for credit_risk_analysis_pipeline to None, run_after=None
[2026-09-11T13:33:48.780+0000] {processor.py:208} INFO - Processing /opt/airflow/dags/pipeline.py took 0.439 seconds
[2026-09-11T13:34:19.016+0000] {processor.py:186} INFO - Started process (PID=219) to work on /opt/airflow/dags/pipeline.py
[2026-09-11T13:34:19.019+0000] {processor.py:914} INFO - Processing file /opt/airflow/dags/pipeline.py for tasks to queue
[2026-09-11T13:34:19.026+0000] {logging_mixin.py:190} INFO - [2026-09-11T13:34:19.026+0000] {dagbag.py:588} INFO - Filling up the DagBag from /opt/airflow/dags/pipeline.py
[2026-09-11T13:34:19.066+0000] {processor.py:925} INFO - DAG(s) 'credit_risk_analysis_pipeline' retrieved from /opt/airflow/dags/pipeline.py
[2026-09-11T13:34:19.128+0000] {logging_mixin.py:190} INFO - [2026-09-11T13:34:19.126+0000] {dag.py:3239} INFO - Sync 1 DAGs
[2026-09-11T13:34:19.162+0000] {logging_mixin.py:190} INFO - [2026-09-11T13:34:19.161+0000] {dag.py:4180} INFO - Setting next_dagrun for credit_risk_analysis_pipeline to None, run_after=None
[2026-09-11T13:34:19.209+0000] {processor.py:208} INFO - Processing /opt/airflow/dags/pipeline.py took 0.205 seconds
[2026-09-11T13:34:49.553+0000] {processor.py:186} INFO - Started process (PID=220) to work on /opt/airflow/dags/pipeline.py
[2026-09-11T13:34:49.556+0000] {processor.py:914} INFO - Processing file /opt/airflow/dags/pipeline.py for tasks to queue
[2026-09-11T13:34:49.562+0000] {logging_mixin.py:190} INFO - [2026-09-11T13:34:49.561+0000] {dagbag.py:588} INFO - Filling up the DagBag from /opt/airflow/dags/pipeline.py
[2026-09-11T13:34:49.598+0000] {processor.py:925} INFO - DAG(s) 'credit_risk_analysis_pipeline' retrieved from /opt/airflow/dags/pipeline.py
[2026-09-11T13:34:49.654+0000] {logging_mixin.py:190} INFO - [2026-09-11T13:34:49.653+0000] {dag.py:3239} INFO - Sync 1 DAGs
[2026-09-11T13:34:49.684+0000] {logging_mixin.py:190} INFO - [2026-09-11T13:34:49.683+0000] {dag.py:4180} INFO - Setting next_dagrun for credit_risk_analysis_pipeline to None, run_after=None
[2026-09-11T13:34:49.737+0000] {processor.py:208} INFO - Processing /opt/airflow/dags/pipeline.py took 0.197 seconds
[2026-09-11T13:35:20.007+0000] {processor.py:186} INFO - Started process (PID=221) to work on /opt/airflow/dags/pipeline.py
[2026-09-11T13:35:20.011+0000] {processor.py:914} INFO - Processing file /opt/airflow/dags/pipeline.py for tasks to queue
[2026-09-11T13:35:20.017+0000] {logging_mixin.py:190} INFO - [2026-09-11T13:35:20.017+0000] {dagbag.py:588} INFO - Filling up the DagBag from /opt/airflow/dags/pipeline.py
[2026-09-11T13:35:20.048+0000] {processor.py:925} INFO - DAG(s) 'credit_risk_analysis_pipeline' retrieved from /opt/airflow/dags/pipeline.py
[2026-09-11T13:35:20.147+0000] {logging_mixin.py:190} INFO - [2026-09-11T13:35:20.146+0000] {dag.py:3239} INFO - Sync 1 DAGs
[2026-09-11T13:35:20.202+0000] {logging_mixin.py:190} INFO - [2026-09-11T13:35:20.202+0000] {dag.py:4180} INFO - Setting next_dagrun for credit_risk_analysis_pipeline to None, run_after=None
[2026-09-11T13:35:20.277+0000] {processor.py:208} INFO - Processing /opt/airflow/dags/pipeline.py took 0.288 seconds
[2026-09-11T13:35:50.514+0000] {processor.py:186} INFO - Started process (PID=222) to work on /opt/airflow/dags/pipeline.py
[2026-09-11T13:35:50.529+0000] {processor.py:914} INFO - Processing file /opt/airflow/dags/pipeline.py for tasks to queue
[2026-09-11T13:35:50.535+0000] {logging_mixin.py:190} INFO - [2026-09-11T13:35:50.535+0000] {dagbag.py:588} INFO - Filling up the DagBag from /opt/airflow/dags/pipeline.py
[2026-09-11T13:35:50.578+0000] {processor.py:925} INFO - DAG(s) 'credit_risk_analysis_pipeline' retrieved from /opt/airflow/dags/pipeline.py
[2026-09-11T13:35:50.634+0000] {logging_mixin.py:190} INFO - [2026-09-11T13:35:50.633+0000] {dag.py:3239} INFO - Sync 1 DAGs
[2026-09-11T13:35:50.666+0000] {logging_mixin.py:190} INFO - [2026-09-11T13:35:50.666+0000] {dag.py:4180} INFO - Setting next_dagrun for credit_risk_analysis_pipeline to None, run_after=None
[2026-09-11T13:35:50.721+0000] {processor.py:208} INFO - Processing /opt/airflow/dags/pipeline.py took 0.222 seconds
[2026-09-11T13:36:21.003+0000] {processor.py:186} INFO - Started process (PID=223) to work on /opt/airflow/dags/pipeline.py
[2026-09-11T13:36:21.006+0000] {processor.py:914} INFO - Processing file /opt/airflow/dags/pipeline.py for tasks to queue
[2026-09-11T13:36:21.012+0000] {logging_mixin.py:190} INFO - [2026-09-11T13:36:21.011+0000] {dagbag.py:588} INFO - Filling up the DagBag from /opt/airflow/dags/pipeline.py
[2026-09-11T13:36:21.047+0000] {processor.py:925} INFO - DAG(s) 'credit_risk_analysis_pipeline' retrieved from /opt/airflow/dags/pipeline.py
[2026-09-11T13:36:21.097+0000] {logging_mixin.py:190} INFO - [2026-09-11T13:36:21.096+0000] {dag.py:3239} INFO - Sync 1 DAGs
[2026-09-11T13:36:21.386+0000] {logging_mixin.py:190} INFO - [2026-09-11T13:36:21.385+0000] {dag.py:4180} INFO - Setting next_dagrun for credit_risk_analysis_pipeline to None, run_after=None
[2026-09-11T13:36:21.422+0000] {processor.py:208} INFO - Processing /opt/airflow/dags/pipeline.py took 0.431 seconds
[2026-09-11T13:36:51.814+0000] {processor.py:186} INFO - Started process (PID=224) to work on /opt/airflow/dags/pipeline.py
[2026-09-11T13:36:51.816+0000] {processor.py:914} INFO - Processing file /opt/airflow/dags/pipeline.py for tasks to queue
[2026-09-11T13:36:51.823+0000] {logging_mixin.py:190} INFO - [2026-09-11T13:36:51.822+0000] {dagbag.py:588} INFO - Filling up the DagBag from /opt/airflow/dags/pipeline.py
[2026-09-11T13:36:51.857+0000] {processor.py:925} INFO - DAG(s) 'credit_risk_analysis_pipeline' retrieved from /opt/airflow/dags/pipeline.py
[2026-09-11T13:36:51.909+0000] {logging_mixin.py:190} INFO - [2026-09-11T13:36:51.909+0000] {dag.py:3239} INFO - Sync 1 DAGs
[2026-09-11T13:36:52.162+0000] {logging_mixin.py:190} INFO - [2026-09-11T13:36:52.162+0000] {dag.py:4180} INFO - Setting next_dagrun for credit_risk_analysis_pipeline to None, run_after=None
[2026-09-11T13:36:52.210+0000] {processor.py:208} INFO - Processing /opt/airflow/dags/pipeline.py took 0.407 seconds
[2026-09-11T13:37:22.732+0000] {processor.py:186} INFO - Started process (PID=225) to work on /opt/airflow/dags/pipeline.py
[2026-09-11T13:37:22.735+0000] {processor.py:914} INFO - Processing file /opt/airflow/dags/pipeline.py for tasks to queue
[2026-09-11T13:37:22.741+0000] {logging_mixin.py:190} INFO - [2026-09-11T13:37:22.740+0000] {dagbag.py:588} INFO - Filling up the DagBag from /opt/airflow/dags/pipeline.py
[2026-09-11T13:37:22.776+0000] {processor.py:925} INFO - DAG(s) 'credit_risk_analysis_pipeline' retrieved from /opt/airflow/dags/pipeline.py
[2026-09-11T13:37:22.826+0000] {logging_mixin.py:190} INFO - [2026-09-11T13:37:22.825+0000] {dag.py:3239} INFO - Sync 1 DAGs
[2026-09-11T13:37:22.858+0000] {logging_mixin.py:190} INFO - [2026-09-11T13:37:22.857+0000] {dag.py:4180} INFO - Setting next_dagrun for credit_risk_analysis_pipeline to None, run_after=None
[2026-09-11T13:37:22.907+0000] {processor.py:208} INFO - Processing /opt/airflow/dags/pipeline.py took 0.189 seconds
[2026-09-11T13:37:53.059+0000] {processor.py:186} INFO - Started process (PID=226) to work on /opt/airflow/dags/pipeline.py
[2026-09-11T13:37:53.062+0000] {processor.py:914} INFO - Processing file /opt/airflow/dags/pipeline.py for tasks to queue
[2026-09-11T13:37:53.067+0000] {logging_mixin.py:190} INFO - [2026-09-11T13:37:53.067+0000] {dagbag.py:588} INFO - Filling up the DagBag from /opt/airflow/dags/pipeline.py
[2026-09-11T13:37:53.098+0000] {processor.py:925} INFO - DAG(s) 'credit_risk_analysis_pipeline' retrieved from /opt/airflow/dags/pipeline.py
[2026-09-11T13:37:53.147+0000] {logging_mixin.py:190} INFO - [2026-09-11T13:37:53.146+0000] {dag.py:3239} INFO - Sync 1 DAGs
[2026-09-11T13:37:53.174+0000] {logging_mixin.py:190} INFO - [2026-09-11T13:37:53.174+0000] {dag.py:4180} INFO - Setting next_dagrun for credit_risk_analysis_pipeline to None, run_after=None
[2026-09-11T13:37:53.225+0000] {processor.py:208} INFO - Processing /opt/airflow/dags/pipeline.py took 0.176 seconds
[2026-09-11T13:38:23.630+0000] {processor.py:186} INFO - Started process (PID=227) to work on /opt/airflow/dags/pipeline.py
[2026-09-11T13:38:23.632+0000] {processor.py:914} INFO - Processing file /opt/airflow/dags/pipeline.py for tasks to queue
[2026-09-11T13:38:23.639+0000] {logging_mixin.py:190} INFO - [2026-09-11T13:38:23.638+0000] {dagbag.py:588} INFO - Filling up the DagBag from /opt/airflow/dags/pipeline.py
[2026-09-11T13:38:23.678+0000] {processor.py:925} INFO - DAG(s) 'credit_risk_analysis_pipeline' retrieved from /opt/airflow/dags/pipeline.py
[2026-09-11T13:38:23.733+0000] {logging_mixin.py:190} INFO - [2026-09-11T13:38:23.733+0000] {dag.py:3239} INFO - Sync 1 DAGs
[2026-09-11T13:38:23.768+0000] {logging_mixin.py:190} INFO - [2026-09-11T13:38:23.768+0000] {dag.py:4180} INFO - Setting next_dagrun for credit_risk_analysis_pipeline to None, run_after=None
[2026-09-11T13:38:23.825+0000] {processor.py:208} INFO - Processing /opt/airflow/dags/pipeline.py took 0.206 seconds
[2026-09-11T13:38:54.091+0000] {processor.py:186} INFO - Started process (PID=228) to work on /opt/airflow/dags/pipeline.py
[2026-09-11T13:38:54.093+0000] {processor.py:914} INFO - Processing file /opt/airflow/dags/pipeline.py for tasks to queue
[2026-09-11T13:38:54.098+0000] {logging_mixin.py:190} INFO - [2026-09-11T13:38:54.097+0000] {dagbag.py:588} INFO - Filling up the DagBag from /opt/airflow/dags/pipeline.py
[2026-09-11T13:38:54.129+0000] {processor.py:925} INFO - DAG(s) 'credit_risk_analysis_pipeline' retrieved from /opt/airflow/dags/pipeline.py
[2026-09-11T13:38:54.196+0000] {logging_mixin.py:190} INFO - [2026-09-11T13:38:54.196+0000] {dag.py:3239} INFO - Sync 1 DAGs
[2026-09-11T13:38:54.228+0000] {logging_mixin.py:190} INFO - [2026-09-11T13:38:54.227+0000] {dag.py:4180} INFO - Setting next_dagrun for credit_risk_analysis_pipeline to None, run_after=None
[2026-09-11T13:38:54.488+0000] {processor.py:208} INFO - Processing /opt/airflow/dags/pipeline.py took 0.411 seconds
[2026-09-11T13:39:24.898+0000] {processor.py:186} INFO - Started process (PID=229) to work on /opt/airflow/dags/pipeline.py
[2026-09-11T13:39:24.900+0000] {processor.py:914} INFO - Processing file /opt/airflow/dags/pipeline.py for tasks to queue
[2026-09-11T13:39:24.907+0000] {logging_mixin.py:190} INFO - [2026-09-11T13:39:24.907+0000] {dagbag.py:588} INFO - Filling up the DagBag from /opt/airflow/dags/pipeline.py
[2026-09-11T13:39:24.942+0000] {processor.py:925} INFO - DAG(s) 'credit_risk_analysis_pipeline' retrieved from /opt/airflow/dags/pipeline.py
[2026-09-11T13:39:24.998+0000] {logging_mixin.py:190} INFO - [2026-09-11T13:39:24.998+0000] {dag.py:3239} INFO - Sync 1 DAGs
[2026-09-11T13:39:25.308+0000] {logging_mixin.py:190} INFO - [2026-09-11T13:39:25.307+0000] {dag.py:4180} INFO - Setting next_dagrun for credit_risk_analysis_pipeline to None, run_after=None
[2026-09-11T13:39:25.348+0000] {processor.py:208} INFO - Processing /opt/airflow/dags/pipeline.py took 0.464 seconds
[2026-09-11T13:39:55.760+0000] {processor.py:186} INFO - Started process (PID=230) to work on /opt/airflow/dags/pipeline.py
[2026-09-11T13:39:55.762+0000] {processor.py:914} INFO - Processing file /opt/airflow/dags/pipeline.py for tasks to queue
[2026-09-11T13:39:55.768+0000] {logging_mixin.py:190} INFO - [2026-09-11T13:39:55.768+0000] {dagbag.py:588} INFO - Filling up the DagBag from /opt/airflow/dags/pipeline.py
[2026-09-11T13:39:55.797+0000] {processor.py:925} INFO - DAG(s) 'credit_risk_analysis_pipeline' retrieved from /opt/airflow/dags/pipeline.py
[2026-09-11T13:39:55.849+0000] {logging_mixin.py:190} INFO - [2026-09-11T13:39:55.848+0000] {dag.py:3239} INFO - Sync 1 DAGs
[2026-09-11T13:39:55.879+0000] {logging_mixin.py:190} INFO - [2026-09-11T13:39:55.878+0000] {dag.py:4180} INFO - Setting next_dagrun for credit_risk_analysis_pipeline to None, run_after=None
[2026-09-11T13:39:55.933+0000] {processor.py:208} INFO - Processing /opt/airflow/dags/pipeline.py took 0.183 seconds
[2026-09-11T13:40:26.174+0000] {processor.py:186} INFO - Started process (PID=231) to work on /opt/airflow/dags/pipeline.py
[2026-09-11T13:40:26.176+0000] {processor.py:914} INFO - Processing file /opt/airflow/dags/pipeline.py for tasks to queue
[2026-09-11T13:40:26.183+0000] {logging_mixin.py:190} INFO - [2026-09-11T13:40:26.182+0000] {dagbag.py:588} INFO - Filling up the DagBag from /opt/airflow/dags/pipeline.py
[2026-09-11T13:40:26.216+0000] {processor.py:925} INFO - DAG(s) 'credit_risk_analysis_pipeline' retrieved from /opt/airflow/dags/pipeline.py
[2026-09-11T13:40:26.274+0000] {logging_mixin.py:190} INFO - [2026-09-11T13:40:26.273+0000] {dag.py:3239} INFO - Sync 1 DAGs
[2026-09-11T13:40:26.306+0000] {logging_mixin.py:190} INFO - [2026-09-11T13:40:26.305+0000] {dag.py:4180} INFO - Setting next_dagrun for credit_risk_analysis_pipeline to None, run_after=None
[2026-09-11T13:40:26.356+0000] {processor.py:208} INFO - Processing /opt/airflow/dags/pipeline.py took 0.192 seconds
[2026-09-11T13:40:56.634+0000] {processor.py:186} INFO - Started process (PID=232) to work on /opt/airflow/dags/pipeline.py
[2026-09-11T13:40:56.637+0000] {processor.py:914} INFO - Processing file /opt/airflow/dags/pipeline.py for tasks to queue
[2026-09-11T13:40:56.643+0000] {logging_mixin.py:190} INFO - [2026-09-11T13:40:56.642+0000] {dagbag.py:588} INFO - Filling up the DagBag from /opt/airflow/dags/pipeline.py
[2026-09-11T13:40:56.677+0000] {processor.py:925} INFO - DAG(s) 'credit_risk_analysis_pipeline' retrieved from /opt/airflow/dags/pipeline.py
[2026-09-11T13:40:56.730+0000] {logging_mixin.py:190} INFO - [2026-09-11T13:40:56.729+0000] {dag.py:3239} INFO - Sync 1 DAGs
[2026-09-11T13:40:56.761+0000] {logging_mixin.py:190} INFO - [2026-09-11T13:40:56.761+0000] {dag.py:4180} INFO - Setting next_dagrun for credit_risk_analysis_pipeline to None, run_after=None
[2026-09-11T13:40:56.812+0000] {processor.py:208} INFO - Processing /opt/airflow/dags/pipeline.py took 0.192 seconds
[2026-09-11T13:41:27.060+0000] {processor.py:186} INFO - Started process (PID=233) to work on /opt/airflow/dags/pipeline.py
[2026-09-11T13:41:27.063+0000] {processor.py:914} INFO - Processing file /opt/airflow/dags/pipeline.py for tasks to queue
[2026-09-11T13:41:27.068+0000] {logging_mixin.py:190} INFO - [2026-09-11T13:41:27.067+0000] {dagbag.py:588} INFO - Filling up the DagBag from /opt/airflow/dags/pipeline.py
[2026-09-11T13:41:27.101+0000] {processor.py:925} INFO - DAG(s) 'credit_risk_analysis_pipeline' retrieved from /opt/airflow/dags/pipeline.py
[2026-09-11T13:41:27.152+0000] {logging_mixin.py:190} INFO - [2026-09-11T13:41:27.151+0000] {dag.py:3239} INFO - Sync 1 DAGs
[2026-09-11T13:41:27.180+0000] {logging_mixin.py:190} INFO - [2026-09-11T13:41:27.180+0000] {dag.py:4180} INFO - Setting next_dagrun for credit_risk_analysis_pipeline to None, run_after=None
[2026-09-11T13:41:27.221+0000] {processor.py:208} INFO - Processing /opt/airflow/dags/pipeline.py took 0.173 seconds
[2026-09-11T13:41:57.524+0000] {processor.py:186} INFO - Started process (PID=234) to work on /opt/airflow/dags/pipeline.py
[2026-09-11T13:41:57.527+0000] {processor.py:914} INFO - Processing file /opt/airflow/dags/pipeline.py for tasks to queue
[2026-09-11T13:41:57.532+0000] {logging_mixin.py:190} INFO - [2026-09-11T13:41:57.531+0000] {dagbag.py:588} INFO - Filling up the DagBag from /opt/airflow/dags/pipeline.py
[2026-09-11T13:41:57.558+0000] {processor.py:925} INFO - DAG(s) 'credit_risk_analysis_pipeline' retrieved from /opt/airflow/dags/pipeline.py
[2026-09-11T13:41:57.606+0000] {logging_mixin.py:190} INFO - [2026-09-11T13:41:57.606+0000] {dag.py:3239} INFO - Sync 1 DAGs
[2026-09-11T13:41:57.635+0000] {logging_mixin.py:190} INFO - [2026-09-11T13:41:57.635+0000] {dag.py:4180} INFO - Setting next_dagrun for credit_risk_analysis_pipeline to None, run_after=None
[2026-09-11T13:41:57.891+0000] {processor.py:208} INFO - Processing /opt/airflow/dags/pipeline.py took 0.377 seconds
[2026-09-11T13:42:28.279+0000] {processor.py:186} INFO - Started process (PID=235) to work on /opt/airflow/dags/pipeline.py
[2026-09-11T13:42:28.282+0000] {processor.py:914} INFO - Processing file /opt/airflow/dags/pipeline.py for tasks to queue
[2026-09-11T13:42:28.287+0000] {logging_mixin.py:190} INFO - [2026-09-11T13:42:28.287+0000] {dagbag.py:588} INFO - Filling up the DagBag from /opt/airflow/dags/pipeline.py
[2026-09-11T13:42:28.317+0000] {processor.py:925} INFO - DAG(s) 'credit_risk_analysis_pipeline' retrieved from /opt/airflow/dags/pipeline.py
[2026-09-11T13:42:28.373+0000] {logging_mixin.py:190} INFO - [2026-09-11T13:42:28.373+0000] {dag.py:3239} INFO - Sync 1 DAGs
[2026-09-11T13:42:28.612+0000] {logging_mixin.py:190} INFO - [2026-09-11T13:42:28.612+0000] {dag.py:4180} INFO - Setting next_dagrun for credit_risk_analysis_pipeline to None, run_after=None
[2026-09-11T13:42:28.658+0000] {processor.py:208} INFO - Processing /opt/airflow/dags/pipeline.py took 0.389 seconds
[2026-09-11T13:42:59.063+0000] {processor.py:186} INFO - Started process (PID=236) to work on /opt/airflow/dags/pipeline.py
[2026-09-11T13:42:59.066+0000] {processor.py:914} INFO - Processing file /opt/airflow/dags/pipeline.py for tasks to queue
[2026-09-11T13:42:59.071+0000] {logging_mixin.py:190} INFO - [2026-09-11T13:42:59.070+0000] {dagbag.py:588} INFO - Filling up the DagBag from /opt/airflow/dags/pipeline.py
[2026-09-11T13:42:59.103+0000] {processor.py:925} INFO - DAG(s) 'credit_risk_analysis_pipeline' retrieved from /opt/airflow/dags/pipeline.py
[2026-09-11T13:42:59.153+0000] {logging_mixin.py:190} INFO - [2026-09-11T13:42:59.153+0000] {dag.py:3239} INFO - Sync 1 DAGs
[2026-09-11T13:42:59.180+0000] {logging_mixin.py:190} INFO - [2026-09-11T13:42:59.180+0000] {dag.py:4180} INFO - Setting next_dagrun for credit_risk_analysis_pipeline to None, run_after=None
[2026-09-11T13:42:59.228+0000] {processor.py:208} INFO - Processing /opt/airflow/dags/pipeline.py took 0.175 seconds
[2026-09-11T13:43:29.410+0000] {processor.py:186} INFO - Started process (PID=237) to work on /opt/airflow/dags/pipeline.py
[2026-09-11T13:43:29.412+0000] {processor.py:914} INFO - Processing file /opt/airflow/dags/pipeline.py for tasks to queue
[2026-09-11T13:43:29.417+0000] {logging_mixin.py:190} INFO - [2026-09-11T13:43:29.416+0000] {dagbag.py:588} INFO - Filling up the DagBag from /opt/airflow/dags/pipeline.py
[2026-09-11T13:43:29.451+0000] {processor.py:925} INFO - DAG(s) 'credit_risk_analysis_pipeline' retrieved from /opt/airflow/dags/pipeline.py
[2026-09-11T13:43:29.507+0000] {logging_mixin.py:190} INFO - [2026-09-11T13:43:29.507+0000] {dag.py:3239} INFO - Sync 1 DAGs
[2026-09-11T13:43:29.537+0000] {logging_mixin.py:190} INFO - [2026-09-11T13:43:29.537+0000] {dag.py:4180} INFO - Setting next_dagrun for credit_risk_analysis_pipeline to None, run_after=None
[2026-09-11T13:43:29.588+0000] {processor.py:208} INFO - Processing /opt/airflow/dags/pipeline.py took 0.190 seconds
[2026-09-11T13:43:59.999+0000] {processor.py:186} INFO - Started process (PID=238) to work on /opt/airflow/dags/pipeline.py
[2026-09-11T13:44:00.001+0000] {processor.py:914} INFO - Processing file /opt/airflow/dags/pipeline.py for tasks to queue
[2026-09-11T13:44:00.007+0000] {logging_mixin.py:190} INFO - [2026-09-11T13:44:00.006+0000] {dagbag.py:588} INFO - Filling up the DagBag from /opt/airflow/dags/pipeline.py
[2026-09-11T13:44:00.038+0000] {processor.py:925} INFO - DAG(s) 'credit_risk_analysis_pipeline' retrieved from /opt/airflow/dags/pipeline.py
[2026-09-11T13:44:00.085+0000] {logging_mixin.py:190} INFO - [2026-09-11T13:44:00.085+0000] {dag.py:3239} INFO - Sync 1 DAGs
[2026-09-11T13:44:00.113+0000] {logging_mixin.py:190} INFO - [2026-09-11T13:44:00.112+0000] {dag.py:4180} INFO - Setting next_dagrun for credit_risk_analysis_pipeline to None, run_after=None
[2026-09-11T13:44:00.161+0000] {processor.py:208} INFO - Processing /opt/airflow/dags/pipeline.py took 0.172 seconds
[2026-09-11T13:44:30.398+0000] {processor.py:186} INFO - Started process (PID=239) to work on /opt/airflow/dags/pipeline.py
[2026-09-11T13:44:30.403+0000] {processor.py:914} INFO - Processing file /opt/airflow/dags/pipeline.py for tasks to queue
[2026-09-11T13:44:30.413+0000] {logging_mixin.py:190} INFO - [2026-09-11T13:44:30.412+0000] {dagbag.py:588} INFO - Filling up the DagBag from /opt/airflow/dags/pipeline.py
[2026-09-11T13:44:30.451+0000] {processor.py:925} INFO - DAG(s) 'credit_risk_analysis_pipeline' retrieved from /opt/airflow/dags/pipeline.py
[2026-09-11T13:44:30.541+0000] {logging_mixin.py:190} INFO - [2026-09-11T13:44:30.540+0000] {dag.py:3239} INFO - Sync 1 DAGs
[2026-09-11T13:44:30.603+0000] {logging_mixin.py:190} INFO - [2026-09-11T13:44:30.602+0000] {dag.py:4180} INFO - Setting next_dagrun for credit_risk_analysis_pipeline to None, run_after=None
[2026-09-11T13:44:30.694+0000] {processor.py:208} INFO - Processing /opt/airflow/dags/pipeline.py took 0.319 seconds
[2026-09-11T13:45:00.912+0000] {processor.py:186} INFO - Started process (PID=240) to work on /opt/airflow/dags/pipeline.py
[2026-09-11T13:45:00.915+0000] {processor.py:914} INFO - Processing file /opt/airflow/dags/pipeline.py for tasks to queue
[2026-09-11T13:45:00.920+0000] {logging_mixin.py:190} INFO - [2026-09-11T13:45:00.920+0000] {dagbag.py:588} INFO - Filling up the DagBag from /opt/airflow/dags/pipeline.py
[2026-09-11T13:45:00.955+0000] {processor.py:925} INFO - DAG(s) 'credit_risk_analysis_pipeline' retrieved from /opt/airflow/dags/pipeline.py
[2026-09-11T13:45:01.014+0000] {logging_mixin.py:190} INFO - [2026-09-11T13:45:01.014+0000] {dag.py:3239} INFO - Sync 1 DAGs
[2026-09-11T13:45:01.316+0000] {logging_mixin.py:190} INFO - [2026-09-11T13:45:01.316+0000] {dag.py:4180} INFO - Setting next_dagrun for credit_risk_analysis_pipeline to None, run_after=None
[2026-09-11T13:45:01.351+0000] {processor.py:208} INFO - Processing /opt/airflow/dags/pipeline.py took 0.452 seconds
[2026-09-11T13:45:31.454+0000] {processor.py:186} INFO - Started process (PID=241) to work on /opt/airflow/dags/pipeline.py
[2026-09-11T13:45:31.457+0000] {processor.py:914} INFO - Processing file /opt/airflow/dags/pipeline.py for tasks to queue
[2026-09-11T13:45:31.464+0000] {logging_mixin.py:190} INFO - [2026-09-11T13:45:31.463+0000] {dagbag.py:588} INFO - Filling up the DagBag from /opt/airflow/dags/pipeline.py
[2026-09-11T13:45:31.497+0000] {processor.py:925} INFO - DAG(s) 'credit_risk_analysis_pipeline' retrieved from /opt/airflow/dags/pipeline.py
[2026-09-11T13:45:31.552+0000] {logging_mixin.py:190} INFO - [2026-09-11T13:45:31.551+0000] {dag.py:3239} INFO - Sync 1 DAGs
[2026-09-11T13:45:31.857+0000] {logging_mixin.py:190} INFO - [2026-09-11T13:45:31.856+0000] {dag.py:4180} INFO - Setting next_dagrun for credit_risk_analysis_pipeline to None, run_after=None
[2026-09-11T13:45:31.900+0000] {processor.py:208} INFO - Processing /opt/airflow/dags/pipeline.py took 0.458 seconds
[2026-09-11T13:46:02.124+0000] {processor.py:186} INFO - Started process (PID=242) to work on /opt/airflow/dags/pipeline.py
[2026-09-11T13:46:02.127+0000] {processor.py:914} INFO - Processing file /opt/airflow/dags/pipeline.py for tasks to queue
[2026-09-11T13:46:02.133+0000] {logging_mixin.py:190} INFO - [2026-09-11T13:46:02.132+0000] {dagbag.py:588} INFO - Filling up the DagBag from /opt/airflow/dags/pipeline.py
[2026-09-11T13:46:02.166+0000] {processor.py:925} INFO - DAG(s) 'credit_risk_analysis_pipeline' retrieved from /opt/airflow/dags/pipeline.py
[2026-09-11T13:46:02.218+0000] {logging_mixin.py:190} INFO - [2026-09-11T13:46:02.217+0000] {dag.py:3239} INFO - Sync 1 DAGs
[2026-09-11T13:46:02.248+0000] {logging_mixin.py:190} INFO - [2026-09-11T13:46:02.247+0000] {dag.py:4180} INFO - Setting next_dagrun for credit_risk_analysis_pipeline to None, run_after=None
[2026-09-11T13:46:02.291+0000] {processor.py:208} INFO - Processing /opt/airflow/dags/pipeline.py took 0.182 seconds
[2026-09-11T13:46:32.707+0000] {processor.py:186} INFO - Started process (PID=243) to work on /opt/airflow/dags/pipeline.py
[2026-09-11T13:46:32.709+0000] {processor.py:914} INFO - Processing file /opt/airflow/dags/pipeline.py for tasks to queue
[2026-09-11T13:46:32.715+0000] {logging_mixin.py:190} INFO - [2026-09-11T13:46:32.715+0000] {dagbag.py:588} INFO - Filling up the DagBag from /opt/airflow/dags/pipeline.py
[2026-09-11T13:46:32.751+0000] {processor.py:925} INFO - DAG(s) 'credit_risk_analysis_pipeline' retrieved from /opt/airflow/dags/pipeline.py
[2026-09-11T13:46:32.835+0000] {logging_mixin.py:190} INFO - [2026-09-11T13:46:32.835+0000] {dag.py:3239} INFO - Sync 1 DAGs
[2026-09-11T13:46:32.867+0000] {logging_mixin.py:190} INFO - [2026-09-11T13:46:32.867+0000] {dag.py:4180} INFO - Setting next_dagrun for credit_risk_analysis_pipeline to None, run_after=None
[2026-09-11T13:46:32.906+0000] {processor.py:208} INFO - Processing /opt/airflow/dags/pipeline.py took 0.210 seconds
[2026-09-11T13:47:03.186+0000] {processor.py:186} INFO - Started process (PID=244) to work on /opt/airflow/dags/pipeline.py
[2026-09-11T13:47:03.188+0000] {processor.py:914} INFO - Processing file /opt/airflow/dags/pipeline.py for tasks to queue
[2026-09-11T13:47:03.193+0000] {logging_mixin.py:190} INFO - [2026-09-11T13:47:03.193+0000] {dagbag.py:588} INFO - Filling up the DagBag from /opt/airflow/dags/pipeline.py
[2026-09-11T13:47:03.221+0000] {processor.py:925} INFO - DAG(s) 'credit_risk_analysis_pipeline' retrieved from /opt/airflow/dags/pipeline.py
[2026-09-11T13:47:03.270+0000] {logging_mixin.py:190} INFO - [2026-09-11T13:47:03.270+0000] {dag.py:3239} INFO - Sync 1 DAGs
[2026-09-11T13:47:03.297+0000] {logging_mixin.py:190} INFO - [2026-09-11T13:47:03.297+0000] {dag.py:4180} INFO - Setting next_dagrun for credit_risk_analysis_pipeline to None, run_after=None
[2026-09-11T13:47:03.337+0000] {processor.py:208} INFO - Processing /opt/airflow/dags/pipeline.py took 0.164 seconds
[2026-09-11T13:47:33.640+0000] {processor.py:186} INFO - Started process (PID=245) to work on /opt/airflow/dags/pipeline.py
[2026-09-11T13:47:33.643+0000] {processor.py:914} INFO - Processing file /opt/airflow/dags/pipeline.py for tasks to queue
[2026-09-11T13:47:33.649+0000] {logging_mixin.py:190} INFO - [2026-09-11T13:47:33.648+0000] {dagbag.py:588} INFO - Filling up the DagBag from /opt/airflow/dags/pipeline.py
[2026-09-11T13:47:33.685+0000] {processor.py:925} INFO - DAG(s) 'credit_risk_analysis_pipeline' retrieved from /opt/airflow/dags/pipeline.py
[2026-09-11T13:47:33.739+0000] {logging_mixin.py:190} INFO - [2026-09-11T13:47:33.738+0000] {dag.py:3239} INFO - Sync 1 DAGs
[2026-09-11T13:47:33.772+0000] {logging_mixin.py:190} INFO - [2026-09-11T13:47:33.771+0000] {dag.py:4180} INFO - Setting next_dagrun for credit_risk_analysis_pipeline to None, run_after=None
[2026-09-11T13:47:34.145+0000] {processor.py:208} INFO - Processing /opt/airflow/dags/pipeline.py took 0.517 seconds
[2026-09-11T13:48:04.569+0000] {processor.py:186} INFO - Started process (PID=246) to work on /opt/airflow/dags/pipeline.py
[2026-09-11T13:48:04.572+0000] {processor.py:914} INFO - Processing file /opt/airflow/dags/pipeline.py for tasks to queue
[2026-09-11T13:48:04.578+0000] {logging_mixin.py:190} INFO - [2026-09-11T13:48:04.578+0000] {dagbag.py:588} INFO - Filling up the DagBag from /opt/airflow/dags/pipeline.py
[2026-09-11T13:48:04.617+0000] {processor.py:925} INFO - DAG(s) 'credit_risk_analysis_pipeline' retrieved from /opt/airflow/dags/pipeline.py
[2026-09-11T13:48:04.676+0000] {logging_mixin.py:190} INFO - [2026-09-11T13:48:04.675+0000] {dag.py:3239} INFO - Sync 1 DAGs
[2026-09-11T13:48:05.003+0000] {logging_mixin.py:190} INFO - [2026-09-11T13:48:05.003+0000] {dag.py:4180} INFO - Setting next_dagrun for credit_risk_analysis_pipeline to None, run_after=None
[2026-09-11T13:48:05.048+0000] {processor.py:208} INFO - Processing /opt/airflow/dags/pipeline.py took 0.489 seconds
[2026-09-11T13:48:35.401+0000] {processor.py:186} INFO - Started process (PID=247) to work on /opt/airflow/dags/pipeline.py
[2026-09-11T13:48:35.404+0000] {processor.py:914} INFO - Processing file /opt/airflow/dags/pipeline.py for tasks to queue
[2026-09-11T13:48:35.426+0000] {logging_mixin.py:190} INFO - [2026-09-11T13:48:35.423+0000] {dagbag.py:588} INFO - Filling up the DagBag from /opt/airflow/dags/pipeline.py
[2026-09-11T13:48:35.514+0000] {processor.py:925} INFO - DAG(s) 'credit_risk_analysis_pipeline' retrieved from /opt/airflow/dags/pipeline.py
[2026-09-11T13:48:35.998+0000] {logging_mixin.py:190} INFO - [2026-09-11T13:48:35.997+0000] {dag.py:3239} INFO - Sync 1 DAGs
[2026-09-11T13:48:36.032+0000] {logging_mixin.py:190} INFO - [2026-09-11T13:48:36.031+0000] {dag.py:4180} INFO - Setting next_dagrun for credit_risk_analysis_pipeline to None, run_after=None
[2026-09-11T13:48:36.081+0000] {processor.py:208} INFO - Processing /opt/airflow/dags/pipeline.py took 0.695 seconds
[2026-09-11T13:49:06.576+0000] {processor.py:186} INFO - Started process (PID=248) to work on /opt/airflow/dags/pipeline.py
[2026-09-11T13:49:06.579+0000] {processor.py:914} INFO - Processing file /opt/airflow/dags/pipeline.py for tasks to queue
[2026-09-11T13:49:06.587+0000] {logging_mixin.py:190} INFO - [2026-09-11T13:49:06.586+0000] {dagbag.py:588} INFO - Filling up the DagBag from /opt/airflow/dags/pipeline.py
[2026-09-11T13:49:06.618+0000] {processor.py:925} INFO - DAG(s) 'credit_risk_analysis_pipeline' retrieved from /opt/airflow/dags/pipeline.py
[2026-09-11T13:49:06.669+0000] {logging_mixin.py:190} INFO - [2026-09-11T13:49:06.668+0000] {dag.py:3239} INFO - Sync 1 DAGs
[2026-09-11T13:49:06.699+0000] {logging_mixin.py:190} INFO - [2026-09-11T13:49:06.699+0000] {dag.py:4180} INFO - Setting next_dagrun for credit_risk_analysis_pipeline to None, run_after=None
[2026-09-11T13:49:06.749+0000] {processor.py:208} INFO - Processing /opt/airflow/dags/pipeline.py took 0.186 seconds
[2026-09-11T13:49:37.180+0000] {processor.py:186} INFO - Started process (PID=249) to work on /opt/airflow/dags/pipeline.py
[2026-09-11T13:49:37.200+0000] {processor.py:914} INFO - Processing file /opt/airflow/dags/pipeline.py for tasks to queue
[2026-09-11T13:49:37.213+0000] {logging_mixin.py:190} INFO - [2026-09-11T13:49:37.212+0000] {dagbag.py:588} INFO - Filling up the DagBag from /opt/airflow/dags/pipeline.py
[2026-09-11T13:49:37.253+0000] {processor.py:925} INFO - DAG(s) 'credit_risk_analysis_pipeline' retrieved from /opt/airflow/dags/pipeline.py
[2026-09-11T13:49:37.312+0000] {logging_mixin.py:190} INFO - [2026-09-11T13:49:37.312+0000] {dag.py:3239} INFO - Sync 1 DAGs
[2026-09-11T13:49:37.347+0000] {logging_mixin.py:190} INFO - [2026-09-11T13:49:37.347+0000] {dag.py:4180} INFO - Setting next_dagrun for credit_risk_analysis_pipeline to None, run_after=None
[2026-09-11T13:49:37.392+0000] {processor.py:208} INFO - Processing /opt/airflow/dags/pipeline.py took 0.251 seconds
[2026-09-11T13:50:07.530+0000] {processor.py:186} INFO - Started process (PID=250) to work on /opt/airflow/dags/pipeline.py
[2026-09-11T13:50:07.533+0000] {processor.py:914} INFO - Processing file /opt/airflow/dags/pipeline.py for tasks to queue
[2026-09-11T13:50:07.539+0000] {logging_mixin.py:190} INFO - [2026-09-11T13:50:07.538+0000] {dagbag.py:588} INFO - Filling up the DagBag from /opt/airflow/dags/pipeline.py
[2026-09-11T13:50:07.570+0000] {processor.py:925} INFO - DAG(s) 'credit_risk_analysis_pipeline' retrieved from /opt/airflow/dags/pipeline.py
[2026-09-11T13:50:07.621+0000] {logging_mixin.py:190} INFO - [2026-09-11T13:50:07.621+0000] {dag.py:3239} INFO - Sync 1 DAGs
[2026-09-11T13:50:07.650+0000] {logging_mixin.py:190} INFO - [2026-09-11T13:50:07.650+0000] {dag.py:4180} INFO - Setting next_dagrun for credit_risk_analysis_pipeline to None, run_after=None
[2026-09-11T13:50:07.707+0000] {processor.py:208} INFO - Processing /opt/airflow/dags/pipeline.py took 0.189 seconds
[2026-09-11T13:50:37.892+0000] {processor.py:186} INFO - Started process (PID=251) to work on /opt/airflow/dags/pipeline.py
[2026-09-11T13:50:37.896+0000] {processor.py:914} INFO - Processing file /opt/airflow/dags/pipeline.py for tasks to queue
[2026-09-11T13:50:37.903+0000] {logging_mixin.py:190} INFO - [2026-09-11T13:50:37.902+0000] {dagbag.py:588} INFO - Filling up the DagBag from /opt/airflow/dags/pipeline.py
[2026-09-11T13:50:37.938+0000] {processor.py:925} INFO - DAG(s) 'credit_risk_analysis_pipeline' retrieved from /opt/airflow/dags/pipeline.py
[2026-09-11T13:50:38.002+0000] {logging_mixin.py:190} INFO - [2026-09-11T13:50:38.001+0000] {dag.py:3239} INFO - Sync 1 DAGs
[2026-09-11T13:50:38.041+0000] {logging_mixin.py:190} INFO - [2026-09-11T13:50:38.040+0000] {dag.py:4180} INFO - Setting next_dagrun for credit_risk_analysis_pipeline to None, run_after=None
[2026-09-11T13:50:38.406+0000] {processor.py:208} INFO - Processing /opt/airflow/dags/pipeline.py took 0.532 seconds
[2026-09-11T13:51:08.815+0000] {processor.py:186} INFO - Started process (PID=252) to work on /opt/airflow/dags/pipeline.py
[2026-09-11T13:51:08.817+0000] {processor.py:914} INFO - Processing file /opt/airflow/dags/pipeline.py for tasks to queue
[2026-09-11T13:51:08.824+0000] {logging_mixin.py:190} INFO - [2026-09-11T13:51:08.823+0000] {dagbag.py:588} INFO - Filling up the DagBag from /opt/airflow/dags/pipeline.py
[2026-09-11T13:51:08.857+0000] {processor.py:925} INFO - DAG(s) 'credit_risk_analysis_pipeline' retrieved from /opt/airflow/dags/pipeline.py
[2026-09-11T13:51:08.911+0000] {logging_mixin.py:190} INFO - [2026-09-11T13:51:08.911+0000] {dag.py:3239} INFO - Sync 1 DAGs
[2026-09-11T13:51:09.174+0000] {logging_mixin.py:190} INFO - [2026-09-11T13:51:09.174+0000] {dag.py:4180} INFO - Setting next_dagrun for credit_risk_analysis_pipeline to None, run_after=None
[2026-09-11T13:51:09.224+0000] {processor.py:208} INFO - Processing /opt/airflow/dags/pipeline.py took 0.421 seconds
[2026-09-11T13:51:39.659+0000] {processor.py:186} INFO - Started process (PID=253) to work on /opt/airflow/dags/pipeline.py
[2026-09-11T13:51:39.662+0000] {processor.py:914} INFO - Processing file /opt/airflow/dags/pipeline.py for tasks to queue
[2026-09-11T13:51:39.668+0000] {logging_mixin.py:190} INFO - [2026-09-11T13:51:39.668+0000] {dagbag.py:588} INFO - Filling up the DagBag from /opt/airflow/dags/pipeline.py
[2026-09-11T13:51:39.705+0000] {processor.py:925} INFO - DAG(s) 'credit_risk_analysis_pipeline' retrieved from /opt/airflow/dags/pipeline.py
[2026-09-11T13:51:39.760+0000] {logging_mixin.py:190} INFO - [2026-09-11T13:51:39.760+0000] {dag.py:3239} INFO - Sync 1 DAGs
[2026-09-11T13:51:39.790+0000] {logging_mixin.py:190} INFO - [2026-09-11T13:51:39.789+0000] {dag.py:4180} INFO - Setting next_dagrun for credit_risk_analysis_pipeline to None, run_after=None
[2026-09-11T13:51:39.841+0000] {processor.py:208} INFO - Processing /opt/airflow/dags/pipeline.py took 0.194 seconds
[2026-09-11T13:52:10.011+0000] {processor.py:186} INFO - Started process (PID=254) to work on /opt/airflow/dags/pipeline.py
[2026-09-11T13:52:10.013+0000] {processor.py:914} INFO - Processing file /opt/airflow/dags/pipeline.py for tasks to queue
[2026-09-11T13:52:10.021+0000] {logging_mixin.py:190} INFO - [2026-09-11T13:52:10.020+0000] {dagbag.py:588} INFO - Filling up the DagBag from /opt/airflow/dags/pipeline.py
[2026-09-11T13:52:10.054+0000] {processor.py:925} INFO - DAG(s) 'credit_risk_analysis_pipeline' retrieved from /opt/airflow/dags/pipeline.py
[2026-09-11T13:52:10.108+0000] {logging_mixin.py:190} INFO - [2026-09-11T13:52:10.107+0000] {dag.py:3239} INFO - Sync 1 DAGs
[2026-09-11T13:52:10.140+0000] {logging_mixin.py:190} INFO - [2026-09-11T13:52:10.140+0000] {dag.py:4180} INFO - Setting next_dagrun for credit_risk_analysis_pipeline to None, run_after=None
[2026-09-11T13:52:10.186+0000] {processor.py:208} INFO - Processing /opt/airflow/dags/pipeline.py took 0.191 seconds
[2026-09-11T13:52:40.348+0000] {processor.py:186} INFO - Started process (PID=255) to work on /opt/airflow/dags/pipeline.py
[2026-09-11T13:52:40.351+0000] {processor.py:914} INFO - Processing file /opt/airflow/dags/pipeline.py for tasks to queue
[2026-09-11T13:52:40.356+0000] {logging_mixin.py:190} INFO - [2026-09-11T13:52:40.355+0000] {dagbag.py:588} INFO - Filling up the DagBag from /opt/airflow/dags/pipeline.py
[2026-09-11T13:52:40.387+0000] {processor.py:925} INFO - DAG(s) 'credit_risk_analysis_pipeline' retrieved from /opt/airflow/dags/pipeline.py
[2026-09-11T13:52:40.439+0000] {logging_mixin.py:190} INFO - [2026-09-11T13:52:40.439+0000] {dag.py:3239} INFO - Sync 1 DAGs
[2026-09-11T13:52:40.469+0000] {logging_mixin.py:190} INFO - [2026-09-11T13:52:40.468+0000] {dag.py:4180} INFO - Setting next_dagrun for credit_risk_analysis_pipeline to None, run_after=None
[2026-09-11T13:52:40.510+0000] {processor.py:208} INFO - Processing /opt/airflow/dags/pipeline.py took 0.173 seconds
[2026-09-11T13:53:10.738+0000] {processor.py:186} INFO - Started process (PID=256) to work on /opt/airflow/dags/pipeline.py
[2026-09-11T13:53:10.740+0000] {processor.py:914} INFO - Processing file /opt/airflow/dags/pipeline.py for tasks to queue
[2026-09-11T13:53:10.747+0000] {logging_mixin.py:190} INFO - [2026-09-11T13:53:10.746+0000] {dagbag.py:588} INFO - Filling up the DagBag from /opt/airflow/dags/pipeline.py
[2026-09-11T13:53:10.799+0000] {processor.py:925} INFO - DAG(s) 'credit_risk_analysis_pipeline' retrieved from /opt/airflow/dags/pipeline.py
[2026-09-11T13:53:10.874+0000] {logging_mixin.py:190} INFO - [2026-09-11T13:53:10.873+0000] {dag.py:3239} INFO - Sync 1 DAGs
[2026-09-11T13:53:10.943+0000] {logging_mixin.py:190} INFO - [2026-09-11T13:53:10.942+0000] {dag.py:4180} INFO - Setting next_dagrun for credit_risk_analysis_pipeline to None, run_after=None
[2026-09-11T13:53:11.034+0000] {processor.py:208} INFO - Processing /opt/airflow/dags/pipeline.py took 0.310 seconds
[2026-09-11T13:53:41.308+0000] {processor.py:186} INFO - Started process (PID=257) to work on /opt/airflow/dags/pipeline.py
[2026-09-11T13:53:41.311+0000] {processor.py:914} INFO - Processing file /opt/airflow/dags/pipeline.py for tasks to queue
[2026-09-11T13:53:41.318+0000] {logging_mixin.py:190} INFO - [2026-09-11T13:53:41.317+0000] {dagbag.py:588} INFO - Filling up the DagBag from /opt/airflow/dags/pipeline.py
[2026-09-11T13:53:41.355+0000] {processor.py:925} INFO - DAG(s) 'credit_risk_analysis_pipeline' retrieved from /opt/airflow/dags/pipeline.py
[2026-09-11T13:53:41.412+0000] {logging_mixin.py:190} INFO - [2026-09-11T13:53:41.412+0000] {dag.py:3239} INFO - Sync 1 DAGs
[2026-09-11T13:53:41.683+0000] {logging_mixin.py:190} INFO - [2026-09-11T13:53:41.683+0000] {dag.py:4180} INFO - Setting next_dagrun for credit_risk_analysis_pipeline to None, run_after=None
[2026-09-11T13:53:41.725+0000] {processor.py:208} INFO - Processing /opt/airflow/dags/pipeline.py took 0.427 seconds
[2026-09-11T13:54:12.142+0000] {processor.py:186} INFO - Started process (PID=258) to work on /opt/airflow/dags/pipeline.py
[2026-09-11T13:54:12.144+0000] {processor.py:914} INFO - Processing file /opt/airflow/dags/pipeline.py for tasks to queue
[2026-09-11T13:54:12.150+0000] {logging_mixin.py:190} INFO - [2026-09-11T13:54:12.149+0000] {dagbag.py:588} INFO - Filling up the DagBag from /opt/airflow/dags/pipeline.py
[2026-09-11T13:54:12.178+0000] {processor.py:925} INFO - DAG(s) 'credit_risk_analysis_pipeline' retrieved from /opt/airflow/dags/pipeline.py
[2026-09-11T13:54:12.502+0000] {logging_mixin.py:190} INFO - [2026-09-11T13:54:12.502+0000] {dag.py:3239} INFO - Sync 1 DAGs
[2026-09-11T13:54:12.534+0000] {logging_mixin.py:190} INFO - [2026-09-11T13:54:12.534+0000] {dag.py:4180} INFO - Setting next_dagrun for credit_risk_analysis_pipeline to None, run_after=None
[2026-09-11T13:54:12.579+0000] {processor.py:208} INFO - Processing /opt/airflow/dags/pipeline.py took 0.448 seconds
[2026-09-11T13:54:43.272+0000] {processor.py:186} INFO - Started process (PID=259) to work on /opt/airflow/dags/pipeline.py
[2026-09-11T13:54:43.274+0000] {processor.py:914} INFO - Processing file /opt/airflow/dags/pipeline.py for tasks to queue
[2026-09-11T13:54:43.278+0000] {logging_mixin.py:190} INFO - [2026-09-11T13:54:43.277+0000] {dagbag.py:588} INFO - Filling up the DagBag from /opt/airflow/dags/pipeline.py
[2026-09-11T13:54:43.303+0000] {processor.py:925} INFO - DAG(s) 'credit_risk_analysis_pipeline' retrieved from /opt/airflow/dags/pipeline.py
[2026-09-11T13:54:43.347+0000] {logging_mixin.py:190} INFO - [2026-09-11T13:54:43.347+0000] {dag.py:3239} INFO - Sync 1 DAGs
[2026-09-11T13:54:43.378+0000] {logging_mixin.py:190} INFO - [2026-09-11T13:54:43.378+0000] {dag.py:4180} INFO - Setting next_dagrun for credit_risk_analysis_pipeline to None, run_after=None
[2026-09-11T13:54:43.413+0000] {processor.py:208} INFO - Processing /opt/airflow/dags/pipeline.py took 0.419 seconds
[2026-09-11T13:55:13.587+0000] {processor.py:186} INFO - Started process (PID=260) to work on /opt/airflow/dags/pipeline.py
[2026-09-11T13:55:13.589+0000] {processor.py:914} INFO - Processing file /opt/airflow/dags/pipeline.py for tasks to queue
[2026-09-11T13:55:13.595+0000] {logging_mixin.py:190} INFO - [2026-09-11T13:55:13.595+0000] {dagbag.py:588} INFO - Filling up the DagBag from /opt/airflow/dags/pipeline.py
[2026-09-11T13:55:13.626+0000] {processor.py:925} INFO - DAG(s) 'credit_risk_analysis_pipeline' retrieved from /opt/airflow/dags/pipeline.py
[2026-09-11T13:55:13.683+0000] {logging_mixin.py:190} INFO - [2026-09-11T13:55:13.682+0000] {dag.py:3239} INFO - Sync 1 DAGs
[2026-09-11T13:55:13.726+0000] {logging_mixin.py:190} INFO - [2026-09-11T13:55:13.725+0000] {dag.py:4180} INFO - Setting next_dagrun for credit_risk_analysis_pipeline to None, run_after=None
[2026-09-11T13:55:13.773+0000] {processor.py:208} INFO - Processing /opt/airflow/dags/pipeline.py took 0.198 seconds
[2026-09-11T13:55:44.136+0000] {processor.py:186} INFO - Started process (PID=261) to work on /opt/airflow/dags/pipeline.py
[2026-09-11T13:55:44.138+0000] {processor.py:914} INFO - Processing file /opt/airflow/dags/pipeline.py for tasks to queue
[2026-09-11T13:55:44.143+0000] {logging_mixin.py:190} INFO - [2026-09-11T13:55:44.143+0000] {dagbag.py:588} INFO - Filling up the DagBag from /opt/airflow/dags/pipeline.py
[2026-09-11T13:55:44.176+0000] {processor.py:925} INFO - DAG(s) 'credit_risk_analysis_pipeline' retrieved from /opt/airflow/dags/pipeline.py
[2026-09-11T13:55:44.228+0000] {logging_mixin.py:190} INFO - [2026-09-11T13:55:44.228+0000] {dag.py:3239} INFO - Sync 1 DAGs
[2026-09-11T13:55:44.260+0000] {logging_mixin.py:190} INFO - [2026-09-11T13:55:44.260+0000] {dag.py:4180} INFO - Setting next_dagrun for credit_risk_analysis_pipeline to None, run_after=None
[2026-09-11T13:55:44.300+0000] {processor.py:208} INFO - Processing /opt/airflow/dags/pipeline.py took 0.176 seconds
[2026-09-11T17:04:14.616+0000] {processor.py:186} INFO - Started process (PID=262) to work on /opt/airflow/dags/pipeline.py
[2026-09-11T17:04:14.618+0000] {processor.py:914} INFO - Processing file /opt/airflow/dags/pipeline.py for tasks to queue
[2026-09-11T17:04:14.622+0000] {logging_mixin.py:190} INFO - [2026-09-11T17:04:14.622+0000] {dagbag.py:588} INFO - Filling up the DagBag from /opt/airflow/dags/pipeline.py
[2026-09-11T17:04:14.641+0000] {processor.py:925} INFO - DAG(s) 'credit_risk_analysis_pipeline' retrieved from /opt/airflow/dags/pipeline.py
[2026-09-11T17:04:14.679+0000] {logging_mixin.py:190} INFO - [2026-09-11T17:04:14.679+0000] {dag.py:3239} INFO - Sync 1 DAGs
[2026-09-11T17:04:14.705+0000] {logging_mixin.py:190} INFO - [2026-09-11T17:04:14.705+0000] {dag.py:4180} INFO - Setting next_dagrun for credit_risk_analysis_pipeline to None, run_after=None
[2026-09-11T17:04:14.739+0000] {processor.py:208} INFO - Processing /opt/airflow/dags/pipeline.py took 0.131 seconds
[2026-09-11T18:44:29.365+0000] {processor.py:186} INFO - Started process (PID=263) to work on /opt/airflow/dags/pipeline.py
[2026-09-11T18:44:29.370+0000] {processor.py:914} INFO - Processing file /opt/airflow/dags/pipeline.py for tasks to queue
[2026-09-11T18:44:29.394+0000] {logging_mixin.py:190} INFO - [2026-09-11T18:44:29.392+0000] {dagbag.py:588} INFO - Filling up the DagBag from /opt/airflow/dags/pipeline.py
[2026-09-11T18:44:29.433+0000] {processor.py:925} INFO - DAG(s) 'credit_risk_analysis_pipeline' retrieved from /opt/airflow/dags/pipeline.py
[2026-09-11T18:44:29.517+0000] {logging_mixin.py:190} INFO - [2026-09-11T18:44:29.516+0000] {dag.py:3239} INFO - Sync 1 DAGs
[2026-09-11T18:44:29.585+0000] {logging_mixin.py:190} INFO - [2026-09-11T18:44:29.585+0000] {dag.py:4180} INFO - Setting next_dagrun for credit_risk_analysis_pipeline to None, run_after=None
[2026-09-11T18:44:29.675+0000] {processor.py:208} INFO - Processing /opt/airflow/dags/pipeline.py took 0.331 seconds
[2026-09-11T18:45:00.029+0000] {processor.py:186} INFO - Started process (PID=264) to work on /opt/airflow/dags/pipeline.py
[2026-09-11T18:45:00.031+0000] {processor.py:914} INFO - Processing file /opt/airflow/dags/pipeline.py for tasks to queue
[2026-09-11T18:45:00.037+0000] {logging_mixin.py:190} INFO - [2026-09-11T18:45:00.036+0000] {dagbag.py:588} INFO - Filling up the DagBag from /opt/airflow/dags/pipeline.py
[2026-09-11T18:45:00.063+0000] {processor.py:925} INFO - DAG(s) 'credit_risk_analysis_pipeline' retrieved from /opt/airflow/dags/pipeline.py
[2026-09-11T18:45:00.109+0000] {logging_mixin.py:190} INFO - [2026-09-11T18:45:00.108+0000] {dag.py:3239} INFO - Sync 1 DAGs
[2026-09-11T18:45:00.137+0000] {logging_mixin.py:190} INFO - [2026-09-11T18:45:00.136+0000] {dag.py:4180} INFO - Setting next_dagrun for credit_risk_analysis_pipeline to None, run_after=None
[2026-09-11T18:45:00.166+0000] {processor.py:208} INFO - Processing /opt/airflow/dags/pipeline.py took 0.147 seconds
[2026-09-11T18:45:30.325+0000] {processor.py:186} INFO - Started process (PID=265) to work on /opt/airflow/dags/pipeline.py
[2026-09-11T18:45:30.327+0000] {processor.py:914} INFO - Processing file /opt/airflow/dags/pipeline.py for tasks to queue
[2026-09-11T18:45:30.330+0000] {logging_mixin.py:190} INFO - [2026-09-11T18:45:30.330+0000] {dagbag.py:588} INFO - Filling up the DagBag from /opt/airflow/dags/pipeline.py
[2026-09-11T18:45:30.349+0000] {processor.py:925} INFO - DAG(s) 'credit_risk_analysis_pipeline' retrieved from /opt/airflow/dags/pipeline.py
[2026-09-11T18:45:30.382+0000] {logging_mixin.py:190} INFO - [2026-09-11T18:45:30.382+0000] {dag.py:3239} INFO - Sync 1 DAGs
[2026-09-11T18:45:30.402+0000] {logging_mixin.py:190} INFO - [2026-09-11T18:45:30.402+0000] {dag.py:4180} INFO - Setting next_dagrun for credit_risk_analysis_pipeline to None, run_after=None
[2026-09-11T18:45:31.158+0000] {processor.py:208} INFO - Processing /opt/airflow/dags/pipeline.py took 0.842 seconds
[2026-09-11T18:46:01.487+0000] {processor.py:186} INFO - Started process (PID=266) to work on /opt/airflow/dags/pipeline.py
[2026-09-11T18:46:01.491+0000] {processor.py:914} INFO - Processing file /opt/airflow/dags/pipeline.py for tasks to queue
[2026-09-11T18:46:01.498+0000] {logging_mixin.py:190} INFO - [2026-09-11T18:46:01.496+0000] {dagbag.py:588} INFO - Filling up the DagBag from /opt/airflow/dags/pipeline.py
[2026-09-11T18:46:01.536+0000] {processor.py:925} INFO - DAG(s) 'credit_risk_analysis_pipeline' retrieved from /opt/airflow/dags/pipeline.py
[2026-09-11T18:46:01.598+0000] {logging_mixin.py:190} INFO - [2026-09-11T18:46:01.597+0000] {dag.py:3239} INFO - Sync 1 DAGs
[2026-09-11T18:46:01.646+0000] {logging_mixin.py:190} INFO - [2026-09-11T18:46:01.645+0000] {dag.py:4180} INFO - Setting next_dagrun for credit_risk_analysis_pipeline to None, run_after=None
[2026-09-11T18:46:01.706+0000] {processor.py:208} INFO - Processing /opt/airflow/dags/pipeline.py took 0.233 seconds
[2026-09-11T18:46:32.107+0000] {processor.py:186} INFO - Started process (PID=267) to work on /opt/airflow/dags/pipeline.py
[2026-09-11T18:46:32.110+0000] {processor.py:914} INFO - Processing file /opt/airflow/dags/pipeline.py for tasks to queue
[2026-09-11T18:46:32.120+0000] {logging_mixin.py:190} INFO - [2026-09-11T18:46:32.119+0000] {dagbag.py:588} INFO - Filling up the DagBag from /opt/airflow/dags/pipeline.py
[2026-09-11T18:46:32.162+0000] {processor.py:925} INFO - DAG(s) 'credit_risk_analysis_pipeline' retrieved from /opt/airflow/dags/pipeline.py
[2026-09-11T18:46:32.233+0000] {logging_mixin.py:190} INFO - [2026-09-11T18:46:32.233+0000] {dag.py:3239} INFO - Sync 1 DAGs
[2026-09-11T18:46:32.279+0000] {logging_mixin.py:190} INFO - [2026-09-11T18:46:32.279+0000] {dag.py:4180} INFO - Setting next_dagrun for credit_risk_analysis_pipeline to None, run_after=None
[2026-09-11T18:46:32.333+0000] {processor.py:208} INFO - Processing /opt/airflow/dags/pipeline.py took 0.239 seconds
[2026-09-11T18:47:02.480+0000] {processor.py:186} INFO - Started process (PID=268) to work on /opt/airflow/dags/pipeline.py
[2026-09-11T18:47:02.484+0000] {processor.py:914} INFO - Processing file /opt/airflow/dags/pipeline.py for tasks to queue
[2026-09-11T18:47:02.490+0000] {logging_mixin.py:190} INFO - [2026-09-11T18:47:02.489+0000] {dagbag.py:588} INFO - Filling up the DagBag from /opt/airflow/dags/pipeline.py
[2026-09-11T18:47:02.519+0000] {processor.py:925} INFO - DAG(s) 'credit_risk_analysis_pipeline' retrieved from /opt/airflow/dags/pipeline.py
[2026-09-11T18:47:02.572+0000] {logging_mixin.py:190} INFO - [2026-09-11T18:47:02.572+0000] {dag.py:3239} INFO - Sync 1 DAGs
[2026-09-11T18:47:02.607+0000] {logging_mixin.py:190} INFO - [2026-09-11T18:47:02.606+0000] {dag.py:4180} INFO - Setting next_dagrun for credit_risk_analysis_pipeline to None, run_after=None
[2026-09-11T18:47:02.650+0000] {processor.py:208} INFO - Processing /opt/airflow/dags/pipeline.py took 0.181 seconds
[2026-09-11T18:47:32.839+0000] {processor.py:186} INFO - Started process (PID=269) to work on /opt/airflow/dags/pipeline.py
[2026-09-11T18:47:32.842+0000] {processor.py:914} INFO - Processing file /opt/airflow/dags/pipeline.py for tasks to queue
[2026-09-11T18:47:32.848+0000] {logging_mixin.py:190} INFO - [2026-09-11T18:47:32.847+0000] {dagbag.py:588} INFO - Filling up the DagBag from /opt/airflow/dags/pipeline.py
[2026-09-11T18:47:32.884+0000] {processor.py:925} INFO - DAG(s) 'credit_risk_analysis_pipeline' retrieved from /opt/airflow/dags/pipeline.py
[2026-09-11T18:47:32.951+0000] {logging_mixin.py:190} INFO - [2026-09-11T18:47:32.950+0000] {dag.py:3239} INFO - Sync 1 DAGs
[2026-09-11T18:47:32.986+0000] {logging_mixin.py:190} INFO - [2026-09-11T18:47:32.986+0000] {dag.py:4180} INFO - Setting next_dagrun for credit_risk_analysis_pipeline to None, run_after=None
[2026-09-11T18:47:33.038+0000] {processor.py:208} INFO - Processing /opt/airflow/dags/pipeline.py took 0.211 seconds
[2026-09-11T18:48:03.395+0000] {processor.py:186} INFO - Started process (PID=270) to work on /opt/airflow/dags/pipeline.py
[2026-09-11T18:48:03.398+0000] {processor.py:914} INFO - Processing file /opt/airflow/dags/pipeline.py for tasks to queue
[2026-09-11T18:48:03.405+0000] {logging_mixin.py:190} INFO - [2026-09-11T18:48:03.404+0000] {dagbag.py:588} INFO - Filling up the DagBag from /opt/airflow/dags/pipeline.py
[2026-09-11T18:48:03.441+0000] {processor.py:925} INFO - DAG(s) 'credit_risk_analysis_pipeline' retrieved from /opt/airflow/dags/pipeline.py
[2026-09-11T18:48:03.521+0000] {logging_mixin.py:190} INFO - [2026-09-11T18:48:03.521+0000] {dag.py:3239} INFO - Sync 1 DAGs
[2026-09-11T18:48:03.570+0000] {logging_mixin.py:190} INFO - [2026-09-11T18:48:03.569+0000] {dag.py:4180} INFO - Setting next_dagrun for credit_risk_analysis_pipeline to None, run_after=None
[2026-09-11T18:48:03.617+0000] {processor.py:208} INFO - Processing /opt/airflow/dags/pipeline.py took 0.236 seconds
[2026-09-11T18:48:33.779+0000] {processor.py:186} INFO - Started process (PID=271) to work on /opt/airflow/dags/pipeline.py
[2026-09-11T18:48:33.781+0000] {processor.py:914} INFO - Processing file /opt/airflow/dags/pipeline.py for tasks to queue
[2026-09-11T18:48:33.788+0000] {logging_mixin.py:190} INFO - [2026-09-11T18:48:33.787+0000] {dagbag.py:588} INFO - Filling up the DagBag from /opt/airflow/dags/pipeline.py
[2026-09-11T18:48:33.826+0000] {processor.py:925} INFO - DAG(s) 'credit_risk_analysis_pipeline' retrieved from /opt/airflow/dags/pipeline.py
[2026-09-11T18:48:33.889+0000] {logging_mixin.py:190} INFO - [2026-09-11T18:48:33.888+0000] {dag.py:3239} INFO - Sync 1 DAGs
[2026-09-11T18:48:33.927+0000] {logging_mixin.py:190} INFO - [2026-09-11T18:48:33.927+0000] {dag.py:4180} INFO - Setting next_dagrun for credit_risk_analysis_pipeline to None, run_after=None
[2026-09-11T18:48:33.975+0000] {processor.py:208} INFO - Processing /opt/airflow/dags/pipeline.py took 0.212 seconds
[2026-09-11T18:49:04.363+0000] {processor.py:186} INFO - Started process (PID=272) to work on /opt/airflow/dags/pipeline.py
[2026-09-11T18:49:04.366+0000] {processor.py:914} INFO - Processing file /opt/airflow/dags/pipeline.py for tasks to queue
[2026-09-11T18:49:04.371+0000] {logging_mixin.py:190} INFO - [2026-09-11T18:49:04.371+0000] {dagbag.py:588} INFO - Filling up the DagBag from /opt/airflow/dags/pipeline.py
[2026-09-11T18:49:04.403+0000] {processor.py:925} INFO - DAG(s) 'credit_risk_analysis_pipeline' retrieved from /opt/airflow/dags/pipeline.py
[2026-09-11T18:49:04.464+0000] {logging_mixin.py:190} INFO - [2026-09-11T18:49:04.464+0000] {dag.py:3239} INFO - Sync 1 DAGs
[2026-09-11T18:49:04.496+0000] {logging_mixin.py:190} INFO - [2026-09-11T18:49:04.496+0000] {dag.py:4180} INFO - Setting next_dagrun for credit_risk_analysis_pipeline to None, run_after=None
[2026-09-11T18:49:04.544+0000] {processor.py:208} INFO - Processing /opt/airflow/dags/pipeline.py took 0.193 seconds
[2026-09-11T18:49:34.839+0000] {processor.py:186} INFO - Started process (PID=273) to work on /opt/airflow/dags/pipeline.py
[2026-09-11T18:49:34.842+0000] {processor.py:914} INFO - Processing file /opt/airflow/dags/pipeline.py for tasks to queue
[2026-09-11T18:49:34.849+0000] {logging_mixin.py:190} INFO - [2026-09-11T18:49:34.848+0000] {dagbag.py:588} INFO - Filling up the DagBag from /opt/airflow/dags/pipeline.py
[2026-09-11T18:49:34.887+0000] {processor.py:925} INFO - DAG(s) 'credit_risk_analysis_pipeline' retrieved from /opt/airflow/dags/pipeline.py
[2026-09-11T18:49:34.955+0000] {logging_mixin.py:190} INFO - [2026-09-11T18:49:34.954+0000] {dag.py:3239} INFO - Sync 1 DAGs
[2026-09-11T18:49:34.995+0000] {logging_mixin.py:190} INFO - [2026-09-11T18:49:34.995+0000] {dag.py:4180} INFO - Setting next_dagrun for credit_risk_analysis_pipeline to None, run_after=None
[2026-09-11T18:49:35.041+0000] {processor.py:208} INFO - Processing /opt/airflow/dags/pipeline.py took 0.218 seconds
[2026-09-11T18:50:05.427+0000] {processor.py:186} INFO - Started process (PID=274) to work on /opt/airflow/dags/pipeline.py
[2026-09-11T18:50:05.429+0000] {processor.py:914} INFO - Processing file /opt/airflow/dags/pipeline.py for tasks to queue
[2026-09-11T18:50:05.437+0000] {logging_mixin.py:190} INFO - [2026-09-11T18:50:05.436+0000] {dagbag.py:588} INFO - Filling up the DagBag from /opt/airflow/dags/pipeline.py
[2026-09-11T18:50:05.479+0000] {processor.py:925} INFO - DAG(s) 'credit_risk_analysis_pipeline' retrieved from /opt/airflow/dags/pipeline.py
[2026-09-11T18:50:05.544+0000] {logging_mixin.py:190} INFO - [2026-09-11T18:50:05.543+0000] {dag.py:3239} INFO - Sync 1 DAGs
[2026-09-11T18:50:05.584+0000] {logging_mixin.py:190} INFO - [2026-09-11T18:50:05.584+0000] {dag.py:4180} INFO - Setting next_dagrun for credit_risk_analysis_pipeline to None, run_after=None
[2026-09-11T18:50:05.631+0000] {processor.py:208} INFO - Processing /opt/airflow/dags/pipeline.py took 0.218 seconds
[2026-09-11T18:50:35.886+0000] {processor.py:186} INFO - Started process (PID=275) to work on /opt/airflow/dags/pipeline.py
[2026-09-11T18:50:35.889+0000] {processor.py:914} INFO - Processing file /opt/airflow/dags/pipeline.py for tasks to queue
[2026-09-11T18:50:35.895+0000] {logging_mixin.py:190} INFO - [2026-09-11T18:50:35.894+0000] {dagbag.py:588} INFO - Filling up the DagBag from /opt/airflow/dags/pipeline.py
[2026-09-11T18:50:35.929+0000] {processor.py:925} INFO - DAG(s) 'credit_risk_analysis_pipeline' retrieved from /opt/airflow/dags/pipeline.py
[2026-09-11T18:50:36.035+0000] {logging_mixin.py:190} INFO - [2026-09-11T18:50:36.034+0000] {dag.py:3239} INFO - Sync 1 DAGs
[2026-09-11T18:50:36.070+0000] {logging_mixin.py:190} INFO - [2026-09-11T18:50:36.070+0000] {dag.py:4180} INFO - Setting next_dagrun for credit_risk_analysis_pipeline to None, run_after=None
[2026-09-11T18:50:36.114+0000] {processor.py:208} INFO - Processing /opt/airflow/dags/pipeline.py took 0.239 seconds
[2026-09-11T18:51:06.387+0000] {processor.py:186} INFO - Started process (PID=276) to work on /opt/airflow/dags/pipeline.py
[2026-09-11T18:51:06.390+0000] {processor.py:914} INFO - Processing file /opt/airflow/dags/pipeline.py for tasks to queue
[2026-09-11T18:51:06.406+0000] {logging_mixin.py:190} INFO - [2026-09-11T18:51:06.404+0000] {dagbag.py:588} INFO - Filling up the DagBag from /opt/airflow/dags/pipeline.py
[2026-09-11T18:51:06.457+0000] {processor.py:925} INFO - DAG(s) 'credit_risk_analysis_pipeline' retrieved from /opt/airflow/dags/pipeline.py
[2026-09-11T18:51:06.528+0000] {logging_mixin.py:190} INFO - [2026-09-11T18:51:06.527+0000] {dag.py:3239} INFO - Sync 1 DAGs
[2026-09-11T18:51:06.572+0000] {logging_mixin.py:190} INFO - [2026-09-11T18:51:06.571+0000] {dag.py:4180} INFO - Setting next_dagrun for credit_risk_analysis_pipeline to None, run_after=None
[2026-09-11T18:51:06.638+0000] {processor.py:208} INFO - Processing /opt/airflow/dags/pipeline.py took 0.273 seconds
[2026-09-11T18:51:36.880+0000] {processor.py:186} INFO - Started process (PID=277) to work on /opt/airflow/dags/pipeline.py
[2026-09-11T18:51:36.884+0000] {processor.py:914} INFO - Processing file /opt/airflow/dags/pipeline.py for tasks to queue
[2026-09-11T18:51:36.890+0000] {logging_mixin.py:190} INFO - [2026-09-11T18:51:36.889+0000] {dagbag.py:588} INFO - Filling up the DagBag from /opt/airflow/dags/pipeline.py
[2026-09-11T18:51:36.929+0000] {processor.py:925} INFO - DAG(s) 'credit_risk_analysis_pipeline' retrieved from /opt/airflow/dags/pipeline.py
[2026-09-11T18:51:36.990+0000] {logging_mixin.py:190} INFO - [2026-09-11T18:51:36.990+0000] {dag.py:3239} INFO - Sync 1 DAGs
[2026-09-11T18:51:37.029+0000] {logging_mixin.py:190} INFO - [2026-09-11T18:51:37.029+0000] {dag.py:4180} INFO - Setting next_dagrun for credit_risk_analysis_pipeline to None, run_after=None
[2026-09-11T18:51:37.088+0000] {processor.py:208} INFO - Processing /opt/airflow/dags/pipeline.py took 0.220 seconds
[2026-09-11T18:52:07.430+0000] {processor.py:186} INFO - Started process (PID=278) to work on /opt/airflow/dags/pipeline.py
[2026-09-11T18:52:07.435+0000] {processor.py:914} INFO - Processing file /opt/airflow/dags/pipeline.py for tasks to queue
[2026-09-11T18:52:07.451+0000] {logging_mixin.py:190} INFO - [2026-09-11T18:52:07.448+0000] {dagbag.py:588} INFO - Filling up the DagBag from /opt/airflow/dags/pipeline.py
[2026-09-11T18:52:07.498+0000] {processor.py:925} INFO - DAG(s) 'credit_risk_analysis_pipeline' retrieved from /opt/airflow/dags/pipeline.py
[2026-09-11T18:52:07.562+0000] {logging_mixin.py:190} INFO - [2026-09-11T18:52:07.561+0000] {dag.py:3239} INFO - Sync 1 DAGs
[2026-09-11T18:52:07.602+0000] {logging_mixin.py:190} INFO - [2026-09-11T18:52:07.601+0000] {dag.py:4180} INFO - Setting next_dagrun for credit_risk_analysis_pipeline to None, run_after=None
[2026-09-11T18:52:07.654+0000] {processor.py:208} INFO - Processing /opt/airflow/dags/pipeline.py took 0.259 seconds
[2026-09-11T18:52:37.884+0000] {processor.py:186} INFO - Started process (PID=279) to work on /opt/airflow/dags/pipeline.py
[2026-09-11T18:52:37.887+0000] {processor.py:914} INFO - Processing file /opt/airflow/dags/pipeline.py for tasks to queue
[2026-09-11T18:52:37.893+0000] {logging_mixin.py:190} INFO - [2026-09-11T18:52:37.893+0000] {dagbag.py:588} INFO - Filling up the DagBag from /opt/airflow/dags/pipeline.py
[2026-09-11T18:52:37.926+0000] {processor.py:925} INFO - DAG(s) 'credit_risk_analysis_pipeline' retrieved from /opt/airflow/dags/pipeline.py
[2026-09-11T18:52:37.986+0000] {logging_mixin.py:190} INFO - [2026-09-11T18:52:37.985+0000] {dag.py:3239} INFO - Sync 1 DAGs
[2026-09-11T18:52:38.026+0000] {logging_mixin.py:190} INFO - [2026-09-11T18:52:38.025+0000] {dag.py:4180} INFO - Setting next_dagrun for credit_risk_analysis_pipeline to None, run_after=None
[2026-09-11T18:52:38.070+0000] {processor.py:208} INFO - Processing /opt/airflow/dags/pipeline.py took 0.208 seconds
[2026-09-11T18:53:08.444+0000] {processor.py:186} INFO - Started process (PID=280) to work on /opt/airflow/dags/pipeline.py
[2026-09-11T18:53:08.448+0000] {processor.py:914} INFO - Processing file /opt/airflow/dags/pipeline.py for tasks to queue
[2026-09-11T18:53:08.458+0000] {logging_mixin.py:190} INFO - [2026-09-11T18:53:08.457+0000] {dagbag.py:588} INFO - Filling up the DagBag from /opt/airflow/dags/pipeline.py
[2026-09-11T18:53:08.492+0000] {processor.py:925} INFO - DAG(s) 'credit_risk_analysis_pipeline' retrieved from /opt/airflow/dags/pipeline.py
[2026-09-11T18:53:08.559+0000] {logging_mixin.py:190} INFO - [2026-09-11T18:53:08.558+0000] {dag.py:3239} INFO - Sync 1 DAGs
[2026-09-11T18:53:08.600+0000] {logging_mixin.py:190} INFO - [2026-09-11T18:53:08.599+0000] {dag.py:4180} INFO - Setting next_dagrun for credit_risk_analysis_pipeline to None, run_after=None
[2026-09-11T18:53:08.657+0000] {processor.py:208} INFO - Processing /opt/airflow/dags/pipeline.py took 0.243 seconds
[2026-09-11T18:53:38.827+0000] {processor.py:186} INFO - Started process (PID=281) to work on /opt/airflow/dags/pipeline.py
[2026-09-11T18:53:38.830+0000] {processor.py:914} INFO - Processing file /opt/airflow/dags/pipeline.py for tasks to queue
[2026-09-11T18:53:38.836+0000] {logging_mixin.py:190} INFO - [2026-09-11T18:53:38.835+0000] {dagbag.py:588} INFO - Filling up the DagBag from /opt/airflow/dags/pipeline.py
[2026-09-11T18:53:38.878+0000] {processor.py:925} INFO - DAG(s) 'credit_risk_analysis_pipeline' retrieved from /opt/airflow/dags/pipeline.py
[2026-09-11T18:53:38.938+0000] {logging_mixin.py:190} INFO - [2026-09-11T18:53:38.937+0000] {dag.py:3239} INFO - Sync 1 DAGs
[2026-09-11T18:53:38.975+0000] {logging_mixin.py:190} INFO - [2026-09-11T18:53:38.975+0000] {dag.py:4180} INFO - Setting next_dagrun for credit_risk_analysis_pipeline to None, run_after=None
[2026-09-11T18:53:39.018+0000] {processor.py:208} INFO - Processing /opt/airflow/dags/pipeline.py took 0.205 seconds
[2026-09-11T18:54:09.396+0000] {processor.py:186} INFO - Started process (PID=282) to work on /opt/airflow/dags/pipeline.py
[2026-09-11T18:54:09.399+0000] {processor.py:914} INFO - Processing file /opt/airflow/dags/pipeline.py for tasks to queue
[2026-09-11T18:54:09.404+0000] {logging_mixin.py:190} INFO - [2026-09-11T18:54:09.404+0000] {dagbag.py:588} INFO - Filling up the DagBag from /opt/airflow/dags/pipeline.py
[2026-09-11T18:54:09.453+0000] {processor.py:925} INFO - DAG(s) 'credit_risk_analysis_pipeline' retrieved from /opt/airflow/dags/pipeline.py
[2026-09-11T18:54:09.516+0000] {logging_mixin.py:190} INFO - [2026-09-11T18:54:09.516+0000] {dag.py:3239} INFO - Sync 1 DAGs
[2026-09-11T18:54:09.547+0000] {logging_mixin.py:190} INFO - [2026-09-11T18:54:09.546+0000] {dag.py:4180} INFO - Setting next_dagrun for credit_risk_analysis_pipeline to None, run_after=None
[2026-09-11T18:54:09.612+0000] {processor.py:208} INFO - Processing /opt/airflow/dags/pipeline.py took 0.232 seconds
[2026-09-11T18:54:39.795+0000] {processor.py:186} INFO - Started process (PID=283) to work on /opt/airflow/dags/pipeline.py
[2026-09-11T18:54:39.801+0000] {processor.py:914} INFO - Processing file /opt/airflow/dags/pipeline.py for tasks to queue
[2026-09-11T18:54:39.809+0000] {logging_mixin.py:190} INFO - [2026-09-11T18:54:39.809+0000] {dagbag.py:588} INFO - Filling up the DagBag from /opt/airflow/dags/pipeline.py
[2026-09-11T18:54:39.848+0000] {processor.py:925} INFO - DAG(s) 'credit_risk_analysis_pipeline' retrieved from /opt/airflow/dags/pipeline.py
[2026-09-11T18:54:39.908+0000] {logging_mixin.py:190} INFO - [2026-09-11T18:54:39.907+0000] {dag.py:3239} INFO - Sync 1 DAGs
[2026-09-11T18:54:39.947+0000] {logging_mixin.py:190} INFO - [2026-09-11T18:54:39.946+0000] {dag.py:4180} INFO - Setting next_dagrun for credit_risk_analysis_pipeline to None, run_after=None
[2026-09-11T18:54:39.998+0000] {processor.py:208} INFO - Processing /opt/airflow/dags/pipeline.py took 0.220 seconds
[2026-09-11T18:55:10.154+0000] {processor.py:186} INFO - Started process (PID=284) to work on /opt/airflow/dags/pipeline.py
[2026-09-11T18:55:10.157+0000] {processor.py:914} INFO - Processing file /opt/airflow/dags/pipeline.py for tasks to queue
[2026-09-11T18:55:10.163+0000] {logging_mixin.py:190} INFO - [2026-09-11T18:55:10.163+0000] {dagbag.py:588} INFO - Filling up the DagBag from /opt/airflow/dags/pipeline.py
[2026-09-11T18:55:10.194+0000] {processor.py:925} INFO - DAG(s) 'credit_risk_analysis_pipeline' retrieved from /opt/airflow/dags/pipeline.py
[2026-09-11T18:55:10.247+0000] {logging_mixin.py:190} INFO - [2026-09-11T18:55:10.247+0000] {dag.py:3239} INFO - Sync 1 DAGs
[2026-09-11T18:55:10.283+0000] {logging_mixin.py:190} INFO - [2026-09-11T18:55:10.283+0000] {dag.py:4180} INFO - Setting next_dagrun for credit_risk_analysis_pipeline to None, run_after=None
[2026-09-11T18:55:10.328+0000] {processor.py:208} INFO - Processing /opt/airflow/dags/pipeline.py took 0.190 seconds
[2026-09-11T18:55:40.797+0000] {processor.py:186} INFO - Started process (PID=285) to work on /opt/airflow/dags/pipeline.py
[2026-09-11T18:55:40.800+0000] {processor.py:914} INFO - Processing file /opt/airflow/dags/pipeline.py for tasks to queue
[2026-09-11T18:55:40.809+0000] {logging_mixin.py:190} INFO - [2026-09-11T18:55:40.808+0000] {dagbag.py:588} INFO - Filling up the DagBag from /opt/airflow/dags/pipeline.py
[2026-09-11T18:55:40.853+0000] {processor.py:925} INFO - DAG(s) 'credit_risk_analysis_pipeline' retrieved from /opt/airflow/dags/pipeline.py
[2026-09-11T18:55:40.911+0000] {logging_mixin.py:190} INFO - [2026-09-11T18:55:40.910+0000] {dag.py:3239} INFO - Sync 1 DAGs
[2026-09-11T18:55:40.957+0000] {logging_mixin.py:190} INFO - [2026-09-11T18:55:40.956+0000] {dag.py:4180} INFO - Setting next_dagrun for credit_risk_analysis_pipeline to None, run_after=None
[2026-09-11T18:55:41.009+0000] {processor.py:208} INFO - Processing /opt/airflow/dags/pipeline.py took 0.231 seconds
[2026-09-11T18:56:11.176+0000] {processor.py:186} INFO - Started process (PID=286) to work on /opt/airflow/dags/pipeline.py
[2026-09-11T18:56:11.179+0000] {processor.py:914} INFO - Processing file /opt/airflow/dags/pipeline.py for tasks to queue
[2026-09-11T18:56:11.185+0000] {logging_mixin.py:190} INFO - [2026-09-11T18:56:11.184+0000] {dagbag.py:588} INFO - Filling up the DagBag from /opt/airflow/dags/pipeline.py
[2026-09-11T18:56:11.222+0000] {processor.py:925} INFO - DAG(s) 'credit_risk_analysis_pipeline' retrieved from /opt/airflow/dags/pipeline.py
[2026-09-11T18:56:11.279+0000] {logging_mixin.py:190} INFO - [2026-09-11T18:56:11.278+0000] {dag.py:3239} INFO - Sync 1 DAGs
[2026-09-11T18:56:11.312+0000] {logging_mixin.py:190} INFO - [2026-09-11T18:56:11.312+0000] {dag.py:4180} INFO - Setting next_dagrun for credit_risk_analysis_pipeline to None, run_after=None
[2026-09-11T18:56:11.361+0000] {processor.py:208} INFO - Processing /opt/airflow/dags/pipeline.py took 0.198 seconds
[2026-09-11T18:56:41.742+0000] {processor.py:186} INFO - Started process (PID=287) to work on /opt/airflow/dags/pipeline.py
[2026-09-11T18:56:41.744+0000] {processor.py:914} INFO - Processing file /opt/airflow/dags/pipeline.py for tasks to queue
[2026-09-11T18:56:41.750+0000] {logging_mixin.py:190} INFO - [2026-09-11T18:56:41.749+0000] {dagbag.py:588} INFO - Filling up the DagBag from /opt/airflow/dags/pipeline.py
[2026-09-11T18:56:41.782+0000] {processor.py:925} INFO - DAG(s) 'credit_risk_analysis_pipeline' retrieved from /opt/airflow/dags/pipeline.py
[2026-09-11T18:56:41.846+0000] {logging_mixin.py:190} INFO - [2026-09-11T18:56:41.845+0000] {dag.py:3239} INFO - Sync 1 DAGs
[2026-09-11T18:56:41.892+0000] {logging_mixin.py:190} INFO - [2026-09-11T18:56:41.891+0000] {dag.py:4180} INFO - Setting next_dagrun for credit_risk_analysis_pipeline to None, run_after=None
[2026-09-11T18:56:41.951+0000] {processor.py:208} INFO - Processing /opt/airflow/dags/pipeline.py took 0.221 seconds
[2026-09-11T18:57:12.106+0000] {processor.py:186} INFO - Started process (PID=288) to work on /opt/airflow/dags/pipeline.py
[2026-09-11T18:57:12.108+0000] {processor.py:914} INFO - Processing file /opt/airflow/dags/pipeline.py for tasks to queue
[2026-09-11T18:57:12.113+0000] {logging_mixin.py:190} INFO - [2026-09-11T18:57:12.113+0000] {dagbag.py:588} INFO - Filling up the DagBag from /opt/airflow/dags/pipeline.py
[2026-09-11T18:57:12.144+0000] {processor.py:925} INFO - DAG(s) 'credit_risk_analysis_pipeline' retrieved from /opt/airflow/dags/pipeline.py
[2026-09-11T18:57:12.206+0000] {logging_mixin.py:190} INFO - [2026-09-11T18:57:12.206+0000] {dag.py:3239} INFO - Sync 1 DAGs
[2026-09-11T18:57:12.249+0000] {logging_mixin.py:190} INFO - [2026-09-11T18:57:12.248+0000] {dag.py:4180} INFO - Setting next_dagrun for credit_risk_analysis_pipeline to None, run_after=None
[2026-09-11T18:57:12.292+0000] {processor.py:208} INFO - Processing /opt/airflow/dags/pipeline.py took 0.198 seconds
[2026-09-11T18:57:42.702+0000] {processor.py:186} INFO - Started process (PID=289) to work on /opt/airflow/dags/pipeline.py
[2026-09-11T18:57:42.704+0000] {processor.py:914} INFO - Processing file /opt/airflow/dags/pipeline.py for tasks to queue
[2026-09-11T18:57:42.711+0000] {logging_mixin.py:190} INFO - [2026-09-11T18:57:42.710+0000] {dagbag.py:588} INFO - Filling up the DagBag from /opt/airflow/dags/pipeline.py
[2026-09-11T18:57:42.741+0000] {processor.py:925} INFO - DAG(s) 'credit_risk_analysis_pipeline' retrieved from /opt/airflow/dags/pipeline.py
[2026-09-11T18:57:42.796+0000] {logging_mixin.py:190} INFO - [2026-09-11T18:57:42.795+0000] {dag.py:3239} INFO - Sync 1 DAGs
[2026-09-11T18:57:42.834+0000] {logging_mixin.py:190} INFO - [2026-09-11T18:57:42.833+0000] {dag.py:4180} INFO - Setting next_dagrun for credit_risk_analysis_pipeline to None, run_after=None
[2026-09-11T18:57:42.886+0000] {processor.py:208} INFO - Processing /opt/airflow/dags/pipeline.py took 0.203 seconds
[2026-09-11T18:58:13.159+0000] {processor.py:186} INFO - Started process (PID=290) to work on /opt/airflow/dags/pipeline.py
[2026-09-11T18:58:13.162+0000] {processor.py:914} INFO - Processing file /opt/airflow/dags/pipeline.py for tasks to queue
[2026-09-11T18:58:13.170+0000] {logging_mixin.py:190} INFO - [2026-09-11T18:58:13.169+0000] {dagbag.py:588} INFO - Filling up the DagBag from /opt/airflow/dags/pipeline.py
[2026-09-11T18:58:13.205+0000] {processor.py:925} INFO - DAG(s) 'credit_risk_analysis_pipeline' retrieved from /opt/airflow/dags/pipeline.py
[2026-09-11T18:58:13.270+0000] {logging_mixin.py:190} INFO - [2026-09-11T18:58:13.270+0000] {dag.py:3239} INFO - Sync 1 DAGs
[2026-09-11T18:58:13.306+0000] {logging_mixin.py:190} INFO - [2026-09-11T18:58:13.305+0000] {dag.py:4180} INFO - Setting next_dagrun for credit_risk_analysis_pipeline to None, run_after=None
[2026-09-11T18:58:13.358+0000] {processor.py:208} INFO - Processing /opt/airflow/dags/pipeline.py took 0.217 seconds
[2026-09-11T18:58:43.647+0000] {processor.py:186} INFO - Started process (PID=291) to work on /opt/airflow/dags/pipeline.py
[2026-09-11T18:58:43.651+0000] {processor.py:914} INFO - Processing file /opt/airflow/dags/pipeline.py for tasks to queue
[2026-09-11T18:58:43.660+0000] {logging_mixin.py:190} INFO - [2026-09-11T18:58:43.657+0000] {dagbag.py:588} INFO - Filling up the DagBag from /opt/airflow/dags/pipeline.py
[2026-09-11T18:58:43.698+0000] {processor.py:925} INFO - DAG(s) 'credit_risk_analysis_pipeline' retrieved from /opt/airflow/dags/pipeline.py
[2026-09-11T18:58:43.762+0000] {logging_mixin.py:190} INFO - [2026-09-11T18:58:43.761+0000] {dag.py:3239} INFO - Sync 1 DAGs
[2026-09-11T18:58:43.803+0000] {logging_mixin.py:190} INFO - [2026-09-11T18:58:43.802+0000] {dag.py:4180} INFO - Setting next_dagrun for credit_risk_analysis_pipeline to None, run_after=None
[2026-09-11T18:58:43.864+0000] {processor.py:208} INFO - Processing /opt/airflow/dags/pipeline.py took 0.236 seconds
[2026-09-11T18:59:14.124+0000] {processor.py:186} INFO - Started process (PID=292) to work on /opt/airflow/dags/pipeline.py
[2026-09-11T18:59:14.126+0000] {processor.py:914} INFO - Processing file /opt/airflow/dags/pipeline.py for tasks to queue
[2026-09-11T18:59:14.132+0000] {logging_mixin.py:190} INFO - [2026-09-11T18:59:14.132+0000] {dagbag.py:588} INFO - Filling up the DagBag from /opt/airflow/dags/pipeline.py
[2026-09-11T18:59:14.167+0000] {processor.py:925} INFO - DAG(s) 'credit_risk_analysis_pipeline' retrieved from /opt/airflow/dags/pipeline.py
[2026-09-11T18:59:14.224+0000] {logging_mixin.py:190} INFO - [2026-09-11T18:59:14.223+0000] {dag.py:3239} INFO - Sync 1 DAGs
[2026-09-11T18:59:14.259+0000] {logging_mixin.py:190} INFO - [2026-09-11T18:59:14.258+0000] {dag.py:4180} INFO - Setting next_dagrun for credit_risk_analysis_pipeline to None, run_after=None
[2026-09-11T18:59:14.312+0000] {processor.py:208} INFO - Processing /opt/airflow/dags/pipeline.py took 0.203 seconds
[2026-09-11T18:59:44.674+0000] {processor.py:186} INFO - Started process (PID=293) to work on /opt/airflow/dags/pipeline.py
[2026-09-11T18:59:44.677+0000] {processor.py:914} INFO - Processing file /opt/airflow/dags/pipeline.py for tasks to queue
[2026-09-11T18:59:44.684+0000] {logging_mixin.py:190} INFO - [2026-09-11T18:59:44.683+0000] {dagbag.py:588} INFO - Filling up the DagBag from /opt/airflow/dags/pipeline.py
[2026-09-11T18:59:44.731+0000] {processor.py:925} INFO - DAG(s) 'credit_risk_analysis_pipeline' retrieved from /opt/airflow/dags/pipeline.py
[2026-09-11T18:59:44.789+0000] {logging_mixin.py:190} INFO - [2026-09-11T18:59:44.788+0000] {dag.py:3239} INFO - Sync 1 DAGs
[2026-09-11T18:59:44.821+0000] {logging_mixin.py:190} INFO - [2026-09-11T18:59:44.820+0000] {dag.py:4180} INFO - Setting next_dagrun for credit_risk_analysis_pipeline to None, run_after=None
[2026-09-11T18:59:44.875+0000] {processor.py:208} INFO - Processing /opt/airflow/dags/pipeline.py took 0.216 seconds
[2026-09-11T19:00:15.078+0000] {processor.py:186} INFO - Started process (PID=294) to work on /opt/airflow/dags/pipeline.py
[2026-09-11T19:00:15.081+0000] {processor.py:914} INFO - Processing file /opt/airflow/dags/pipeline.py for tasks to queue
[2026-09-11T19:00:15.088+0000] {logging_mixin.py:190} INFO - [2026-09-11T19:00:15.087+0000] {dagbag.py:588} INFO - Filling up the DagBag from /opt/airflow/dags/pipeline.py
[2026-09-11T19:00:15.138+0000] {processor.py:925} INFO - DAG(s) 'credit_risk_analysis_pipeline' retrieved from /opt/airflow/dags/pipeline.py
[2026-09-11T19:00:15.205+0000] {logging_mixin.py:190} INFO - [2026-09-11T19:00:15.205+0000] {dag.py:3239} INFO - Sync 1 DAGs
[2026-09-11T19:00:15.241+0000] {logging_mixin.py:190} INFO - [2026-09-11T19:00:15.241+0000] {dag.py:4180} INFO - Setting next_dagrun for credit_risk_analysis_pipeline to None, run_after=None
[2026-09-11T19:00:15.296+0000] {processor.py:208} INFO - Processing /opt/airflow/dags/pipeline.py took 0.237 seconds
[2026-09-11T19:00:45.642+0000] {processor.py:186} INFO - Started process (PID=295) to work on /opt/airflow/dags/pipeline.py
[2026-09-11T19:00:45.645+0000] {processor.py:914} INFO - Processing file /opt/airflow/dags/pipeline.py for tasks to queue
[2026-09-11T19:00:45.651+0000] {logging_mixin.py:190} INFO - [2026-09-11T19:00:45.650+0000] {dagbag.py:588} INFO - Filling up the DagBag from /opt/airflow/dags/pipeline.py
[2026-09-11T19:00:45.689+0000] {processor.py:925} INFO - DAG(s) 'credit_risk_analysis_pipeline' retrieved from /opt/airflow/dags/pipeline.py
[2026-09-11T19:00:45.749+0000] {logging_mixin.py:190} INFO - [2026-09-11T19:00:45.749+0000] {dag.py:3239} INFO - Sync 1 DAGs
[2026-09-11T19:00:45.782+0000] {logging_mixin.py:190} INFO - [2026-09-11T19:00:45.782+0000] {dag.py:4180} INFO - Setting next_dagrun for credit_risk_analysis_pipeline to None, run_after=None
[2026-09-11T19:00:45.843+0000] {processor.py:208} INFO - Processing /opt/airflow/dags/pipeline.py took 0.216 seconds
[2026-09-11T19:01:16.090+0000] {processor.py:186} INFO - Started process (PID=296) to work on /opt/airflow/dags/pipeline.py
[2026-09-11T19:01:16.100+0000] {processor.py:914} INFO - Processing file /opt/airflow/dags/pipeline.py for tasks to queue
[2026-09-11T19:01:16.111+0000] {logging_mixin.py:190} INFO - [2026-09-11T19:01:16.109+0000] {dagbag.py:588} INFO - Filling up the DagBag from /opt/airflow/dags/pipeline.py
[2026-09-11T19:01:16.145+0000] {processor.py:925} INFO - DAG(s) 'credit_risk_analysis_pipeline' retrieved from /opt/airflow/dags/pipeline.py
[2026-09-11T19:01:16.216+0000] {logging_mixin.py:190} INFO - [2026-09-11T19:01:16.215+0000] {dag.py:3239} INFO - Sync 1 DAGs
[2026-09-11T19:01:16.252+0000] {logging_mixin.py:190} INFO - [2026-09-11T19:01:16.251+0000] {dag.py:4180} INFO - Setting next_dagrun for credit_risk_analysis_pipeline to None, run_after=None
[2026-09-11T19:01:16.301+0000] {processor.py:208} INFO - Processing /opt/airflow/dags/pipeline.py took 0.231 seconds
[2026-09-11T19:01:46.698+0000] {processor.py:186} INFO - Started process (PID=297) to work on /opt/airflow/dags/pipeline.py
[2026-09-11T19:01:46.701+0000] {processor.py:914} INFO - Processing file /opt/airflow/dags/pipeline.py for tasks to queue
[2026-09-11T19:01:46.707+0000] {logging_mixin.py:190} INFO - [2026-09-11T19:01:46.706+0000] {dagbag.py:588} INFO - Filling up the DagBag from /opt/airflow/dags/pipeline.py
[2026-09-11T19:01:46.740+0000] {processor.py:925} INFO - DAG(s) 'credit_risk_analysis_pipeline' retrieved from /opt/airflow/dags/pipeline.py
[2026-09-11T19:01:46.792+0000] {logging_mixin.py:190} INFO - [2026-09-11T19:01:46.791+0000] {dag.py:3239} INFO - Sync 1 DAGs
[2026-09-11T19:01:46.821+0000] {logging_mixin.py:190} INFO - [2026-09-11T19:01:46.821+0000] {dag.py:4180} INFO - Setting next_dagrun for credit_risk_analysis_pipeline to None, run_after=None
[2026-09-11T19:01:46.864+0000] {processor.py:208} INFO - Processing /opt/airflow/dags/pipeline.py took 0.178 seconds
[2026-09-11T19:02:17.099+0000] {processor.py:186} INFO - Started process (PID=298) to work on /opt/airflow/dags/pipeline.py
[2026-09-11T19:02:17.102+0000] {processor.py:914} INFO - Processing file /opt/airflow/dags/pipeline.py for tasks to queue
[2026-09-11T19:02:17.109+0000] {logging_mixin.py:190} INFO - [2026-09-11T19:02:17.108+0000] {dagbag.py:588} INFO - Filling up the DagBag from /opt/airflow/dags/pipeline.py
[2026-09-11T19:02:17.150+0000] {processor.py:925} INFO - DAG(s) 'credit_risk_analysis_pipeline' retrieved from /opt/airflow/dags/pipeline.py
[2026-09-11T19:02:17.210+0000] {logging_mixin.py:190} INFO - [2026-09-11T19:02:17.210+0000] {dag.py:3239} INFO - Sync 1 DAGs
[2026-09-11T19:02:17.246+0000] {logging_mixin.py:190} INFO - [2026-09-11T19:02:17.245+0000] {dag.py:4180} INFO - Setting next_dagrun for credit_risk_analysis_pipeline to None, run_after=None
[2026-09-11T19:02:17.292+0000] {processor.py:208} INFO - Processing /opt/airflow/dags/pipeline.py took 0.207 seconds
[2026-09-11T19:02:47.636+0000] {processor.py:186} INFO - Started process (PID=299) to work on /opt/airflow/dags/pipeline.py
[2026-09-11T19:02:47.638+0000] {processor.py:914} INFO - Processing file /opt/airflow/dags/pipeline.py for tasks to queue
[2026-09-11T19:02:47.644+0000] {logging_mixin.py:190} INFO - [2026-09-11T19:02:47.644+0000] {dagbag.py:588} INFO - Filling up the DagBag from /opt/airflow/dags/pipeline.py
[2026-09-11T19:02:47.679+0000] {processor.py:925} INFO - DAG(s) 'credit_risk_analysis_pipeline' retrieved from /opt/airflow/dags/pipeline.py
[2026-09-11T19:02:47.745+0000] {logging_mixin.py:190} INFO - [2026-09-11T19:02:47.744+0000] {dag.py:3239} INFO - Sync 1 DAGs
[2026-09-11T19:02:47.783+0000] {logging_mixin.py:190} INFO - [2026-09-11T19:02:47.782+0000] {dag.py:4180} INFO - Setting next_dagrun for credit_risk_analysis_pipeline to None, run_after=None
[2026-09-11T19:02:47.843+0000] {processor.py:208} INFO - Processing /opt/airflow/dags/pipeline.py took 0.220 seconds
[2026-09-11T19:03:18.030+0000] {processor.py:186} INFO - Started process (PID=300) to work on /opt/airflow/dags/pipeline.py
[2026-09-11T19:03:18.033+0000] {processor.py:914} INFO - Processing file /opt/airflow/dags/pipeline.py for tasks to queue
[2026-09-11T19:03:18.041+0000] {logging_mixin.py:190} INFO - [2026-09-11T19:03:18.040+0000] {dagbag.py:588} INFO - Filling up the DagBag from /opt/airflow/dags/pipeline.py
[2026-09-11T19:03:18.083+0000] {processor.py:925} INFO - DAG(s) 'credit_risk_analysis_pipeline' retrieved from /opt/airflow/dags/pipeline.py
[2026-09-11T19:03:18.140+0000] {logging_mixin.py:190} INFO - [2026-09-11T19:03:18.140+0000] {dag.py:3239} INFO - Sync 1 DAGs
[2026-09-11T19:03:18.172+0000] {logging_mixin.py:190} INFO - [2026-09-11T19:03:18.171+0000] {dag.py:4180} INFO - Setting next_dagrun for credit_risk_analysis_pipeline to None, run_after=None
[2026-09-11T19:03:18.228+0000] {processor.py:208} INFO - Processing /opt/airflow/dags/pipeline.py took 0.210 seconds
[2026-09-11T19:03:48.574+0000] {processor.py:186} INFO - Started process (PID=301) to work on /opt/airflow/dags/pipeline.py
[2026-09-11T19:03:48.577+0000] {processor.py:914} INFO - Processing file /opt/airflow/dags/pipeline.py for tasks to queue
[2026-09-11T19:03:48.584+0000] {logging_mixin.py:190} INFO - [2026-09-11T19:03:48.584+0000] {dagbag.py:588} INFO - Filling up the DagBag from /opt/airflow/dags/pipeline.py
[2026-09-11T19:03:48.621+0000] {processor.py:925} INFO - DAG(s) 'credit_risk_analysis_pipeline' retrieved from /opt/airflow/dags/pipeline.py
[2026-09-11T19:03:48.686+0000] {logging_mixin.py:190} INFO - [2026-09-11T19:03:48.685+0000] {dag.py:3239} INFO - Sync 1 DAGs
[2026-09-11T19:03:48.726+0000] {logging_mixin.py:190} INFO - [2026-09-11T19:03:48.726+0000] {dag.py:4180} INFO - Setting next_dagrun for credit_risk_analysis_pipeline to None, run_after=None
[2026-09-11T19:03:48.786+0000] {processor.py:208} INFO - Processing /opt/airflow/dags/pipeline.py took 0.224 seconds
[2026-09-11T19:04:18.989+0000] {processor.py:186} INFO - Started process (PID=302) to work on /opt/airflow/dags/pipeline.py
[2026-09-11T19:04:18.992+0000] {processor.py:914} INFO - Processing file /opt/airflow/dags/pipeline.py for tasks to queue
[2026-09-11T19:04:19.000+0000] {logging_mixin.py:190} INFO - [2026-09-11T19:04:18.998+0000] {dagbag.py:588} INFO - Filling up the DagBag from /opt/airflow/dags/pipeline.py
[2026-09-11T19:04:19.030+0000] {processor.py:925} INFO - DAG(s) 'credit_risk_analysis_pipeline' retrieved from /opt/airflow/dags/pipeline.py
[2026-09-11T19:04:19.085+0000] {logging_mixin.py:190} INFO - [2026-09-11T19:04:19.085+0000] {dag.py:3239} INFO - Sync 1 DAGs
[2026-09-11T19:04:19.117+0000] {logging_mixin.py:190} INFO - [2026-09-11T19:04:19.117+0000] {dag.py:4180} INFO - Setting next_dagrun for credit_risk_analysis_pipeline to None, run_after=None
[2026-09-11T19:04:19.173+0000] {processor.py:208} INFO - Processing /opt/airflow/dags/pipeline.py took 0.214 seconds
[2026-09-11T19:04:49.609+0000] {processor.py:186} INFO - Started process (PID=303) to work on /opt/airflow/dags/pipeline.py
[2026-09-11T19:04:49.612+0000] {processor.py:914} INFO - Processing file /opt/airflow/dags/pipeline.py for tasks to queue
[2026-09-11T19:04:49.619+0000] {logging_mixin.py:190} INFO - [2026-09-11T19:04:49.618+0000] {dagbag.py:588} INFO - Filling up the DagBag from /opt/airflow/dags/pipeline.py
[2026-09-11T19:04:49.660+0000] {processor.py:925} INFO - DAG(s) 'credit_risk_analysis_pipeline' retrieved from /opt/airflow/dags/pipeline.py
[2026-09-11T19:04:49.717+0000] {logging_mixin.py:190} INFO - [2026-09-11T19:04:49.717+0000] {dag.py:3239} INFO - Sync 1 DAGs
[2026-09-11T19:04:49.749+0000] {logging_mixin.py:190} INFO - [2026-09-11T19:04:49.748+0000] {dag.py:4180} INFO - Setting next_dagrun for credit_risk_analysis_pipeline to None, run_after=None
[2026-09-11T19:04:49.805+0000] {processor.py:208} INFO - Processing /opt/airflow/dags/pipeline.py took 0.206 seconds
[2026-09-11T19:05:19.991+0000] {processor.py:186} INFO - Started process (PID=304) to work on /opt/airflow/dags/pipeline.py
[2026-09-11T19:05:19.994+0000] {processor.py:914} INFO - Processing file /opt/airflow/dags/pipeline.py for tasks to queue
[2026-09-11T19:05:20.002+0000] {logging_mixin.py:190} INFO - [2026-09-11T19:05:20.001+0000] {dagbag.py:588} INFO - Filling up the DagBag from /opt/airflow/dags/pipeline.py
[2026-09-11T19:05:20.040+0000] {processor.py:925} INFO - DAG(s) 'credit_risk_analysis_pipeline' retrieved from /opt/airflow/dags/pipeline.py
[2026-09-11T19:05:20.105+0000] {logging_mixin.py:190} INFO - [2026-09-11T19:05:20.105+0000] {dag.py:3239} INFO - Sync 1 DAGs
[2026-09-11T19:05:20.150+0000] {logging_mixin.py:190} INFO - [2026-09-11T19:05:20.149+0000] {dag.py:4180} INFO - Setting next_dagrun for credit_risk_analysis_pipeline to None, run_after=None
[2026-09-11T19:05:20.205+0000] {processor.py:208} INFO - Processing /opt/airflow/dags/pipeline.py took 0.230 seconds
[2026-09-11T19:05:50.549+0000] {processor.py:186} INFO - Started process (PID=305) to work on /opt/airflow/dags/pipeline.py
[2026-09-11T19:05:50.551+0000] {processor.py:914} INFO - Processing file /opt/airflow/dags/pipeline.py for tasks to queue
[2026-09-11T19:05:50.556+0000] {logging_mixin.py:190} INFO - [2026-09-11T19:05:50.555+0000] {dagbag.py:588} INFO - Filling up the DagBag from /opt/airflow/dags/pipeline.py
[2026-09-11T19:05:50.585+0000] {processor.py:925} INFO - DAG(s) 'credit_risk_analysis_pipeline' retrieved from /opt/airflow/dags/pipeline.py
[2026-09-11T19:05:50.636+0000] {logging_mixin.py:190} INFO - [2026-09-11T19:05:50.636+0000] {dag.py:3239} INFO - Sync 1 DAGs
[2026-09-11T19:05:50.665+0000] {logging_mixin.py:190} INFO - [2026-09-11T19:05:50.665+0000] {dag.py:4180} INFO - Setting next_dagrun for credit_risk_analysis_pipeline to None, run_after=None
[2026-09-11T19:05:50.716+0000] {processor.py:208} INFO - Processing /opt/airflow/dags/pipeline.py took 0.179 seconds
[2026-09-11T19:06:20.959+0000] {processor.py:186} INFO - Started process (PID=306) to work on /opt/airflow/dags/pipeline.py
[2026-09-11T19:06:20.962+0000] {processor.py:914} INFO - Processing file /opt/airflow/dags/pipeline.py for tasks to queue
[2026-09-11T19:06:20.968+0000] {logging_mixin.py:190} INFO - [2026-09-11T19:06:20.967+0000] {dagbag.py:588} INFO - Filling up the DagBag from /opt/airflow/dags/pipeline.py
[2026-09-11T19:06:21.004+0000] {processor.py:925} INFO - DAG(s) 'credit_risk_analysis_pipeline' retrieved from /opt/airflow/dags/pipeline.py
[2026-09-11T19:06:21.065+0000] {logging_mixin.py:190} INFO - [2026-09-11T19:06:21.064+0000] {dag.py:3239} INFO - Sync 1 DAGs
[2026-09-11T19:06:21.102+0000] {logging_mixin.py:190} INFO - [2026-09-11T19:06:21.101+0000] {dag.py:4180} INFO - Setting next_dagrun for credit_risk_analysis_pipeline to None, run_after=None
[2026-09-11T19:06:21.155+0000] {processor.py:208} INFO - Processing /opt/airflow/dags/pipeline.py took 0.208 seconds
[2026-09-11T19:06:51.469+0000] {processor.py:186} INFO - Started process (PID=307) to work on /opt/airflow/dags/pipeline.py
[2026-09-11T19:06:51.472+0000] {processor.py:914} INFO - Processing file /opt/airflow/dags/pipeline.py for tasks to queue
[2026-09-11T19:06:51.479+0000] {logging_mixin.py:190} INFO - [2026-09-11T19:06:51.479+0000] {dagbag.py:588} INFO - Filling up the DagBag from /opt/airflow/dags/pipeline.py
[2026-09-11T19:06:51.512+0000] {processor.py:925} INFO - DAG(s) 'credit_risk_analysis_pipeline' retrieved from /opt/airflow/dags/pipeline.py
[2026-09-11T19:06:51.565+0000] {logging_mixin.py:190} INFO - [2026-09-11T19:06:51.564+0000] {dag.py:3239} INFO - Sync 1 DAGs
[2026-09-11T19:06:51.593+0000] {logging_mixin.py:190} INFO - [2026-09-11T19:06:51.593+0000] {dag.py:4180} INFO - Setting next_dagrun for credit_risk_analysis_pipeline to None, run_after=None
[2026-09-11T19:06:51.635+0000] {processor.py:208} INFO - Processing /opt/airflow/dags/pipeline.py took 0.177 seconds
[2026-09-11T19:07:21.892+0000] {processor.py:186} INFO - Started process (PID=308) to work on /opt/airflow/dags/pipeline.py
[2026-09-11T19:07:21.895+0000] {processor.py:914} INFO - Processing file /opt/airflow/dags/pipeline.py for tasks to queue
[2026-09-11T19:07:21.902+0000] {logging_mixin.py:190} INFO - [2026-09-11T19:07:21.902+0000] {dagbag.py:588} INFO - Filling up the DagBag from /opt/airflow/dags/pipeline.py
[2026-09-11T19:07:21.937+0000] {processor.py:925} INFO - DAG(s) 'credit_risk_analysis_pipeline' retrieved from /opt/airflow/dags/pipeline.py
[2026-09-11T19:07:21.998+0000] {logging_mixin.py:190} INFO - [2026-09-11T19:07:21.998+0000] {dag.py:3239} INFO - Sync 1 DAGs
[2026-09-11T19:07:22.033+0000] {logging_mixin.py:190} INFO - [2026-09-11T19:07:22.033+0000] {dag.py:4180} INFO - Setting next_dagrun for credit_risk_analysis_pipeline to None, run_after=None
[2026-09-11T19:07:22.087+0000] {processor.py:208} INFO - Processing /opt/airflow/dags/pipeline.py took 0.206 seconds
[2026-09-11T19:07:52.454+0000] {processor.py:186} INFO - Started process (PID=309) to work on /opt/airflow/dags/pipeline.py
[2026-09-11T19:07:52.458+0000] {processor.py:914} INFO - Processing file /opt/airflow/dags/pipeline.py for tasks to queue
[2026-09-11T19:07:52.463+0000] {logging_mixin.py:190} INFO - [2026-09-11T19:07:52.462+0000] {dagbag.py:588} INFO - Filling up the DagBag from /opt/airflow/dags/pipeline.py
[2026-09-11T19:07:52.499+0000] {processor.py:925} INFO - DAG(s) 'credit_risk_analysis_pipeline' retrieved from /opt/airflow/dags/pipeline.py
[2026-09-11T19:07:52.560+0000] {logging_mixin.py:190} INFO - [2026-09-11T19:07:52.559+0000] {dag.py:3239} INFO - Sync 1 DAGs
[2026-09-11T19:07:52.588+0000] {logging_mixin.py:190} INFO - [2026-09-11T19:07:52.588+0000] {dag.py:4180} INFO - Setting next_dagrun for credit_risk_analysis_pipeline to None, run_after=None
[2026-09-11T19:07:52.625+0000] {processor.py:208} INFO - Processing /opt/airflow/dags/pipeline.py took 0.181 seconds
[2026-09-11T19:08:22.842+0000] {processor.py:186} INFO - Started process (PID=310) to work on /opt/airflow/dags/pipeline.py
[2026-09-11T19:08:22.845+0000] {processor.py:914} INFO - Processing file /opt/airflow/dags/pipeline.py for tasks to queue
[2026-09-11T19:08:22.850+0000] {logging_mixin.py:190} INFO - [2026-09-11T19:08:22.849+0000] {dagbag.py:588} INFO - Filling up the DagBag from /opt/airflow/dags/pipeline.py
[2026-09-11T19:08:22.881+0000] {processor.py:925} INFO - DAG(s) 'credit_risk_analysis_pipeline' retrieved from /opt/airflow/dags/pipeline.py
[2026-09-11T19:08:22.934+0000] {logging_mixin.py:190} INFO - [2026-09-11T19:08:22.933+0000] {dag.py:3239} INFO - Sync 1 DAGs
[2026-09-11T19:08:22.967+0000] {logging_mixin.py:190} INFO - [2026-09-11T19:08:22.967+0000] {dag.py:4180} INFO - Setting next_dagrun for credit_risk_analysis_pipeline to None, run_after=None
[2026-09-11T19:08:23.024+0000] {processor.py:208} INFO - Processing /opt/airflow/dags/pipeline.py took 0.197 seconds
[2026-09-11T19:08:53.340+0000] {processor.py:186} INFO - Started process (PID=311) to work on /opt/airflow/dags/pipeline.py
[2026-09-11T19:08:53.342+0000] {processor.py:914} INFO - Processing file /opt/airflow/dags/pipeline.py for tasks to queue
[2026-09-11T19:08:53.347+0000] {logging_mixin.py:190} INFO - [2026-09-11T19:08:53.346+0000] {dagbag.py:588} INFO - Filling up the DagBag from /opt/airflow/dags/pipeline.py
[2026-09-11T19:08:53.379+0000] {processor.py:925} INFO - DAG(s) 'credit_risk_analysis_pipeline' retrieved from /opt/airflow/dags/pipeline.py
[2026-09-11T19:08:53.425+0000] {logging_mixin.py:190} INFO - [2026-09-11T19:08:53.425+0000] {dag.py:3239} INFO - Sync 1 DAGs
[2026-09-11T19:08:53.458+0000] {logging_mixin.py:190} INFO - [2026-09-11T19:08:53.457+0000] {dag.py:4180} INFO - Setting next_dagrun for credit_risk_analysis_pipeline to None, run_after=None
[2026-09-11T19:08:53.495+0000] {processor.py:208} INFO - Processing /opt/airflow/dags/pipeline.py took 0.168 seconds
[2026-09-11T19:09:23.776+0000] {processor.py:186} INFO - Started process (PID=312) to work on /opt/airflow/dags/pipeline.py
[2026-09-11T19:09:23.778+0000] {processor.py:914} INFO - Processing file /opt/airflow/dags/pipeline.py for tasks to queue
[2026-09-11T19:09:23.784+0000] {logging_mixin.py:190} INFO - [2026-09-11T19:09:23.784+0000] {dagbag.py:588} INFO - Filling up the DagBag from /opt/airflow/dags/pipeline.py
[2026-09-11T19:09:23.819+0000] {processor.py:925} INFO - DAG(s) 'credit_risk_analysis_pipeline' retrieved from /opt/airflow/dags/pipeline.py
[2026-09-11T19:09:23.871+0000] {logging_mixin.py:190} INFO - [2026-09-11T19:09:23.871+0000] {dag.py:3239} INFO - Sync 1 DAGs
[2026-09-11T19:09:23.902+0000] {logging_mixin.py:190} INFO - [2026-09-11T19:09:23.902+0000] {dag.py:4180} INFO - Setting next_dagrun for credit_risk_analysis_pipeline to None, run_after=None
[2026-09-11T19:09:23.942+0000] {processor.py:208} INFO - Processing /opt/airflow/dags/pipeline.py took 0.179 seconds
[2026-09-11T19:09:54.315+0000] {processor.py:186} INFO - Started process (PID=313) to work on /opt/airflow/dags/pipeline.py
[2026-09-11T19:09:54.318+0000] {processor.py:914} INFO - Processing file /opt/airflow/dags/pipeline.py for tasks to queue
[2026-09-11T19:09:54.324+0000] {logging_mixin.py:190} INFO - [2026-09-11T19:09:54.323+0000] {dagbag.py:588} INFO - Filling up the DagBag from /opt/airflow/dags/pipeline.py
[2026-09-11T19:09:54.359+0000] {processor.py:925} INFO - DAG(s) 'credit_risk_analysis_pipeline' retrieved from /opt/airflow/dags/pipeline.py
[2026-09-11T19:09:54.409+0000] {logging_mixin.py:190} INFO - [2026-09-11T19:09:54.408+0000] {dag.py:3239} INFO - Sync 1 DAGs
[2026-09-11T19:09:54.438+0000] {logging_mixin.py:190} INFO - [2026-09-11T19:09:54.438+0000] {dag.py:4180} INFO - Setting next_dagrun for credit_risk_analysis_pipeline to None, run_after=None
[2026-09-11T19:09:54.490+0000] {processor.py:208} INFO - Processing /opt/airflow/dags/pipeline.py took 0.186 seconds
[2026-09-11T19:10:24.666+0000] {processor.py:186} INFO - Started process (PID=314) to work on /opt/airflow/dags/pipeline.py
[2026-09-11T19:10:24.668+0000] {processor.py:914} INFO - Processing file /opt/airflow/dags/pipeline.py for tasks to queue
[2026-09-11T19:10:24.674+0000] {logging_mixin.py:190} INFO - [2026-09-11T19:10:24.673+0000] {dagbag.py:588} INFO - Filling up the DagBag from /opt/airflow/dags/pipeline.py
[2026-09-11T19:10:24.699+0000] {processor.py:925} INFO - DAG(s) 'credit_risk_analysis_pipeline' retrieved from /opt/airflow/dags/pipeline.py
[2026-09-11T19:10:24.752+0000] {logging_mixin.py:190} INFO - [2026-09-11T19:10:24.751+0000] {dag.py:3239} INFO - Sync 1 DAGs
[2026-09-11T19:10:24.779+0000] {logging_mixin.py:190} INFO - [2026-09-11T19:10:24.779+0000] {dag.py:4180} INFO - Setting next_dagrun for credit_risk_analysis_pipeline to None, run_after=None
[2026-09-11T19:10:24.817+0000] {processor.py:208} INFO - Processing /opt/airflow/dags/pipeline.py took 0.162 seconds
[2026-09-11T19:10:55.195+0000] {processor.py:186} INFO - Started process (PID=315) to work on /opt/airflow/dags/pipeline.py
[2026-09-11T19:10:55.198+0000] {processor.py:914} INFO - Processing file /opt/airflow/dags/pipeline.py for tasks to queue
[2026-09-11T19:10:55.204+0000] {logging_mixin.py:190} INFO - [2026-09-11T19:10:55.203+0000] {dagbag.py:588} INFO - Filling up the DagBag from /opt/airflow/dags/pipeline.py
[2026-09-11T19:10:55.236+0000] {processor.py:925} INFO - DAG(s) 'credit_risk_analysis_pipeline' retrieved from /opt/airflow/dags/pipeline.py
[2026-09-11T19:10:55.294+0000] {logging_mixin.py:190} INFO - [2026-09-11T19:10:55.294+0000] {dag.py:3239} INFO - Sync 1 DAGs
[2026-09-11T19:10:55.328+0000] {logging_mixin.py:190} INFO - [2026-09-11T19:10:55.328+0000] {dag.py:4180} INFO - Setting next_dagrun for credit_risk_analysis_pipeline to None, run_after=None
[2026-09-11T19:10:55.371+0000] {processor.py:208} INFO - Processing /opt/airflow/dags/pipeline.py took 0.186 seconds
[2026-09-11T19:11:25.575+0000] {processor.py:186} INFO - Started process (PID=316) to work on /opt/airflow/dags/pipeline.py
[2026-09-11T19:11:25.578+0000] {processor.py:914} INFO - Processing file /opt/airflow/dags/pipeline.py for tasks to queue
[2026-09-11T19:11:25.586+0000] {logging_mixin.py:190} INFO - [2026-09-11T19:11:25.585+0000] {dagbag.py:588} INFO - Filling up the DagBag from /opt/airflow/dags/pipeline.py
[2026-09-11T19:11:25.622+0000] {processor.py:925} INFO - DAG(s) 'credit_risk_analysis_pipeline' retrieved from /opt/airflow/dags/pipeline.py
[2026-09-11T19:11:25.682+0000] {logging_mixin.py:190} INFO - [2026-09-11T19:11:25.682+0000] {dag.py:3239} INFO - Sync 1 DAGs
[2026-09-11T19:11:25.723+0000] {logging_mixin.py:190} INFO - [2026-09-11T19:11:25.723+0000] {dag.py:4180} INFO - Setting next_dagrun for credit_risk_analysis_pipeline to None, run_after=None
[2026-09-11T19:11:25.763+0000] {processor.py:208} INFO - Processing /opt/airflow/dags/pipeline.py took 0.205 seconds
[2026-09-11T19:11:56.101+0000] {processor.py:186} INFO - Started process (PID=317) to work on /opt/airflow/dags/pipeline.py
[2026-09-11T19:11:56.103+0000] {processor.py:914} INFO - Processing file /opt/airflow/dags/pipeline.py for tasks to queue
[2026-09-11T19:11:56.108+0000] {logging_mixin.py:190} INFO - [2026-09-11T19:11:56.108+0000] {dagbag.py:588} INFO - Filling up the DagBag from /opt/airflow/dags/pipeline.py
[2026-09-11T19:11:56.153+0000] {processor.py:925} INFO - DAG(s) 'credit_risk_analysis_pipeline' retrieved from /opt/airflow/dags/pipeline.py
[2026-09-11T19:11:56.204+0000] {logging_mixin.py:190} INFO - [2026-09-11T19:11:56.204+0000] {dag.py:3239} INFO - Sync 1 DAGs
[2026-09-11T19:11:56.243+0000] {logging_mixin.py:190} INFO - [2026-09-11T19:11:56.243+0000] {dag.py:4180} INFO - Setting next_dagrun for credit_risk_analysis_pipeline to None, run_after=None
[2026-09-11T19:11:56.300+0000] {processor.py:208} INFO - Processing /opt/airflow/dags/pipeline.py took 0.211 seconds
[2026-09-11T19:12:26.494+0000] {processor.py:186} INFO - Started process (PID=318) to work on /opt/airflow/dags/pipeline.py
[2026-09-11T19:12:26.496+0000] {processor.py:914} INFO - Processing file /opt/airflow/dags/pipeline.py for tasks to queue
[2026-09-11T19:12:26.501+0000] {logging_mixin.py:190} INFO - [2026-09-11T19:12:26.501+0000] {dagbag.py:588} INFO - Filling up the DagBag from /opt/airflow/dags/pipeline.py
[2026-09-11T19:12:26.530+0000] {processor.py:925} INFO - DAG(s) 'credit_risk_analysis_pipeline' retrieved from /opt/airflow/dags/pipeline.py
[2026-09-11T19:12:26.580+0000] {logging_mixin.py:190} INFO - [2026-09-11T19:12:26.580+0000] {dag.py:3239} INFO - Sync 1 DAGs
[2026-09-11T19:12:26.608+0000] {logging_mixin.py:190} INFO - [2026-09-11T19:12:26.608+0000] {dag.py:4180} INFO - Setting next_dagrun for credit_risk_analysis_pipeline to None, run_after=None
[2026-09-11T19:12:26.645+0000] {processor.py:208} INFO - Processing /opt/airflow/dags/pipeline.py took 0.164 seconds
[2026-09-11T19:12:56.851+0000] {processor.py:186} INFO - Started process (PID=319) to work on /opt/airflow/dags/pipeline.py
[2026-09-11T19:12:56.854+0000] {processor.py:914} INFO - Processing file /opt/airflow/dags/pipeline.py for tasks to queue
[2026-09-11T19:12:56.861+0000] {logging_mixin.py:190} INFO - [2026-09-11T19:12:56.860+0000] {dagbag.py:588} INFO - Filling up the DagBag from /opt/airflow/dags/pipeline.py
[2026-09-11T19:12:56.899+0000] {processor.py:925} INFO - DAG(s) 'credit_risk_analysis_pipeline' retrieved from /opt/airflow/dags/pipeline.py
[2026-09-11T19:12:56.963+0000] {logging_mixin.py:190} INFO - [2026-09-11T19:12:56.962+0000] {dag.py:3239} INFO - Sync 1 DAGs
[2026-09-11T19:12:56.995+0000] {logging_mixin.py:190} INFO - [2026-09-11T19:12:56.995+0000] {dag.py:4180} INFO - Setting next_dagrun for credit_risk_analysis_pipeline to None, run_after=None
[2026-09-11T19:12:57.049+0000] {processor.py:208} INFO - Processing /opt/airflow/dags/pipeline.py took 0.213 seconds
[2026-09-11T19:13:27.358+0000] {processor.py:186} INFO - Started process (PID=320) to work on /opt/airflow/dags/pipeline.py
[2026-09-11T19:13:27.361+0000] {processor.py:914} INFO - Processing file /opt/airflow/dags/pipeline.py for tasks to queue
[2026-09-11T19:13:27.367+0000] {logging_mixin.py:190} INFO - [2026-09-11T19:13:27.366+0000] {dagbag.py:588} INFO - Filling up the DagBag from /opt/airflow/dags/pipeline.py
[2026-09-11T19:13:27.396+0000] {processor.py:925} INFO - DAG(s) 'credit_risk_analysis_pipeline' retrieved from /opt/airflow/dags/pipeline.py
[2026-09-11T19:13:27.449+0000] {logging_mixin.py:190} INFO - [2026-09-11T19:13:27.449+0000] {dag.py:3239} INFO - Sync 1 DAGs
[2026-09-11T19:13:27.479+0000] {logging_mixin.py:190} INFO - [2026-09-11T19:13:27.478+0000] {dag.py:4180} INFO - Setting next_dagrun for credit_risk_analysis_pipeline to None, run_after=None
[2026-09-11T19:13:27.529+0000] {processor.py:208} INFO - Processing /opt/airflow/dags/pipeline.py took 0.187 seconds
[2026-09-11T19:13:57.869+0000] {processor.py:186} INFO - Started process (PID=321) to work on /opt/airflow/dags/pipeline.py
[2026-09-11T19:13:57.872+0000] {processor.py:914} INFO - Processing file /opt/airflow/dags/pipeline.py for tasks to queue
[2026-09-11T19:13:57.876+0000] {logging_mixin.py:190} INFO - [2026-09-11T19:13:57.876+0000] {dagbag.py:588} INFO - Filling up the DagBag from /opt/airflow/dags/pipeline.py
[2026-09-11T19:13:57.908+0000] {processor.py:925} INFO - DAG(s) 'credit_risk_analysis_pipeline' retrieved from /opt/airflow/dags/pipeline.py
[2026-09-11T19:13:57.962+0000] {logging_mixin.py:190} INFO - [2026-09-11T19:13:57.962+0000] {dag.py:3239} INFO - Sync 1 DAGs
[2026-09-11T19:13:57.994+0000] {logging_mixin.py:190} INFO - [2026-09-11T19:13:57.994+0000] {dag.py:4180} INFO - Setting next_dagrun for credit_risk_analysis_pipeline to None, run_after=None
[2026-09-11T19:13:58.038+0000] {processor.py:208} INFO - Processing /opt/airflow/dags/pipeline.py took 0.180 seconds
[2026-09-11T19:14:28.337+0000] {processor.py:186} INFO - Started process (PID=322) to work on /opt/airflow/dags/pipeline.py
[2026-09-11T19:14:28.340+0000] {processor.py:914} INFO - Processing file /opt/airflow/dags/pipeline.py for tasks to queue
[2026-09-11T19:14:28.346+0000] {logging_mixin.py:190} INFO - [2026-09-11T19:14:28.345+0000] {dagbag.py:588} INFO - Filling up the DagBag from /opt/airflow/dags/pipeline.py
[2026-09-11T19:14:28.379+0000] {processor.py:925} INFO - DAG(s) 'credit_risk_analysis_pipeline' retrieved from /opt/airflow/dags/pipeline.py
[2026-09-11T19:14:28.440+0000] {logging_mixin.py:190} INFO - [2026-09-11T19:14:28.439+0000] {dag.py:3239} INFO - Sync 1 DAGs
[2026-09-11T19:14:28.481+0000] {logging_mixin.py:190} INFO - [2026-09-11T19:14:28.480+0000] {dag.py:4180} INFO - Setting next_dagrun for credit_risk_analysis_pipeline to None, run_after=None
[2026-09-11T19:14:28.539+0000] {processor.py:208} INFO - Processing /opt/airflow/dags/pipeline.py took 0.215 seconds
[2026-09-11T19:14:58.891+0000] {processor.py:186} INFO - Started process (PID=323) to work on /opt/airflow/dags/pipeline.py
[2026-09-11T19:14:58.894+0000] {processor.py:914} INFO - Processing file /opt/airflow/dags/pipeline.py for tasks to queue
[2026-09-11T19:14:58.902+0000] {logging_mixin.py:190} INFO - [2026-09-11T19:14:58.901+0000] {dagbag.py:588} INFO - Filling up the DagBag from /opt/airflow/dags/pipeline.py
[2026-09-11T19:14:58.947+0000] {processor.py:925} INFO - DAG(s) 'credit_risk_analysis_pipeline' retrieved from /opt/airflow/dags/pipeline.py
[2026-09-11T19:14:59.003+0000] {logging_mixin.py:190} INFO - [2026-09-11T19:14:59.003+0000] {dag.py:3239} INFO - Sync 1 DAGs
[2026-09-11T19:14:59.038+0000] {logging_mixin.py:190} INFO - [2026-09-11T19:14:59.038+0000] {dag.py:4180} INFO - Setting next_dagrun for credit_risk_analysis_pipeline to None, run_after=None
[2026-09-11T19:14:59.093+0000] {processor.py:208} INFO - Processing /opt/airflow/dags/pipeline.py took 0.215 seconds
[2026-09-11T19:15:29.321+0000] {processor.py:186} INFO - Started process (PID=324) to work on /opt/airflow/dags/pipeline.py
[2026-09-11T19:15:29.326+0000] {processor.py:914} INFO - Processing file /opt/airflow/dags/pipeline.py for tasks to queue
[2026-09-11T19:15:29.333+0000] {logging_mixin.py:190} INFO - [2026-09-11T19:15:29.332+0000] {dagbag.py:588} INFO - Filling up the DagBag from /opt/airflow/dags/pipeline.py
[2026-09-11T19:15:29.367+0000] {processor.py:925} INFO - DAG(s) 'credit_risk_analysis_pipeline' retrieved from /opt/airflow/dags/pipeline.py
[2026-09-11T19:15:29.445+0000] {logging_mixin.py:190} INFO - [2026-09-11T19:15:29.444+0000] {dag.py:3239} INFO - Sync 1 DAGs
[2026-09-11T19:15:29.492+0000] {logging_mixin.py:190} INFO - [2026-09-11T19:15:29.492+0000] {dag.py:4180} INFO - Setting next_dagrun for credit_risk_analysis_pipeline to None, run_after=None
[2026-09-11T19:15:29.548+0000] {processor.py:208} INFO - Processing /opt/airflow/dags/pipeline.py took 0.245 seconds
[2026-09-11T19:15:59.817+0000] {processor.py:186} INFO - Started process (PID=325) to work on /opt/airflow/dags/pipeline.py
[2026-09-11T19:15:59.820+0000] {processor.py:914} INFO - Processing file /opt/airflow/dags/pipeline.py for tasks to queue
[2026-09-11T19:15:59.826+0000] {logging_mixin.py:190} INFO - [2026-09-11T19:15:59.825+0000] {dagbag.py:588} INFO - Filling up the DagBag from /opt/airflow/dags/pipeline.py
[2026-09-11T19:15:59.869+0000] {processor.py:925} INFO - DAG(s) 'credit_risk_analysis_pipeline' retrieved from /opt/airflow/dags/pipeline.py
[2026-09-11T19:15:59.922+0000] {logging_mixin.py:190} INFO - [2026-09-11T19:15:59.921+0000] {dag.py:3239} INFO - Sync 1 DAGs
[2026-09-11T19:15:59.952+0000] {logging_mixin.py:190} INFO - [2026-09-11T19:15:59.952+0000] {dag.py:4180} INFO - Setting next_dagrun for credit_risk_analysis_pipeline to None, run_after=None
[2026-09-11T19:15:59.989+0000] {processor.py:208} INFO - Processing /opt/airflow/dags/pipeline.py took 0.185 seconds
[2026-09-11T19:16:30.269+0000] {processor.py:186} INFO - Started process (PID=326) to work on /opt/airflow/dags/pipeline.py
[2026-09-11T19:16:30.272+0000] {processor.py:914} INFO - Processing file /opt/airflow/dags/pipeline.py for tasks to queue
[2026-09-11T19:16:30.277+0000] {logging_mixin.py:190} INFO - [2026-09-11T19:16:30.276+0000] {dagbag.py:588} INFO - Filling up the DagBag from /opt/airflow/dags/pipeline.py
[2026-09-11T19:16:30.303+0000] {processor.py:925} INFO - DAG(s) 'credit_risk_analysis_pipeline' retrieved from /opt/airflow/dags/pipeline.py
[2026-09-11T19:16:30.361+0000] {logging_mixin.py:190} INFO - [2026-09-11T19:16:30.360+0000] {dag.py:3239} INFO - Sync 1 DAGs
[2026-09-11T19:16:30.391+0000] {logging_mixin.py:190} INFO - [2026-09-11T19:16:30.390+0000] {dag.py:4180} INFO - Setting next_dagrun for credit_risk_analysis_pipeline to None, run_after=None
[2026-09-11T19:16:30.430+0000] {processor.py:208} INFO - Processing /opt/airflow/dags/pipeline.py took 0.175 seconds
[2026-09-11T19:17:00.759+0000] {processor.py:186} INFO - Started process (PID=327) to work on /opt/airflow/dags/pipeline.py
[2026-09-11T19:17:00.761+0000] {processor.py:914} INFO - Processing file /opt/airflow/dags/pipeline.py for tasks to queue
[2026-09-11T19:17:00.768+0000] {logging_mixin.py:190} INFO - [2026-09-11T19:17:00.767+0000] {dagbag.py:588} INFO - Filling up the DagBag from /opt/airflow/dags/pipeline.py
[2026-09-11T19:17:00.835+0000] {processor.py:925} INFO - DAG(s) 'credit_risk_analysis_pipeline' retrieved from /opt/airflow/dags/pipeline.py
[2026-09-11T19:17:00.902+0000] {logging_mixin.py:190} INFO - [2026-09-11T19:17:00.901+0000] {dag.py:3239} INFO - Sync 1 DAGs
[2026-09-11T19:17:00.942+0000] {logging_mixin.py:190} INFO - [2026-09-11T19:17:00.942+0000] {dag.py:4180} INFO - Setting next_dagrun for credit_risk_analysis_pipeline to None, run_after=None
[2026-09-11T19:17:00.998+0000] {processor.py:208} INFO - Processing /opt/airflow/dags/pipeline.py took 0.252 seconds
[2026-09-11T19:17:31.163+0000] {processor.py:186} INFO - Started process (PID=328) to work on /opt/airflow/dags/pipeline.py
[2026-09-11T19:17:31.166+0000] {processor.py:914} INFO - Processing file /opt/airflow/dags/pipeline.py for tasks to queue
[2026-09-11T19:17:31.171+0000] {logging_mixin.py:190} INFO - [2026-09-11T19:17:31.171+0000] {dagbag.py:588} INFO - Filling up the DagBag from /opt/airflow/dags/pipeline.py
[2026-09-11T19:17:31.208+0000] {processor.py:925} INFO - DAG(s) 'credit_risk_analysis_pipeline' retrieved from /opt/airflow/dags/pipeline.py
[2026-09-11T19:17:31.263+0000] {logging_mixin.py:190} INFO - [2026-09-11T19:17:31.263+0000] {dag.py:3239} INFO - Sync 1 DAGs
[2026-09-11T19:17:31.293+0000] {logging_mixin.py:190} INFO - [2026-09-11T19:17:31.292+0000] {dag.py:4180} INFO - Setting next_dagrun for credit_risk_analysis_pipeline to None, run_after=None
[2026-09-11T19:17:31.340+0000] {processor.py:208} INFO - Processing /opt/airflow/dags/pipeline.py took 0.190 seconds
[2026-09-11T19:18:01.725+0000] {processor.py:186} INFO - Started process (PID=329) to work on /opt/airflow/dags/pipeline.py
[2026-09-11T19:18:01.727+0000] {processor.py:914} INFO - Processing file /opt/airflow/dags/pipeline.py for tasks to queue
[2026-09-11T19:18:01.732+0000] {logging_mixin.py:190} INFO - [2026-09-11T19:18:01.732+0000] {dagbag.py:588} INFO - Filling up the DagBag from /opt/airflow/dags/pipeline.py
[2026-09-11T19:18:01.764+0000] {processor.py:925} INFO - DAG(s) 'credit_risk_analysis_pipeline' retrieved from /opt/airflow/dags/pipeline.py
[2026-09-11T19:18:01.824+0000] {logging_mixin.py:190} INFO - [2026-09-11T19:18:01.823+0000] {dag.py:3239} INFO - Sync 1 DAGs
[2026-09-11T19:18:01.866+0000] {logging_mixin.py:190} INFO - [2026-09-11T19:18:01.865+0000] {dag.py:4180} INFO - Setting next_dagrun for credit_risk_analysis_pipeline to None, run_after=None
[2026-09-11T19:18:01.912+0000] {processor.py:208} INFO - Processing /opt/airflow/dags/pipeline.py took 0.199 seconds
[2026-09-11T19:18:32.126+0000] {processor.py:186} INFO - Started process (PID=330) to work on /opt/airflow/dags/pipeline.py
[2026-09-11T19:18:32.129+0000] {processor.py:914} INFO - Processing file /opt/airflow/dags/pipeline.py for tasks to queue
[2026-09-11T19:18:32.134+0000] {logging_mixin.py:190} INFO - [2026-09-11T19:18:32.133+0000] {dagbag.py:588} INFO - Filling up the DagBag from /opt/airflow/dags/pipeline.py
[2026-09-11T19:18:32.172+0000] {processor.py:925} INFO - DAG(s) 'credit_risk_analysis_pipeline' retrieved from /opt/airflow/dags/pipeline.py
[2026-09-11T19:18:32.229+0000] {logging_mixin.py:190} INFO - [2026-09-11T19:18:32.229+0000] {dag.py:3239} INFO - Sync 1 DAGs
[2026-09-11T19:18:32.264+0000] {logging_mixin.py:190} INFO - [2026-09-11T19:18:32.263+0000] {dag.py:4180} INFO - Setting next_dagrun for credit_risk_analysis_pipeline to None, run_after=None
[2026-09-11T19:18:32.318+0000] {processor.py:208} INFO - Processing /opt/airflow/dags/pipeline.py took 0.209 seconds
[2026-09-11T19:19:02.662+0000] {processor.py:186} INFO - Started process (PID=331) to work on /opt/airflow/dags/pipeline.py
[2026-09-11T19:19:02.665+0000] {processor.py:914} INFO - Processing file /opt/airflow/dags/pipeline.py for tasks to queue
[2026-09-11T19:19:02.672+0000] {logging_mixin.py:190} INFO - [2026-09-11T19:19:02.671+0000] {dagbag.py:588} INFO - Filling up the DagBag from /opt/airflow/dags/pipeline.py
[2026-09-11T19:19:02.715+0000] {processor.py:925} INFO - DAG(s) 'credit_risk_analysis_pipeline' retrieved from /opt/airflow/dags/pipeline.py
[2026-09-11T19:19:02.778+0000] {logging_mixin.py:190} INFO - [2026-09-11T19:19:02.778+0000] {dag.py:3239} INFO - Sync 1 DAGs
[2026-09-11T19:19:02.812+0000] {logging_mixin.py:190} INFO - [2026-09-11T19:19:02.812+0000] {dag.py:4180} INFO - Setting next_dagrun for credit_risk_analysis_pipeline to None, run_after=None
[2026-09-11T19:19:02.855+0000] {processor.py:208} INFO - Processing /opt/airflow/dags/pipeline.py took 0.209 seconds
[2026-09-11T19:19:33.153+0000] {processor.py:186} INFO - Started process (PID=332) to work on /opt/airflow/dags/pipeline.py
[2026-09-11T19:19:33.156+0000] {processor.py:914} INFO - Processing file /opt/airflow/dags/pipeline.py for tasks to queue
[2026-09-11T19:19:33.162+0000] {logging_mixin.py:190} INFO - [2026-09-11T19:19:33.161+0000] {dagbag.py:588} INFO - Filling up the DagBag from /opt/airflow/dags/pipeline.py
[2026-09-11T19:19:33.199+0000] {processor.py:925} INFO - DAG(s) 'credit_risk_analysis_pipeline' retrieved from /opt/airflow/dags/pipeline.py
[2026-09-11T19:19:33.255+0000] {logging_mixin.py:190} INFO - [2026-09-11T19:19:33.254+0000] {dag.py:3239} INFO - Sync 1 DAGs
[2026-09-11T19:19:33.285+0000] {logging_mixin.py:190} INFO - [2026-09-11T19:19:33.285+0000] {dag.py:4180} INFO - Setting next_dagrun for credit_risk_analysis_pipeline to None, run_after=None
[2026-09-11T19:19:33.324+0000] {processor.py:208} INFO - Processing /opt/airflow/dags/pipeline.py took 0.186 seconds
[2026-09-11T19:20:03.605+0000] {processor.py:186} INFO - Started process (PID=333) to work on /opt/airflow/dags/pipeline.py
[2026-09-11T19:20:03.608+0000] {processor.py:914} INFO - Processing file /opt/airflow/dags/pipeline.py for tasks to queue
[2026-09-11T19:20:03.614+0000] {logging_mixin.py:190} INFO - [2026-09-11T19:20:03.613+0000] {dagbag.py:588} INFO - Filling up the DagBag from /opt/airflow/dags/pipeline.py
[2026-09-11T19:20:03.659+0000] {processor.py:925} INFO - DAG(s) 'credit_risk_analysis_pipeline' retrieved from /opt/airflow/dags/pipeline.py
[2026-09-11T19:20:03.714+0000] {logging_mixin.py:190} INFO - [2026-09-11T19:20:03.714+0000] {dag.py:3239} INFO - Sync 1 DAGs
[2026-09-11T19:20:03.745+0000] {logging_mixin.py:190} INFO - [2026-09-11T19:20:03.744+0000] {dag.py:4180} INFO - Setting next_dagrun for credit_risk_analysis_pipeline to None, run_after=None
[2026-09-11T19:20:03.803+0000] {processor.py:208} INFO - Processing /opt/airflow/dags/pipeline.py took 0.210 seconds
[2026-09-11T19:20:34.085+0000] {processor.py:186} INFO - Started process (PID=334) to work on /opt/airflow/dags/pipeline.py
[2026-09-11T19:20:34.088+0000] {processor.py:914} INFO - Processing file /opt/airflow/dags/pipeline.py for tasks to queue
[2026-09-11T19:20:34.094+0000] {logging_mixin.py:190} INFO - [2026-09-11T19:20:34.093+0000] {dagbag.py:588} INFO - Filling up the DagBag from /opt/airflow/dags/pipeline.py
[2026-09-11T19:20:34.130+0000] {processor.py:925} INFO - DAG(s) 'credit_risk_analysis_pipeline' retrieved from /opt/airflow/dags/pipeline.py
[2026-09-11T19:20:34.186+0000] {logging_mixin.py:190} INFO - [2026-09-11T19:20:34.185+0000] {dag.py:3239} INFO - Sync 1 DAGs
[2026-09-11T19:20:34.216+0000] {logging_mixin.py:190} INFO - [2026-09-11T19:20:34.215+0000] {dag.py:4180} INFO - Setting next_dagrun for credit_risk_analysis_pipeline to None, run_after=None
[2026-09-11T19:20:34.259+0000] {processor.py:208} INFO - Processing /opt/airflow/dags/pipeline.py took 0.185 seconds
[2026-09-11T19:21:04.546+0000] {processor.py:186} INFO - Started process (PID=335) to work on /opt/airflow/dags/pipeline.py
[2026-09-11T19:21:04.549+0000] {processor.py:914} INFO - Processing file /opt/airflow/dags/pipeline.py for tasks to queue
[2026-09-11T19:21:04.555+0000] {logging_mixin.py:190} INFO - [2026-09-11T19:21:04.554+0000] {dagbag.py:588} INFO - Filling up the DagBag from /opt/airflow/dags/pipeline.py
[2026-09-11T19:21:04.589+0000] {processor.py:925} INFO - DAG(s) 'credit_risk_analysis_pipeline' retrieved from /opt/airflow/dags/pipeline.py
[2026-09-11T19:21:04.647+0000] {logging_mixin.py:190} INFO - [2026-09-11T19:21:04.646+0000] {dag.py:3239} INFO - Sync 1 DAGs
[2026-09-11T19:21:04.678+0000] {logging_mixin.py:190} INFO - [2026-09-11T19:21:04.678+0000] {dag.py:4180} INFO - Setting next_dagrun for credit_risk_analysis_pipeline to None, run_after=None
[2026-09-11T19:21:04.719+0000] {processor.py:208} INFO - Processing /opt/airflow/dags/pipeline.py took 0.185 seconds
[2026-09-11T19:21:34.993+0000] {processor.py:186} INFO - Started process (PID=336) to work on /opt/airflow/dags/pipeline.py
[2026-09-11T19:21:34.996+0000] {processor.py:914} INFO - Processing file /opt/airflow/dags/pipeline.py for tasks to queue
[2026-09-11T19:21:35.001+0000] {logging_mixin.py:190} INFO - [2026-09-11T19:21:35.001+0000] {dagbag.py:588} INFO - Filling up the DagBag from /opt/airflow/dags/pipeline.py
[2026-09-11T19:21:35.032+0000] {processor.py:925} INFO - DAG(s) 'credit_risk_analysis_pipeline' retrieved from /opt/airflow/dags/pipeline.py
[2026-09-11T19:21:35.090+0000] {logging_mixin.py:190} INFO - [2026-09-11T19:21:35.090+0000] {dag.py:3239} INFO - Sync 1 DAGs
[2026-09-11T19:21:35.121+0000] {logging_mixin.py:190} INFO - [2026-09-11T19:21:35.121+0000] {dag.py:4180} INFO - Setting next_dagrun for credit_risk_analysis_pipeline to None, run_after=None
[2026-09-11T19:21:35.170+0000] {processor.py:208} INFO - Processing /opt/airflow/dags/pipeline.py took 0.188 seconds
[2026-09-11T19:22:05.439+0000] {processor.py:186} INFO - Started process (PID=337) to work on /opt/airflow/dags/pipeline.py
[2026-09-11T19:22:05.444+0000] {processor.py:914} INFO - Processing file /opt/airflow/dags/pipeline.py for tasks to queue
[2026-09-11T19:22:05.450+0000] {logging_mixin.py:190} INFO - [2026-09-11T19:22:05.449+0000] {dagbag.py:588} INFO - Filling up the DagBag from /opt/airflow/dags/pipeline.py
[2026-09-11T19:22:05.481+0000] {processor.py:925} INFO - DAG(s) 'credit_risk_analysis_pipeline' retrieved from /opt/airflow/dags/pipeline.py
[2026-09-11T19:22:05.538+0000] {logging_mixin.py:190} INFO - [2026-09-11T19:22:05.538+0000] {dag.py:3239} INFO - Sync 1 DAGs
[2026-09-11T19:22:05.569+0000] {logging_mixin.py:190} INFO - [2026-09-11T19:22:05.569+0000] {dag.py:4180} INFO - Setting next_dagrun for credit_risk_analysis_pipeline to None, run_after=None
[2026-09-11T19:22:05.620+0000] {processor.py:208} INFO - Processing /opt/airflow/dags/pipeline.py took 0.191 seconds
[2026-09-11T19:22:36.048+0000] {processor.py:186} INFO - Started process (PID=338) to work on /opt/airflow/dags/pipeline.py
[2026-09-11T19:22:36.050+0000] {processor.py:914} INFO - Processing file /opt/airflow/dags/pipeline.py for tasks to queue
[2026-09-11T19:22:36.056+0000] {logging_mixin.py:190} INFO - [2026-09-11T19:22:36.055+0000] {dagbag.py:588} INFO - Filling up the DagBag from /opt/airflow/dags/pipeline.py
[2026-09-11T19:22:36.087+0000] {processor.py:925} INFO - DAG(s) 'credit_risk_analysis_pipeline' retrieved from /opt/airflow/dags/pipeline.py
[2026-09-11T19:22:36.147+0000] {logging_mixin.py:190} INFO - [2026-09-11T19:22:36.146+0000] {dag.py:3239} INFO - Sync 1 DAGs
[2026-09-11T19:22:36.180+0000] {logging_mixin.py:190} INFO - [2026-09-11T19:22:36.179+0000] {dag.py:4180} INFO - Setting next_dagrun for credit_risk_analysis_pipeline to None, run_after=None
[2026-09-11T19:22:36.229+0000] {processor.py:208} INFO - Processing /opt/airflow/dags/pipeline.py took 0.191 seconds
[2026-09-11T19:23:06.404+0000] {processor.py:186} INFO - Started process (PID=339) to work on /opt/airflow/dags/pipeline.py
[2026-09-11T19:23:06.406+0000] {processor.py:914} INFO - Processing file /opt/airflow/dags/pipeline.py for tasks to queue
[2026-09-11T19:23:06.412+0000] {logging_mixin.py:190} INFO - [2026-09-11T19:23:06.411+0000] {dagbag.py:588} INFO - Filling up the DagBag from /opt/airflow/dags/pipeline.py
[2026-09-11T19:23:06.441+0000] {processor.py:925} INFO - DAG(s) 'credit_risk_analysis_pipeline' retrieved from /opt/airflow/dags/pipeline.py
[2026-09-11T19:23:06.501+0000] {logging_mixin.py:190} INFO - [2026-09-11T19:23:06.501+0000] {dag.py:3239} INFO - Sync 1 DAGs
[2026-09-11T19:23:06.530+0000] {logging_mixin.py:190} INFO - [2026-09-11T19:23:06.529+0000] {dag.py:4180} INFO - Setting next_dagrun for credit_risk_analysis_pipeline to None, run_after=None
[2026-09-11T19:23:06.568+0000] {processor.py:208} INFO - Processing /opt/airflow/dags/pipeline.py took 0.176 seconds
[2026-09-11T19:23:36.735+0000] {processor.py:186} INFO - Started process (PID=340) to work on /opt/airflow/dags/pipeline.py
[2026-09-11T19:23:36.737+0000] {processor.py:914} INFO - Processing file /opt/airflow/dags/pipeline.py for tasks to queue
[2026-09-11T19:23:36.744+0000] {logging_mixin.py:190} INFO - [2026-09-11T19:23:36.743+0000] {dagbag.py:588} INFO - Filling up the DagBag from /opt/airflow/dags/pipeline.py
[2026-09-11T19:23:36.773+0000] {processor.py:925} INFO - DAG(s) 'credit_risk_analysis_pipeline' retrieved from /opt/airflow/dags/pipeline.py
[2026-09-11T19:23:36.833+0000] {logging_mixin.py:190} INFO - [2026-09-11T19:23:36.832+0000] {dag.py:3239} INFO - Sync 1 DAGs
[2026-09-11T19:23:36.860+0000] {logging_mixin.py:190} INFO - [2026-09-11T19:23:36.860+0000] {dag.py:4180} INFO - Setting next_dagrun for credit_risk_analysis_pipeline to None, run_after=None
[2026-09-11T19:23:36.897+0000] {processor.py:208} INFO - Processing /opt/airflow/dags/pipeline.py took 0.174 seconds
[2026-09-11T19:24:07.104+0000] {processor.py:186} INFO - Started process (PID=341) to work on /opt/airflow/dags/pipeline.py
[2026-09-11T19:24:07.106+0000] {processor.py:914} INFO - Processing file /opt/airflow/dags/pipeline.py for tasks to queue
[2026-09-11T19:24:07.113+0000] {logging_mixin.py:190} INFO - [2026-09-11T19:24:07.112+0000] {dagbag.py:588} INFO - Filling up the DagBag from /opt/airflow/dags/pipeline.py
[2026-09-11T19:24:07.149+0000] {processor.py:925} INFO - DAG(s) 'credit_risk_analysis_pipeline' retrieved from /opt/airflow/dags/pipeline.py
[2026-09-11T19:24:07.202+0000] {logging_mixin.py:190} INFO - [2026-09-11T19:24:07.202+0000] {dag.py:3239} INFO - Sync 1 DAGs
[2026-09-11T19:24:07.233+0000] {logging_mixin.py:190} INFO - [2026-09-11T19:24:07.233+0000] {dag.py:4180} INFO - Setting next_dagrun for credit_risk_analysis_pipeline to None, run_after=None
[2026-09-11T19:24:07.277+0000] {processor.py:208} INFO - Processing /opt/airflow/dags/pipeline.py took 0.185 seconds
[2026-09-11T19:24:37.677+0000] {processor.py:186} INFO - Started process (PID=342) to work on /opt/airflow/dags/pipeline.py
[2026-09-11T19:24:37.680+0000] {processor.py:914} INFO - Processing file /opt/airflow/dags/pipeline.py for tasks to queue
[2026-09-11T19:24:37.686+0000] {logging_mixin.py:190} INFO - [2026-09-11T19:24:37.685+0000] {dagbag.py:588} INFO - Filling up the DagBag from /opt/airflow/dags/pipeline.py
[2026-09-11T19:24:37.724+0000] {processor.py:925} INFO - DAG(s) 'credit_risk_analysis_pipeline' retrieved from /opt/airflow/dags/pipeline.py
[2026-09-11T19:24:37.786+0000] {logging_mixin.py:190} INFO - [2026-09-11T19:24:37.785+0000] {dag.py:3239} INFO - Sync 1 DAGs
[2026-09-11T19:24:37.831+0000] {logging_mixin.py:190} INFO - [2026-09-11T19:24:37.830+0000] {dag.py:4180} INFO - Setting next_dagrun for credit_risk_analysis_pipeline to None, run_after=None
[2026-09-11T19:24:37.887+0000] {processor.py:208} INFO - Processing /opt/airflow/dags/pipeline.py took 0.222 seconds
[2026-09-11T19:25:08.194+0000] {processor.py:186} INFO - Started process (PID=343) to work on /opt/airflow/dags/pipeline.py
[2026-09-11T19:25:08.197+0000] {processor.py:914} INFO - Processing file /opt/airflow/dags/pipeline.py for tasks to queue
[2026-09-11T19:25:08.205+0000] {logging_mixin.py:190} INFO - [2026-09-11T19:25:08.204+0000] {dagbag.py:588} INFO - Filling up the DagBag from /opt/airflow/dags/pipeline.py
[2026-09-11T19:25:08.241+0000] {processor.py:925} INFO - DAG(s) 'credit_risk_analysis_pipeline' retrieved from /opt/airflow/dags/pipeline.py
[2026-09-11T19:25:08.297+0000] {logging_mixin.py:190} INFO - [2026-09-11T19:25:08.296+0000] {dag.py:3239} INFO - Sync 1 DAGs
[2026-09-11T19:25:08.329+0000] {logging_mixin.py:190} INFO - [2026-09-11T19:25:08.328+0000] {dag.py:4180} INFO - Setting next_dagrun for credit_risk_analysis_pipeline to None, run_after=None
[2026-09-11T19:25:08.369+0000] {processor.py:208} INFO - Processing /opt/airflow/dags/pipeline.py took 0.190 seconds
[2026-09-11T19:25:38.657+0000] {processor.py:186} INFO - Started process (PID=344) to work on /opt/airflow/dags/pipeline.py
[2026-09-11T19:25:38.660+0000] {processor.py:914} INFO - Processing file /opt/airflow/dags/pipeline.py for tasks to queue
[2026-09-11T19:25:38.667+0000] {logging_mixin.py:190} INFO - [2026-09-11T19:25:38.666+0000] {dagbag.py:588} INFO - Filling up the DagBag from /opt/airflow/dags/pipeline.py
[2026-09-11T19:25:38.708+0000] {processor.py:925} INFO - DAG(s) 'credit_risk_analysis_pipeline' retrieved from /opt/airflow/dags/pipeline.py
[2026-09-11T19:25:38.768+0000] {logging_mixin.py:190} INFO - [2026-09-11T19:25:38.768+0000] {dag.py:3239} INFO - Sync 1 DAGs
[2026-09-11T19:25:38.799+0000] {logging_mixin.py:190} INFO - [2026-09-11T19:25:38.799+0000] {dag.py:4180} INFO - Setting next_dagrun for credit_risk_analysis_pipeline to None, run_after=None
[2026-09-11T19:25:38.851+0000] {processor.py:208} INFO - Processing /opt/airflow/dags/pipeline.py took 0.212 seconds
[2026-09-11T19:26:09.169+0000] {processor.py:186} INFO - Started process (PID=345) to work on /opt/airflow/dags/pipeline.py
[2026-09-11T19:26:09.173+0000] {processor.py:914} INFO - Processing file /opt/airflow/dags/pipeline.py for tasks to queue
[2026-09-11T19:26:09.181+0000] {logging_mixin.py:190} INFO - [2026-09-11T19:26:09.180+0000] {dagbag.py:588} INFO - Filling up the DagBag from /opt/airflow/dags/pipeline.py
[2026-09-11T19:26:09.212+0000] {processor.py:925} INFO - DAG(s) 'credit_risk_analysis_pipeline' retrieved from /opt/airflow/dags/pipeline.py
[2026-09-11T19:26:09.275+0000] {logging_mixin.py:190} INFO - [2026-09-11T19:26:09.274+0000] {dag.py:3239} INFO - Sync 1 DAGs
[2026-09-11T19:26:09.310+0000] {logging_mixin.py:190} INFO - [2026-09-11T19:26:09.310+0000] {dag.py:4180} INFO - Setting next_dagrun for credit_risk_analysis_pipeline to None, run_after=None
[2026-09-11T19:26:09.364+0000] {processor.py:208} INFO - Processing /opt/airflow/dags/pipeline.py took 0.222 seconds
[2026-09-11T19:26:39.654+0000] {processor.py:186} INFO - Started process (PID=346) to work on /opt/airflow/dags/pipeline.py
[2026-09-11T19:26:39.656+0000] {processor.py:914} INFO - Processing file /opt/airflow/dags/pipeline.py for tasks to queue
[2026-09-11T19:26:39.663+0000] {logging_mixin.py:190} INFO - [2026-09-11T19:26:39.662+0000] {dagbag.py:588} INFO - Filling up the DagBag from /opt/airflow/dags/pipeline.py
[2026-09-11T19:26:39.697+0000] {processor.py:925} INFO - DAG(s) 'credit_risk_analysis_pipeline' retrieved from /opt/airflow/dags/pipeline.py
[2026-09-11T19:26:39.756+0000] {logging_mixin.py:190} INFO - [2026-09-11T19:26:39.756+0000] {dag.py:3239} INFO - Sync 1 DAGs
[2026-09-11T19:26:39.798+0000] {logging_mixin.py:190} INFO - [2026-09-11T19:26:39.798+0000] {dag.py:4180} INFO - Setting next_dagrun for credit_risk_analysis_pipeline to None, run_after=None
[2026-09-11T19:26:39.850+0000] {processor.py:208} INFO - Processing /opt/airflow/dags/pipeline.py took 0.211 seconds
[2026-09-11T19:27:10.117+0000] {processor.py:186} INFO - Started process (PID=347) to work on /opt/airflow/dags/pipeline.py
[2026-09-11T19:27:10.121+0000] {processor.py:914} INFO - Processing file /opt/airflow/dags/pipeline.py for tasks to queue
[2026-09-11T19:27:10.130+0000] {logging_mixin.py:190} INFO - [2026-09-11T19:27:10.129+0000] {dagbag.py:588} INFO - Filling up the DagBag from /opt/airflow/dags/pipeline.py
[2026-09-11T19:27:10.175+0000] {processor.py:925} INFO - DAG(s) 'credit_risk_analysis_pipeline' retrieved from /opt/airflow/dags/pipeline.py
[2026-09-11T19:27:10.241+0000] {logging_mixin.py:190} INFO - [2026-09-11T19:27:10.240+0000] {dag.py:3239} INFO - Sync 1 DAGs
[2026-09-11T19:27:10.279+0000] {logging_mixin.py:190} INFO - [2026-09-11T19:27:10.279+0000] {dag.py:4180} INFO - Setting next_dagrun for credit_risk_analysis_pipeline to None, run_after=None
[2026-09-11T19:27:10.351+0000] {processor.py:208} INFO - Processing /opt/airflow/dags/pipeline.py took 0.248 seconds
[2026-09-11T19:27:40.593+0000] {processor.py:186} INFO - Started process (PID=348) to work on /opt/airflow/dags/pipeline.py
[2026-09-11T19:27:40.596+0000] {processor.py:914} INFO - Processing file /opt/airflow/dags/pipeline.py for tasks to queue
[2026-09-11T19:27:40.602+0000] {logging_mixin.py:190} INFO - [2026-09-11T19:27:40.602+0000] {dagbag.py:588} INFO - Filling up the DagBag from /opt/airflow/dags/pipeline.py
[2026-09-11T19:27:40.636+0000] {processor.py:925} INFO - DAG(s) 'credit_risk_analysis_pipeline' retrieved from /opt/airflow/dags/pipeline.py
[2026-09-11T19:27:40.701+0000] {logging_mixin.py:190} INFO - [2026-09-11T19:27:40.700+0000] {dag.py:3239} INFO - Sync 1 DAGs
[2026-09-11T19:27:40.735+0000] {logging_mixin.py:190} INFO - [2026-09-11T19:27:40.734+0000] {dag.py:4180} INFO - Setting next_dagrun for credit_risk_analysis_pipeline to None, run_after=None
[2026-09-11T19:27:40.791+0000] {processor.py:208} INFO - Processing /opt/airflow/dags/pipeline.py took 0.210 seconds
[2026-09-11T19:28:11.090+0000] {processor.py:186} INFO - Started process (PID=349) to work on /opt/airflow/dags/pipeline.py
[2026-09-11T19:28:11.095+0000] {processor.py:914} INFO - Processing file /opt/airflow/dags/pipeline.py for tasks to queue
[2026-09-11T19:28:11.102+0000] {logging_mixin.py:190} INFO - [2026-09-11T19:28:11.101+0000] {dagbag.py:588} INFO - Filling up the DagBag from /opt/airflow/dags/pipeline.py
[2026-09-11T19:28:11.141+0000] {processor.py:925} INFO - DAG(s) 'credit_risk_analysis_pipeline' retrieved from /opt/airflow/dags/pipeline.py
[2026-09-11T19:28:11.205+0000] {logging_mixin.py:190} INFO - [2026-09-11T19:28:11.205+0000] {dag.py:3239} INFO - Sync 1 DAGs
[2026-09-11T19:28:11.243+0000] {logging_mixin.py:190} INFO - [2026-09-11T19:28:11.243+0000] {dag.py:4180} INFO - Setting next_dagrun for credit_risk_analysis_pipeline to None, run_after=None
[2026-09-11T19:28:11.289+0000] {processor.py:208} INFO - Processing /opt/airflow/dags/pipeline.py took 0.216 seconds
[2026-09-11T19:28:41.599+0000] {processor.py:186} INFO - Started process (PID=350) to work on /opt/airflow/dags/pipeline.py
[2026-09-11T19:28:41.602+0000] {processor.py:914} INFO - Processing file /opt/airflow/dags/pipeline.py for tasks to queue
[2026-09-11T19:28:41.607+0000] {logging_mixin.py:190} INFO - [2026-09-11T19:28:41.606+0000] {dagbag.py:588} INFO - Filling up the DagBag from /opt/airflow/dags/pipeline.py
[2026-09-11T19:28:41.641+0000] {processor.py:925} INFO - DAG(s) 'credit_risk_analysis_pipeline' retrieved from /opt/airflow/dags/pipeline.py
[2026-09-11T19:28:41.689+0000] {logging_mixin.py:190} INFO - [2026-09-11T19:28:41.689+0000] {dag.py:3239} INFO - Sync 1 DAGs
[2026-09-11T19:28:41.720+0000] {logging_mixin.py:190} INFO - [2026-09-11T19:28:41.719+0000] {dag.py:4180} INFO - Setting next_dagrun for credit_risk_analysis_pipeline to None, run_after=None
[2026-09-11T19:28:41.760+0000] {processor.py:208} INFO - Processing /opt/airflow/dags/pipeline.py took 0.176 seconds
[2026-09-11T19:29:12.065+0000] {processor.py:186} INFO - Started process (PID=351) to work on /opt/airflow/dags/pipeline.py
[2026-09-11T19:29:12.067+0000] {processor.py:914} INFO - Processing file /opt/airflow/dags/pipeline.py for tasks to queue
[2026-09-11T19:29:12.074+0000] {logging_mixin.py:190} INFO - [2026-09-11T19:29:12.073+0000] {dagbag.py:588} INFO - Filling up the DagBag from /opt/airflow/dags/pipeline.py
[2026-09-11T19:29:12.107+0000] {processor.py:925} INFO - DAG(s) 'credit_risk_analysis_pipeline' retrieved from /opt/airflow/dags/pipeline.py
[2026-09-11T19:29:12.163+0000] {logging_mixin.py:190} INFO - [2026-09-11T19:29:12.163+0000] {dag.py:3239} INFO - Sync 1 DAGs
[2026-09-11T19:29:12.195+0000] {logging_mixin.py:190} INFO - [2026-09-11T19:29:12.195+0000] {dag.py:4180} INFO - Setting next_dagrun for credit_risk_analysis_pipeline to None, run_after=None
[2026-09-11T19:29:12.247+0000] {processor.py:208} INFO - Processing /opt/airflow/dags/pipeline.py took 0.196 seconds
[2026-09-11T19:29:42.563+0000] {processor.py:186} INFO - Started process (PID=352) to work on /opt/airflow/dags/pipeline.py
[2026-09-11T19:29:42.567+0000] {processor.py:914} INFO - Processing file /opt/airflow/dags/pipeline.py for tasks to queue
[2026-09-11T19:29:42.574+0000] {logging_mixin.py:190} INFO - [2026-09-11T19:29:42.573+0000] {dagbag.py:588} INFO - Filling up the DagBag from /opt/airflow/dags/pipeline.py
[2026-09-11T19:29:42.611+0000] {processor.py:925} INFO - DAG(s) 'credit_risk_analysis_pipeline' retrieved from /opt/airflow/dags/pipeline.py
[2026-09-11T19:29:42.669+0000] {logging_mixin.py:190} INFO - [2026-09-11T19:29:42.668+0000] {dag.py:3239} INFO - Sync 1 DAGs
[2026-09-11T19:29:42.702+0000] {logging_mixin.py:190} INFO - [2026-09-11T19:29:42.702+0000] {dag.py:4180} INFO - Setting next_dagrun for credit_risk_analysis_pipeline to None, run_after=None
[2026-09-11T19:29:42.756+0000] {processor.py:208} INFO - Processing /opt/airflow/dags/pipeline.py took 0.207 seconds
[2026-09-11T19:30:13.022+0000] {processor.py:186} INFO - Started process (PID=353) to work on /opt/airflow/dags/pipeline.py
[2026-09-11T19:30:13.025+0000] {processor.py:914} INFO - Processing file /opt/airflow/dags/pipeline.py for tasks to queue
[2026-09-11T19:30:13.031+0000] {logging_mixin.py:190} INFO - [2026-09-11T19:30:13.030+0000] {dagbag.py:588} INFO - Filling up the DagBag from /opt/airflow/dags/pipeline.py
[2026-09-11T19:30:13.069+0000] {processor.py:925} INFO - DAG(s) 'credit_risk_analysis_pipeline' retrieved from /opt/airflow/dags/pipeline.py
[2026-09-11T19:30:13.125+0000] {logging_mixin.py:190} INFO - [2026-09-11T19:30:13.124+0000] {dag.py:3239} INFO - Sync 1 DAGs
[2026-09-11T19:30:13.156+0000] {logging_mixin.py:190} INFO - [2026-09-11T19:30:13.156+0000] {dag.py:4180} INFO - Setting next_dagrun for credit_risk_analysis_pipeline to None, run_after=None
[2026-09-11T19:30:13.197+0000] {processor.py:208} INFO - Processing /opt/airflow/dags/pipeline.py took 0.189 seconds
[2026-09-11T19:30:43.491+0000] {processor.py:186} INFO - Started process (PID=354) to work on /opt/airflow/dags/pipeline.py
[2026-09-11T19:30:43.493+0000] {processor.py:914} INFO - Processing file /opt/airflow/dags/pipeline.py for tasks to queue
[2026-09-11T19:30:43.500+0000] {logging_mixin.py:190} INFO - [2026-09-11T19:30:43.499+0000] {dagbag.py:588} INFO - Filling up the DagBag from /opt/airflow/dags/pipeline.py
[2026-09-11T19:30:43.534+0000] {processor.py:925} INFO - DAG(s) 'credit_risk_analysis_pipeline' retrieved from /opt/airflow/dags/pipeline.py
[2026-09-11T19:30:43.590+0000] {logging_mixin.py:190} INFO - [2026-09-11T19:30:43.590+0000] {dag.py:3239} INFO - Sync 1 DAGs
[2026-09-11T19:30:43.617+0000] {logging_mixin.py:190} INFO - [2026-09-11T19:30:43.617+0000] {dag.py:4180} INFO - Setting next_dagrun for credit_risk_analysis_pipeline to None, run_after=None
[2026-09-11T19:30:43.666+0000] {processor.py:208} INFO - Processing /opt/airflow/dags/pipeline.py took 0.187 seconds
[2026-09-11T19:31:13.939+0000] {processor.py:186} INFO - Started process (PID=355) to work on /opt/airflow/dags/pipeline.py
[2026-09-11T19:31:13.942+0000] {processor.py:914} INFO - Processing file /opt/airflow/dags/pipeline.py for tasks to queue
[2026-09-11T19:31:13.949+0000] {logging_mixin.py:190} INFO - [2026-09-11T19:31:13.948+0000] {dagbag.py:588} INFO - Filling up the DagBag from /opt/airflow/dags/pipeline.py
[2026-09-11T19:31:13.974+0000] {processor.py:925} INFO - DAG(s) 'credit_risk_analysis_pipeline' retrieved from /opt/airflow/dags/pipeline.py
[2026-09-11T19:31:14.034+0000] {logging_mixin.py:190} INFO - [2026-09-11T19:31:14.034+0000] {dag.py:3239} INFO - Sync 1 DAGs
[2026-09-11T19:31:14.074+0000] {logging_mixin.py:190} INFO - [2026-09-11T19:31:14.073+0000] {dag.py:4180} INFO - Setting next_dagrun for credit_risk_analysis_pipeline to None, run_after=None
[2026-09-11T19:31:14.142+0000] {processor.py:208} INFO - Processing /opt/airflow/dags/pipeline.py took 0.221 seconds
[2026-09-11T19:31:44.383+0000] {processor.py:186} INFO - Started process (PID=356) to work on /opt/airflow/dags/pipeline.py
[2026-09-11T19:31:44.386+0000] {processor.py:914} INFO - Processing file /opt/airflow/dags/pipeline.py for tasks to queue
[2026-09-11T19:31:44.392+0000] {logging_mixin.py:190} INFO - [2026-09-11T19:31:44.392+0000] {dagbag.py:588} INFO - Filling up the DagBag from /opt/airflow/dags/pipeline.py
[2026-09-11T19:31:44.424+0000] {processor.py:925} INFO - DAG(s) 'credit_risk_analysis_pipeline' retrieved from /opt/airflow/dags/pipeline.py
[2026-09-11T19:31:44.490+0000] {logging_mixin.py:190} INFO - [2026-09-11T19:31:44.489+0000] {dag.py:3239} INFO - Sync 1 DAGs
[2026-09-11T19:31:44.530+0000] {logging_mixin.py:190} INFO - [2026-09-11T19:31:44.529+0000] {dag.py:4180} INFO - Setting next_dagrun for credit_risk_analysis_pipeline to None, run_after=None
[2026-09-11T19:31:44.573+0000] {processor.py:208} INFO - Processing /opt/airflow/dags/pipeline.py took 0.203 seconds
[2026-09-11T19:32:14.870+0000] {processor.py:186} INFO - Started process (PID=357) to work on /opt/airflow/dags/pipeline.py
[2026-09-11T19:32:14.873+0000] {processor.py:914} INFO - Processing file /opt/airflow/dags/pipeline.py for tasks to queue
[2026-09-11T19:32:14.878+0000] {logging_mixin.py:190} INFO - [2026-09-11T19:32:14.878+0000] {dagbag.py:588} INFO - Filling up the DagBag from /opt/airflow/dags/pipeline.py
[2026-09-11T19:32:14.912+0000] {processor.py:925} INFO - DAG(s) 'credit_risk_analysis_pipeline' retrieved from /opt/airflow/dags/pipeline.py
[2026-09-11T19:32:14.966+0000] {logging_mixin.py:190} INFO - [2026-09-11T19:32:14.966+0000] {dag.py:3239} INFO - Sync 1 DAGs
[2026-09-11T19:32:14.997+0000] {logging_mixin.py:190} INFO - [2026-09-11T19:32:14.996+0000] {dag.py:4180} INFO - Setting next_dagrun for credit_risk_analysis_pipeline to None, run_after=None
[2026-09-11T19:32:15.042+0000] {processor.py:208} INFO - Processing /opt/airflow/dags/pipeline.py took 0.184 seconds
[2026-09-11T19:32:45.303+0000] {processor.py:186} INFO - Started process (PID=358) to work on /opt/airflow/dags/pipeline.py
[2026-09-11T19:32:45.305+0000] {processor.py:914} INFO - Processing file /opt/airflow/dags/pipeline.py for tasks to queue
[2026-09-11T19:32:45.310+0000] {logging_mixin.py:190} INFO - [2026-09-11T19:32:45.310+0000] {dagbag.py:588} INFO - Filling up the DagBag from /opt/airflow/dags/pipeline.py
[2026-09-11T19:32:45.348+0000] {processor.py:925} INFO - DAG(s) 'credit_risk_analysis_pipeline' retrieved from /opt/airflow/dags/pipeline.py
[2026-09-11T19:32:45.410+0000] {logging_mixin.py:190} INFO - [2026-09-11T19:32:45.410+0000] {dag.py:3239} INFO - Sync 1 DAGs
[2026-09-11T19:32:45.445+0000] {logging_mixin.py:190} INFO - [2026-09-11T19:32:45.444+0000] {dag.py:4180} INFO - Setting next_dagrun for credit_risk_analysis_pipeline to None, run_after=None
[2026-09-11T19:32:45.489+0000] {processor.py:208} INFO - Processing /opt/airflow/dags/pipeline.py took 0.202 seconds
[2026-09-11T19:33:15.792+0000] {processor.py:186} INFO - Started process (PID=359) to work on /opt/airflow/dags/pipeline.py
[2026-09-11T19:33:15.795+0000] {processor.py:914} INFO - Processing file /opt/airflow/dags/pipeline.py for tasks to queue
[2026-09-11T19:33:15.801+0000] {logging_mixin.py:190} INFO - [2026-09-11T19:33:15.800+0000] {dagbag.py:588} INFO - Filling up the DagBag from /opt/airflow/dags/pipeline.py
[2026-09-11T19:33:15.839+0000] {processor.py:925} INFO - DAG(s) 'credit_risk_analysis_pipeline' retrieved from /opt/airflow/dags/pipeline.py
[2026-09-11T19:33:15.891+0000] {logging_mixin.py:190} INFO - [2026-09-11T19:33:15.891+0000] {dag.py:3239} INFO - Sync 1 DAGs
[2026-09-11T19:33:15.925+0000] {logging_mixin.py:190} INFO - [2026-09-11T19:33:15.924+0000] {dag.py:4180} INFO - Setting next_dagrun for credit_risk_analysis_pipeline to None, run_after=None
[2026-09-11T19:33:15.980+0000] {processor.py:208} INFO - Processing /opt/airflow/dags/pipeline.py took 0.198 seconds
[2026-09-11T19:33:46.274+0000] {processor.py:186} INFO - Started process (PID=360) to work on /opt/airflow/dags/pipeline.py
[2026-09-11T19:33:46.276+0000] {processor.py:914} INFO - Processing file /opt/airflow/dags/pipeline.py for tasks to queue
[2026-09-11T19:33:46.282+0000] {logging_mixin.py:190} INFO - [2026-09-11T19:33:46.281+0000] {dagbag.py:588} INFO - Filling up the DagBag from /opt/airflow/dags/pipeline.py
[2026-09-11T19:33:46.314+0000] {processor.py:925} INFO - DAG(s) 'credit_risk_analysis_pipeline' retrieved from /opt/airflow/dags/pipeline.py
[2026-09-11T19:33:46.368+0000] {logging_mixin.py:190} INFO - [2026-09-11T19:33:46.367+0000] {dag.py:3239} INFO - Sync 1 DAGs
[2026-09-11T19:33:46.403+0000] {logging_mixin.py:190} INFO - [2026-09-11T19:33:46.403+0000] {dag.py:4180} INFO - Setting next_dagrun for credit_risk_analysis_pipeline to None, run_after=None
[2026-09-11T19:33:46.459+0000] {processor.py:208} INFO - Processing /opt/airflow/dags/pipeline.py took 0.197 seconds
[2026-09-11T19:34:16.725+0000] {processor.py:186} INFO - Started process (PID=361) to work on /opt/airflow/dags/pipeline.py
[2026-09-11T19:34:16.728+0000] {processor.py:914} INFO - Processing file /opt/airflow/dags/pipeline.py for tasks to queue
[2026-09-11T19:34:16.736+0000] {logging_mixin.py:190} INFO - [2026-09-11T19:34:16.735+0000] {dagbag.py:588} INFO - Filling up the DagBag from /opt/airflow/dags/pipeline.py
[2026-09-11T19:34:16.766+0000] {processor.py:925} INFO - DAG(s) 'credit_risk_analysis_pipeline' retrieved from /opt/airflow/dags/pipeline.py
[2026-09-11T19:34:16.827+0000] {logging_mixin.py:190} INFO - [2026-09-11T19:34:16.827+0000] {dag.py:3239} INFO - Sync 1 DAGs
[2026-09-11T19:34:16.857+0000] {logging_mixin.py:190} INFO - [2026-09-11T19:34:16.857+0000] {dag.py:4180} INFO - Setting next_dagrun for credit_risk_analysis_pipeline to None, run_after=None
[2026-09-11T19:34:16.912+0000] {processor.py:208} INFO - Processing /opt/airflow/dags/pipeline.py took 0.206 seconds
[2026-09-11T19:34:47.309+0000] {processor.py:186} INFO - Started process (PID=362) to work on /opt/airflow/dags/pipeline.py
[2026-09-11T19:34:47.312+0000] {processor.py:914} INFO - Processing file /opt/airflow/dags/pipeline.py for tasks to queue
[2026-09-11T19:34:47.318+0000] {logging_mixin.py:190} INFO - [2026-09-11T19:34:47.317+0000] {dagbag.py:588} INFO - Filling up the DagBag from /opt/airflow/dags/pipeline.py
[2026-09-11T19:34:47.352+0000] {processor.py:925} INFO - DAG(s) 'credit_risk_analysis_pipeline' retrieved from /opt/airflow/dags/pipeline.py
[2026-09-11T19:34:47.409+0000] {logging_mixin.py:190} INFO - [2026-09-11T19:34:47.408+0000] {dag.py:3239} INFO - Sync 1 DAGs
[2026-09-11T19:34:47.442+0000] {logging_mixin.py:190} INFO - [2026-09-11T19:34:47.442+0000] {dag.py:4180} INFO - Setting next_dagrun for credit_risk_analysis_pipeline to None, run_after=None
[2026-09-11T19:34:47.486+0000] {processor.py:208} INFO - Processing /opt/airflow/dags/pipeline.py took 0.187 seconds
[2026-09-11T19:35:17.663+0000] {processor.py:186} INFO - Started process (PID=363) to work on /opt/airflow/dags/pipeline.py
[2026-09-11T19:35:17.666+0000] {processor.py:914} INFO - Processing file /opt/airflow/dags/pipeline.py for tasks to queue
[2026-09-11T19:35:17.673+0000] {logging_mixin.py:190} INFO - [2026-09-11T19:35:17.672+0000] {dagbag.py:588} INFO - Filling up the DagBag from /opt/airflow/dags/pipeline.py
[2026-09-11T19:35:17.701+0000] {processor.py:925} INFO - DAG(s) 'credit_risk_analysis_pipeline' retrieved from /opt/airflow/dags/pipeline.py
[2026-09-11T19:35:17.757+0000] {logging_mixin.py:190} INFO - [2026-09-11T19:35:17.757+0000] {dag.py:3239} INFO - Sync 1 DAGs
[2026-09-11T19:35:17.792+0000] {logging_mixin.py:190} INFO - [2026-09-11T19:35:17.791+0000] {dag.py:4180} INFO - Setting next_dagrun for credit_risk_analysis_pipeline to None, run_after=None
[2026-09-11T19:35:17.834+0000] {processor.py:208} INFO - Processing /opt/airflow/dags/pipeline.py took 0.184 seconds
[2026-09-11T19:35:48.215+0000] {processor.py:186} INFO - Started process (PID=364) to work on /opt/airflow/dags/pipeline.py
[2026-09-11T19:35:48.217+0000] {processor.py:914} INFO - Processing file /opt/airflow/dags/pipeline.py for tasks to queue
[2026-09-11T19:35:48.223+0000] {logging_mixin.py:190} INFO - [2026-09-11T19:35:48.222+0000] {dagbag.py:588} INFO - Filling up the DagBag from /opt/airflow/dags/pipeline.py
[2026-09-11T19:35:48.252+0000] {processor.py:925} INFO - DAG(s) 'credit_risk_analysis_pipeline' retrieved from /opt/airflow/dags/pipeline.py
[2026-09-11T19:35:48.302+0000] {logging_mixin.py:190} INFO - [2026-09-11T19:35:48.302+0000] {dag.py:3239} INFO - Sync 1 DAGs
[2026-09-11T19:35:48.334+0000] {logging_mixin.py:190} INFO - [2026-09-11T19:35:48.334+0000] {dag.py:4180} INFO - Setting next_dagrun for credit_risk_analysis_pipeline to None, run_after=None
[2026-09-11T19:35:48.374+0000] {processor.py:208} INFO - Processing /opt/airflow/dags/pipeline.py took 0.173 seconds
[2026-09-11T19:36:18.613+0000] {processor.py:186} INFO - Started process (PID=365) to work on /opt/airflow/dags/pipeline.py
[2026-09-11T19:36:18.616+0000] {processor.py:914} INFO - Processing file /opt/airflow/dags/pipeline.py for tasks to queue
[2026-09-11T19:36:18.621+0000] {logging_mixin.py:190} INFO - [2026-09-11T19:36:18.620+0000] {dagbag.py:588} INFO - Filling up the DagBag from /opt/airflow/dags/pipeline.py
[2026-09-11T19:36:18.655+0000] {processor.py:925} INFO - DAG(s) 'credit_risk_analysis_pipeline' retrieved from /opt/airflow/dags/pipeline.py
[2026-09-11T19:36:18.714+0000] {logging_mixin.py:190} INFO - [2026-09-11T19:36:18.714+0000] {dag.py:3239} INFO - Sync 1 DAGs
[2026-09-11T19:36:18.748+0000] {logging_mixin.py:190} INFO - [2026-09-11T19:36:18.747+0000] {dag.py:4180} INFO - Setting next_dagrun for credit_risk_analysis_pipeline to None, run_after=None
[2026-09-11T19:36:18.802+0000] {processor.py:208} INFO - Processing /opt/airflow/dags/pipeline.py took 0.201 seconds
[2026-09-11T19:36:49.108+0000] {processor.py:186} INFO - Started process (PID=366) to work on /opt/airflow/dags/pipeline.py
[2026-09-11T19:36:49.111+0000] {processor.py:914} INFO - Processing file /opt/airflow/dags/pipeline.py for tasks to queue
[2026-09-11T19:36:49.116+0000] {logging_mixin.py:190} INFO - [2026-09-11T19:36:49.116+0000] {dagbag.py:588} INFO - Filling up the DagBag from /opt/airflow/dags/pipeline.py
[2026-09-11T19:36:49.146+0000] {processor.py:925} INFO - DAG(s) 'credit_risk_analysis_pipeline' retrieved from /opt/airflow/dags/pipeline.py
[2026-09-11T19:36:49.199+0000] {logging_mixin.py:190} INFO - [2026-09-11T19:36:49.198+0000] {dag.py:3239} INFO - Sync 1 DAGs
[2026-09-11T19:36:49.230+0000] {logging_mixin.py:190} INFO - [2026-09-11T19:36:49.230+0000] {dag.py:4180} INFO - Setting next_dagrun for credit_risk_analysis_pipeline to None, run_after=None
[2026-09-11T19:36:49.269+0000] {processor.py:208} INFO - Processing /opt/airflow/dags/pipeline.py took 0.175 seconds
[2026-09-11T19:37:19.527+0000] {processor.py:186} INFO - Started process (PID=367) to work on /opt/airflow/dags/pipeline.py
[2026-09-11T19:37:19.530+0000] {processor.py:914} INFO - Processing file /opt/airflow/dags/pipeline.py for tasks to queue
[2026-09-11T19:37:19.537+0000] {logging_mixin.py:190} INFO - [2026-09-11T19:37:19.536+0000] {dagbag.py:588} INFO - Filling up the DagBag from /opt/airflow/dags/pipeline.py
[2026-09-11T19:37:19.573+0000] {processor.py:925} INFO - DAG(s) 'credit_risk_analysis_pipeline' retrieved from /opt/airflow/dags/pipeline.py
[2026-09-11T19:37:19.643+0000] {logging_mixin.py:190} INFO - [2026-09-11T19:37:19.642+0000] {dag.py:3239} INFO - Sync 1 DAGs
[2026-09-11T19:37:19.687+0000] {logging_mixin.py:190} INFO - [2026-09-11T19:37:19.687+0000] {dag.py:4180} INFO - Setting next_dagrun for credit_risk_analysis_pipeline to None, run_after=None
[2026-09-11T19:37:19.729+0000] {processor.py:208} INFO - Processing /opt/airflow/dags/pipeline.py took 0.218 seconds
[2026-09-11T19:37:50.083+0000] {processor.py:186} INFO - Started process (PID=368) to work on /opt/airflow/dags/pipeline.py
[2026-09-11T19:37:50.086+0000] {processor.py:914} INFO - Processing file /opt/airflow/dags/pipeline.py for tasks to queue
[2026-09-11T19:37:50.092+0000] {logging_mixin.py:190} INFO - [2026-09-11T19:37:50.091+0000] {dagbag.py:588} INFO - Filling up the DagBag from /opt/airflow/dags/pipeline.py
[2026-09-11T19:37:50.129+0000] {processor.py:925} INFO - DAG(s) 'credit_risk_analysis_pipeline' retrieved from /opt/airflow/dags/pipeline.py
[2026-09-11T19:37:50.189+0000] {logging_mixin.py:190} INFO - [2026-09-11T19:37:50.188+0000] {dag.py:3239} INFO - Sync 1 DAGs
[2026-09-11T19:37:50.221+0000] {logging_mixin.py:190} INFO - [2026-09-11T19:37:50.221+0000] {dag.py:4180} INFO - Setting next_dagrun for credit_risk_analysis_pipeline to None, run_after=None
[2026-09-11T19:37:50.277+0000] {processor.py:208} INFO - Processing /opt/airflow/dags/pipeline.py took 0.207 seconds
[2026-09-11T19:38:20.491+0000] {processor.py:186} INFO - Started process (PID=369) to work on /opt/airflow/dags/pipeline.py
[2026-09-11T19:38:20.495+0000] {processor.py:914} INFO - Processing file /opt/airflow/dags/pipeline.py for tasks to queue
[2026-09-11T19:38:20.502+0000] {logging_mixin.py:190} INFO - [2026-09-11T19:38:20.501+0000] {dagbag.py:588} INFO - Filling up the DagBag from /opt/airflow/dags/pipeline.py
[2026-09-11T19:38:20.543+0000] {processor.py:925} INFO - DAG(s) 'credit_risk_analysis_pipeline' retrieved from /opt/airflow/dags/pipeline.py
[2026-09-11T19:38:20.623+0000] {logging_mixin.py:190} INFO - [2026-09-11T19:38:20.622+0000] {dag.py:3239} INFO - Sync 1 DAGs
[2026-09-11T19:38:20.659+0000] {logging_mixin.py:190} INFO - [2026-09-11T19:38:20.659+0000] {dag.py:4180} INFO - Setting next_dagrun for credit_risk_analysis_pipeline to None, run_after=None
[2026-09-11T19:38:20.708+0000] {processor.py:208} INFO - Processing /opt/airflow/dags/pipeline.py took 0.237 seconds
[2026-09-11T19:38:51.017+0000] {processor.py:186} INFO - Started process (PID=370) to work on /opt/airflow/dags/pipeline.py
[2026-09-11T19:38:51.020+0000] {processor.py:914} INFO - Processing file /opt/airflow/dags/pipeline.py for tasks to queue
[2026-09-11T19:38:51.026+0000] {logging_mixin.py:190} INFO - [2026-09-11T19:38:51.025+0000] {dagbag.py:588} INFO - Filling up the DagBag from /opt/airflow/dags/pipeline.py
[2026-09-11T19:38:51.056+0000] {processor.py:925} INFO - DAG(s) 'credit_risk_analysis_pipeline' retrieved from /opt/airflow/dags/pipeline.py
[2026-09-11T19:38:51.103+0000] {logging_mixin.py:190} INFO - [2026-09-11T19:38:51.102+0000] {dag.py:3239} INFO - Sync 1 DAGs
[2026-09-11T19:38:51.132+0000] {logging_mixin.py:190} INFO - [2026-09-11T19:38:51.131+0000] {dag.py:4180} INFO - Setting next_dagrun for credit_risk_analysis_pipeline to None, run_after=None
[2026-09-11T19:38:51.180+0000] {processor.py:208} INFO - Processing /opt/airflow/dags/pipeline.py took 0.178 seconds
[2026-09-11T19:39:21.485+0000] {processor.py:186} INFO - Started process (PID=371) to work on /opt/airflow/dags/pipeline.py
[2026-09-11T19:39:21.488+0000] {processor.py:914} INFO - Processing file /opt/airflow/dags/pipeline.py for tasks to queue
[2026-09-11T19:39:21.495+0000] {logging_mixin.py:190} INFO - [2026-09-11T19:39:21.494+0000] {dagbag.py:588} INFO - Filling up the DagBag from /opt/airflow/dags/pipeline.py
[2026-09-11T19:39:21.530+0000] {processor.py:925} INFO - DAG(s) 'credit_risk_analysis_pipeline' retrieved from /opt/airflow/dags/pipeline.py
[2026-09-11T19:39:21.581+0000] {logging_mixin.py:190} INFO - [2026-09-11T19:39:21.581+0000] {dag.py:3239} INFO - Sync 1 DAGs
[2026-09-11T19:39:21.611+0000] {logging_mixin.py:190} INFO - [2026-09-11T19:39:21.610+0000] {dag.py:4180} INFO - Setting next_dagrun for credit_risk_analysis_pipeline to None, run_after=None
[2026-09-11T19:39:21.664+0000] {processor.py:208} INFO - Processing /opt/airflow/dags/pipeline.py took 0.191 seconds
[2026-09-11T19:39:51.972+0000] {processor.py:186} INFO - Started process (PID=372) to work on /opt/airflow/dags/pipeline.py
[2026-09-11T19:39:51.975+0000] {processor.py:914} INFO - Processing file /opt/airflow/dags/pipeline.py for tasks to queue
[2026-09-11T19:39:51.980+0000] {logging_mixin.py:190} INFO - [2026-09-11T19:39:51.980+0000] {dagbag.py:588} INFO - Filling up the DagBag from /opt/airflow/dags/pipeline.py
[2026-09-11T19:39:52.015+0000] {processor.py:925} INFO - DAG(s) 'credit_risk_analysis_pipeline' retrieved from /opt/airflow/dags/pipeline.py
[2026-09-11T19:39:52.065+0000] {logging_mixin.py:190} INFO - [2026-09-11T19:39:52.064+0000] {dag.py:3239} INFO - Sync 1 DAGs
[2026-09-11T19:39:52.092+0000] {logging_mixin.py:190} INFO - [2026-09-11T19:39:52.092+0000] {dag.py:4180} INFO - Setting next_dagrun for credit_risk_analysis_pipeline to None, run_after=None
[2026-09-11T19:39:52.142+0000] {processor.py:208} INFO - Processing /opt/airflow/dags/pipeline.py took 0.182 seconds
[2026-09-11T19:40:22.398+0000] {processor.py:186} INFO - Started process (PID=373) to work on /opt/airflow/dags/pipeline.py
[2026-09-11T19:40:22.401+0000] {processor.py:914} INFO - Processing file /opt/airflow/dags/pipeline.py for tasks to queue
[2026-09-11T19:40:22.406+0000] {logging_mixin.py:190} INFO - [2026-09-11T19:40:22.406+0000] {dagbag.py:588} INFO - Filling up the DagBag from /opt/airflow/dags/pipeline.py
[2026-09-11T19:40:22.442+0000] {processor.py:925} INFO - DAG(s) 'credit_risk_analysis_pipeline' retrieved from /opt/airflow/dags/pipeline.py
[2026-09-11T19:40:22.497+0000] {logging_mixin.py:190} INFO - [2026-09-11T19:40:22.497+0000] {dag.py:3239} INFO - Sync 1 DAGs
[2026-09-11T19:40:22.528+0000] {logging_mixin.py:190} INFO - [2026-09-11T19:40:22.528+0000] {dag.py:4180} INFO - Setting next_dagrun for credit_risk_analysis_pipeline to None, run_after=None
[2026-09-11T19:40:22.580+0000] {processor.py:208} INFO - Processing /opt/airflow/dags/pipeline.py took 0.195 seconds
[2026-09-11T19:40:52.871+0000] {processor.py:186} INFO - Started process (PID=374) to work on /opt/airflow/dags/pipeline.py
[2026-09-11T19:40:52.875+0000] {processor.py:914} INFO - Processing file /opt/airflow/dags/pipeline.py for tasks to queue
[2026-09-11T19:40:52.880+0000] {logging_mixin.py:190} INFO - [2026-09-11T19:40:52.880+0000] {dagbag.py:588} INFO - Filling up the DagBag from /opt/airflow/dags/pipeline.py
[2026-09-11T19:40:52.917+0000] {processor.py:925} INFO - DAG(s) 'credit_risk_analysis_pipeline' retrieved from /opt/airflow/dags/pipeline.py
[2026-09-11T19:40:52.972+0000] {logging_mixin.py:190} INFO - [2026-09-11T19:40:52.971+0000] {dag.py:3239} INFO - Sync 1 DAGs
[2026-09-11T19:40:53.002+0000] {logging_mixin.py:190} INFO - [2026-09-11T19:40:53.002+0000] {dag.py:4180} INFO - Setting next_dagrun for credit_risk_analysis_pipeline to None, run_after=None
[2026-09-11T19:40:53.055+0000] {processor.py:208} INFO - Processing /opt/airflow/dags/pipeline.py took 0.196 seconds
[2026-09-11T19:41:23.315+0000] {processor.py:186} INFO - Started process (PID=375) to work on /opt/airflow/dags/pipeline.py
[2026-09-11T19:41:23.318+0000] {processor.py:914} INFO - Processing file /opt/airflow/dags/pipeline.py for tasks to queue
[2026-09-11T19:41:23.323+0000] {logging_mixin.py:190} INFO - [2026-09-11T19:41:23.323+0000] {dagbag.py:588} INFO - Filling up the DagBag from /opt/airflow/dags/pipeline.py
[2026-09-11T19:41:23.356+0000] {processor.py:925} INFO - DAG(s) 'credit_risk_analysis_pipeline' retrieved from /opt/airflow/dags/pipeline.py
[2026-09-11T19:41:23.409+0000] {logging_mixin.py:190} INFO - [2026-09-11T19:41:23.408+0000] {dag.py:3239} INFO - Sync 1 DAGs
[2026-09-11T19:41:23.437+0000] {logging_mixin.py:190} INFO - [2026-09-11T19:41:23.436+0000] {dag.py:4180} INFO - Setting next_dagrun for credit_risk_analysis_pipeline to None, run_after=None
[2026-09-11T19:41:23.486+0000] {processor.py:208} INFO - Processing /opt/airflow/dags/pipeline.py took 0.183 seconds
[2026-09-11T19:41:53.768+0000] {processor.py:186} INFO - Started process (PID=376) to work on /opt/airflow/dags/pipeline.py
[2026-09-11T19:41:53.771+0000] {processor.py:914} INFO - Processing file /opt/airflow/dags/pipeline.py for tasks to queue
[2026-09-11T19:41:53.775+0000] {logging_mixin.py:190} INFO - [2026-09-11T19:41:53.775+0000] {dagbag.py:588} INFO - Filling up the DagBag from /opt/airflow/dags/pipeline.py
[2026-09-11T19:41:53.807+0000] {processor.py:925} INFO - DAG(s) 'credit_risk_analysis_pipeline' retrieved from /opt/airflow/dags/pipeline.py
[2026-09-11T19:41:53.859+0000] {logging_mixin.py:190} INFO - [2026-09-11T19:41:53.858+0000] {dag.py:3239} INFO - Sync 1 DAGs
[2026-09-11T19:41:53.889+0000] {logging_mixin.py:190} INFO - [2026-09-11T19:41:53.888+0000] {dag.py:4180} INFO - Setting next_dagrun for credit_risk_analysis_pipeline to None, run_after=None
[2026-09-11T19:41:53.941+0000] {processor.py:208} INFO - Processing /opt/airflow/dags/pipeline.py took 0.185 seconds
[2026-09-11T19:42:24.231+0000] {processor.py:186} INFO - Started process (PID=377) to work on /opt/airflow/dags/pipeline.py
[2026-09-11T19:42:24.234+0000] {processor.py:914} INFO - Processing file /opt/airflow/dags/pipeline.py for tasks to queue
[2026-09-11T19:42:24.240+0000] {logging_mixin.py:190} INFO - [2026-09-11T19:42:24.239+0000] {dagbag.py:588} INFO - Filling up the DagBag from /opt/airflow/dags/pipeline.py
[2026-09-11T19:42:24.285+0000] {processor.py:925} INFO - DAG(s) 'credit_risk_analysis_pipeline' retrieved from /opt/airflow/dags/pipeline.py
[2026-09-11T19:42:24.344+0000] {logging_mixin.py:190} INFO - [2026-09-11T19:42:24.343+0000] {dag.py:3239} INFO - Sync 1 DAGs
[2026-09-11T19:42:24.376+0000] {logging_mixin.py:190} INFO - [2026-09-11T19:42:24.376+0000] {dag.py:4180} INFO - Setting next_dagrun for credit_risk_analysis_pipeline to None, run_after=None
[2026-09-11T19:42:24.422+0000] {processor.py:208} INFO - Processing /opt/airflow/dags/pipeline.py took 0.206 seconds
[2026-09-11T19:42:54.704+0000] {processor.py:186} INFO - Started process (PID=378) to work on /opt/airflow/dags/pipeline.py
[2026-09-11T19:42:54.707+0000] {processor.py:914} INFO - Processing file /opt/airflow/dags/pipeline.py for tasks to queue
[2026-09-11T19:42:54.715+0000] {logging_mixin.py:190} INFO - [2026-09-11T19:42:54.715+0000] {dagbag.py:588} INFO - Filling up the DagBag from /opt/airflow/dags/pipeline.py
[2026-09-11T19:42:54.756+0000] {processor.py:925} INFO - DAG(s) 'credit_risk_analysis_pipeline' retrieved from /opt/airflow/dags/pipeline.py
[2026-09-11T19:42:54.816+0000] {logging_mixin.py:190} INFO - [2026-09-11T19:42:54.815+0000] {dag.py:3239} INFO - Sync 1 DAGs
[2026-09-11T19:42:54.856+0000] {logging_mixin.py:190} INFO - [2026-09-11T19:42:54.855+0000] {dag.py:4180} INFO - Setting next_dagrun for credit_risk_analysis_pipeline to None, run_after=None
[2026-09-11T19:42:54.898+0000] {processor.py:208} INFO - Processing /opt/airflow/dags/pipeline.py took 0.215 seconds
[2026-09-11T19:43:25.238+0000] {processor.py:186} INFO - Started process (PID=379) to work on /opt/airflow/dags/pipeline.py
[2026-09-11T19:43:25.242+0000] {processor.py:914} INFO - Processing file /opt/airflow/dags/pipeline.py for tasks to queue
[2026-09-11T19:43:25.250+0000] {logging_mixin.py:190} INFO - [2026-09-11T19:43:25.249+0000] {dagbag.py:588} INFO - Filling up the DagBag from /opt/airflow/dags/pipeline.py
[2026-09-11T19:43:25.280+0000] {processor.py:925} INFO - DAG(s) 'credit_risk_analysis_pipeline' retrieved from /opt/airflow/dags/pipeline.py
[2026-09-11T19:43:25.332+0000] {logging_mixin.py:190} INFO - [2026-09-11T19:43:25.332+0000] {dag.py:3239} INFO - Sync 1 DAGs
[2026-09-11T19:43:25.362+0000] {logging_mixin.py:190} INFO - [2026-09-11T19:43:25.362+0000] {dag.py:4180} INFO - Setting next_dagrun for credit_risk_analysis_pipeline to None, run_after=None
[2026-09-11T19:43:25.406+0000] {processor.py:208} INFO - Processing /opt/airflow/dags/pipeline.py took 0.185 seconds
[2026-09-11T19:43:55.664+0000] {processor.py:186} INFO - Started process (PID=380) to work on /opt/airflow/dags/pipeline.py
[2026-09-11T19:43:55.667+0000] {processor.py:914} INFO - Processing file /opt/airflow/dags/pipeline.py for tasks to queue
[2026-09-11T19:43:55.674+0000] {logging_mixin.py:190} INFO - [2026-09-11T19:43:55.673+0000] {dagbag.py:588} INFO - Filling up the DagBag from /opt/airflow/dags/pipeline.py
[2026-09-11T19:43:55.708+0000] {processor.py:925} INFO - DAG(s) 'credit_risk_analysis_pipeline' retrieved from /opt/airflow/dags/pipeline.py
[2026-09-11T19:43:55.767+0000] {logging_mixin.py:190} INFO - [2026-09-11T19:43:55.766+0000] {dag.py:3239} INFO - Sync 1 DAGs
[2026-09-11T19:43:55.798+0000] {logging_mixin.py:190} INFO - [2026-09-11T19:43:55.798+0000] {dag.py:4180} INFO - Setting next_dagrun for credit_risk_analysis_pipeline to None, run_after=None
[2026-09-11T19:43:55.853+0000] {processor.py:208} INFO - Processing /opt/airflow/dags/pipeline.py took 0.203 seconds
[2026-09-11T19:44:26.148+0000] {processor.py:186} INFO - Started process (PID=381) to work on /opt/airflow/dags/pipeline.py
[2026-09-11T19:44:26.151+0000] {processor.py:914} INFO - Processing file /opt/airflow/dags/pipeline.py for tasks to queue
[2026-09-11T19:44:26.156+0000] {logging_mixin.py:190} INFO - [2026-09-11T19:44:26.156+0000] {dagbag.py:588} INFO - Filling up the DagBag from /opt/airflow/dags/pipeline.py
[2026-09-11T19:44:26.188+0000] {processor.py:925} INFO - DAG(s) 'credit_risk_analysis_pipeline' retrieved from /opt/airflow/dags/pipeline.py
[2026-09-11T19:44:26.241+0000] {logging_mixin.py:190} INFO - [2026-09-11T19:44:26.241+0000] {dag.py:3239} INFO - Sync 1 DAGs
[2026-09-11T19:44:26.270+0000] {logging_mixin.py:190} INFO - [2026-09-11T19:44:26.270+0000] {dag.py:4180} INFO - Setting next_dagrun for credit_risk_analysis_pipeline to None, run_after=None
[2026-09-11T19:44:26.310+0000] {processor.py:208} INFO - Processing /opt/airflow/dags/pipeline.py took 0.175 seconds
[2026-09-11T19:44:56.724+0000] {processor.py:186} INFO - Started process (PID=382) to work on /opt/airflow/dags/pipeline.py
[2026-09-11T19:44:56.727+0000] {processor.py:914} INFO - Processing file /opt/airflow/dags/pipeline.py for tasks to queue
[2026-09-11T19:44:56.733+0000] {logging_mixin.py:190} INFO - [2026-09-11T19:44:56.732+0000] {dagbag.py:588} INFO - Filling up the DagBag from /opt/airflow/dags/pipeline.py
[2026-09-11T19:44:56.768+0000] {processor.py:925} INFO - DAG(s) 'credit_risk_analysis_pipeline' retrieved from /opt/airflow/dags/pipeline.py
[2026-09-11T19:44:56.823+0000] {logging_mixin.py:190} INFO - [2026-09-11T19:44:56.823+0000] {dag.py:3239} INFO - Sync 1 DAGs
[2026-09-11T19:44:56.856+0000] {logging_mixin.py:190} INFO - [2026-09-11T19:44:56.856+0000] {dag.py:4180} INFO - Setting next_dagrun for credit_risk_analysis_pipeline to None, run_after=None
[2026-09-11T19:44:56.899+0000] {processor.py:208} INFO - Processing /opt/airflow/dags/pipeline.py took 0.187 seconds
[2026-09-11T19:45:27.112+0000] {processor.py:186} INFO - Started process (PID=383) to work on /opt/airflow/dags/pipeline.py
[2026-09-11T19:45:27.115+0000] {processor.py:914} INFO - Processing file /opt/airflow/dags/pipeline.py for tasks to queue
[2026-09-11T19:45:27.120+0000] {logging_mixin.py:190} INFO - [2026-09-11T19:45:27.119+0000] {dagbag.py:588} INFO - Filling up the DagBag from /opt/airflow/dags/pipeline.py
[2026-09-11T19:45:27.157+0000] {processor.py:925} INFO - DAG(s) 'credit_risk_analysis_pipeline' retrieved from /opt/airflow/dags/pipeline.py
[2026-09-11T19:45:27.216+0000] {logging_mixin.py:190} INFO - [2026-09-11T19:45:27.215+0000] {dag.py:3239} INFO - Sync 1 DAGs
[2026-09-11T19:45:27.251+0000] {logging_mixin.py:190} INFO - [2026-09-11T19:45:27.251+0000] {dag.py:4180} INFO - Setting next_dagrun for credit_risk_analysis_pipeline to None, run_after=None
[2026-09-11T19:45:27.307+0000] {processor.py:208} INFO - Processing /opt/airflow/dags/pipeline.py took 0.207 seconds
[2026-09-11T19:45:57.653+0000] {processor.py:186} INFO - Started process (PID=384) to work on /opt/airflow/dags/pipeline.py
[2026-09-11T19:45:57.656+0000] {processor.py:914} INFO - Processing file /opt/airflow/dags/pipeline.py for tasks to queue
[2026-09-11T19:45:57.664+0000] {logging_mixin.py:190} INFO - [2026-09-11T19:45:57.662+0000] {dagbag.py:588} INFO - Filling up the DagBag from /opt/airflow/dags/pipeline.py
[2026-09-11T19:45:57.702+0000] {processor.py:925} INFO - DAG(s) 'credit_risk_analysis_pipeline' retrieved from /opt/airflow/dags/pipeline.py
[2026-09-11T19:45:57.760+0000] {logging_mixin.py:190} INFO - [2026-09-11T19:45:57.760+0000] {dag.py:3239} INFO - Sync 1 DAGs
[2026-09-11T19:45:57.793+0000] {logging_mixin.py:190} INFO - [2026-09-11T19:45:57.793+0000] {dag.py:4180} INFO - Setting next_dagrun for credit_risk_analysis_pipeline to None, run_after=None
[2026-09-11T19:45:57.846+0000] {processor.py:208} INFO - Processing /opt/airflow/dags/pipeline.py took 0.208 seconds
[2026-09-11T19:46:28.064+0000] {processor.py:186} INFO - Started process (PID=385) to work on /opt/airflow/dags/pipeline.py
[2026-09-11T19:46:28.067+0000] {processor.py:914} INFO - Processing file /opt/airflow/dags/pipeline.py for tasks to queue
[2026-09-11T19:46:28.074+0000] {logging_mixin.py:190} INFO - [2026-09-11T19:46:28.074+0000] {dagbag.py:588} INFO - Filling up the DagBag from /opt/airflow/dags/pipeline.py
[2026-09-11T19:46:28.112+0000] {processor.py:925} INFO - DAG(s) 'credit_risk_analysis_pipeline' retrieved from /opt/airflow/dags/pipeline.py
[2026-09-11T19:46:28.174+0000] {logging_mixin.py:190} INFO - [2026-09-11T19:46:28.173+0000] {dag.py:3239} INFO - Sync 1 DAGs
[2026-09-11T19:46:28.208+0000] {logging_mixin.py:190} INFO - [2026-09-11T19:46:28.208+0000] {dag.py:4180} INFO - Setting next_dagrun for credit_risk_analysis_pipeline to None, run_after=None
[2026-09-11T19:46:28.267+0000] {processor.py:208} INFO - Processing /opt/airflow/dags/pipeline.py took 0.219 seconds
[2026-09-11T19:46:58.609+0000] {processor.py:186} INFO - Started process (PID=386) to work on /opt/airflow/dags/pipeline.py
[2026-09-11T19:46:58.613+0000] {processor.py:914} INFO - Processing file /opt/airflow/dags/pipeline.py for tasks to queue
[2026-09-11T19:46:58.624+0000] {logging_mixin.py:190} INFO - [2026-09-11T19:46:58.623+0000] {dagbag.py:588} INFO - Filling up the DagBag from /opt/airflow/dags/pipeline.py
[2026-09-11T19:46:58.667+0000] {processor.py:925} INFO - DAG(s) 'credit_risk_analysis_pipeline' retrieved from /opt/airflow/dags/pipeline.py
[2026-09-11T19:46:58.739+0000] {logging_mixin.py:190} INFO - [2026-09-11T19:46:58.739+0000] {dag.py:3239} INFO - Sync 1 DAGs
[2026-09-11T19:46:58.771+0000] {logging_mixin.py:190} INFO - [2026-09-11T19:46:58.771+0000] {dag.py:4180} INFO - Setting next_dagrun for credit_risk_analysis_pipeline to None, run_after=None
[2026-09-11T19:46:58.829+0000] {processor.py:208} INFO - Processing /opt/airflow/dags/pipeline.py took 0.239 seconds
[2026-09-11T19:47:29.012+0000] {processor.py:186} INFO - Started process (PID=387) to work on /opt/airflow/dags/pipeline.py
[2026-09-11T19:47:29.015+0000] {processor.py:914} INFO - Processing file /opt/airflow/dags/pipeline.py for tasks to queue
[2026-09-11T19:47:29.021+0000] {logging_mixin.py:190} INFO - [2026-09-11T19:47:29.021+0000] {dagbag.py:588} INFO - Filling up the DagBag from /opt/airflow/dags/pipeline.py
[2026-09-11T19:47:29.060+0000] {processor.py:925} INFO - DAG(s) 'credit_risk_analysis_pipeline' retrieved from /opt/airflow/dags/pipeline.py
[2026-09-11T19:47:29.115+0000] {logging_mixin.py:190} INFO - [2026-09-11T19:47:29.114+0000] {dag.py:3239} INFO - Sync 1 DAGs
[2026-09-11T19:47:29.148+0000] {logging_mixin.py:190} INFO - [2026-09-11T19:47:29.148+0000] {dag.py:4180} INFO - Setting next_dagrun for credit_risk_analysis_pipeline to None, run_after=None
[2026-09-11T19:47:29.202+0000] {processor.py:208} INFO - Processing /opt/airflow/dags/pipeline.py took 0.203 seconds
[2026-09-11T19:47:59.568+0000] {processor.py:186} INFO - Started process (PID=388) to work on /opt/airflow/dags/pipeline.py
[2026-09-11T19:47:59.573+0000] {processor.py:914} INFO - Processing file /opt/airflow/dags/pipeline.py for tasks to queue
[2026-09-11T19:47:59.578+0000] {logging_mixin.py:190} INFO - [2026-09-11T19:47:59.578+0000] {dagbag.py:588} INFO - Filling up the DagBag from /opt/airflow/dags/pipeline.py
[2026-09-11T19:47:59.609+0000] {processor.py:925} INFO - DAG(s) 'credit_risk_analysis_pipeline' retrieved from /opt/airflow/dags/pipeline.py
[2026-09-11T19:47:59.662+0000] {logging_mixin.py:190} INFO - [2026-09-11T19:47:59.661+0000] {dag.py:3239} INFO - Sync 1 DAGs
[2026-09-11T19:47:59.696+0000] {logging_mixin.py:190} INFO - [2026-09-11T19:47:59.695+0000] {dag.py:4180} INFO - Setting next_dagrun for credit_risk_analysis_pipeline to None, run_after=None
[2026-09-11T19:47:59.739+0000] {processor.py:208} INFO - Processing /opt/airflow/dags/pipeline.py took 0.186 seconds
[2026-09-11T19:48:29.945+0000] {processor.py:186} INFO - Started process (PID=389) to work on /opt/airflow/dags/pipeline.py
[2026-09-11T19:48:29.948+0000] {processor.py:914} INFO - Processing file /opt/airflow/dags/pipeline.py for tasks to queue
[2026-09-11T19:48:29.953+0000] {logging_mixin.py:190} INFO - [2026-09-11T19:48:29.952+0000] {dagbag.py:588} INFO - Filling up the DagBag from /opt/airflow/dags/pipeline.py
[2026-09-11T19:48:29.984+0000] {processor.py:925} INFO - DAG(s) 'credit_risk_analysis_pipeline' retrieved from /opt/airflow/dags/pipeline.py
[2026-09-11T19:48:30.040+0000] {logging_mixin.py:190} INFO - [2026-09-11T19:48:30.040+0000] {dag.py:3239} INFO - Sync 1 DAGs
[2026-09-11T19:48:30.074+0000] {logging_mixin.py:190} INFO - [2026-09-11T19:48:30.074+0000] {dag.py:4180} INFO - Setting next_dagrun for credit_risk_analysis_pipeline to None, run_after=None
[2026-09-11T19:48:30.137+0000] {processor.py:208} INFO - Processing /opt/airflow/dags/pipeline.py took 0.206 seconds
[2026-09-11T19:49:00.473+0000] {processor.py:186} INFO - Started process (PID=390) to work on /opt/airflow/dags/pipeline.py
[2026-09-11T19:49:00.476+0000] {processor.py:914} INFO - Processing file /opt/airflow/dags/pipeline.py for tasks to queue
[2026-09-11T19:49:00.481+0000] {logging_mixin.py:190} INFO - [2026-09-11T19:49:00.481+0000] {dagbag.py:588} INFO - Filling up the DagBag from /opt/airflow/dags/pipeline.py
[2026-09-11T19:49:00.521+0000] {processor.py:925} INFO - DAG(s) 'credit_risk_analysis_pipeline' retrieved from /opt/airflow/dags/pipeline.py
[2026-09-11T19:49:00.578+0000] {logging_mixin.py:190} INFO - [2026-09-11T19:49:00.578+0000] {dag.py:3239} INFO - Sync 1 DAGs
[2026-09-11T19:49:00.609+0000] {logging_mixin.py:190} INFO - [2026-09-11T19:49:00.609+0000] {dag.py:4180} INFO - Setting next_dagrun for credit_risk_analysis_pipeline to None, run_after=None
[2026-09-11T19:49:00.659+0000] {processor.py:208} INFO - Processing /opt/airflow/dags/pipeline.py took 0.201 seconds
[2026-09-11T19:49:30.895+0000] {processor.py:186} INFO - Started process (PID=391) to work on /opt/airflow/dags/pipeline.py
[2026-09-11T19:49:30.897+0000] {processor.py:914} INFO - Processing file /opt/airflow/dags/pipeline.py for tasks to queue
[2026-09-11T19:49:30.903+0000] {logging_mixin.py:190} INFO - [2026-09-11T19:49:30.902+0000] {dagbag.py:588} INFO - Filling up the DagBag from /opt/airflow/dags/pipeline.py
[2026-09-11T19:49:30.938+0000] {processor.py:925} INFO - DAG(s) 'credit_risk_analysis_pipeline' retrieved from /opt/airflow/dags/pipeline.py
[2026-09-11T19:49:31.006+0000] {logging_mixin.py:190} INFO - [2026-09-11T19:49:31.005+0000] {dag.py:3239} INFO - Sync 1 DAGs
[2026-09-11T19:49:31.042+0000] {logging_mixin.py:190} INFO - [2026-09-11T19:49:31.041+0000] {dag.py:4180} INFO - Setting next_dagrun for credit_risk_analysis_pipeline to None, run_after=None
[2026-09-11T19:49:31.099+0000] {processor.py:208} INFO - Processing /opt/airflow/dags/pipeline.py took 0.220 seconds
[2026-09-11T19:50:01.455+0000] {processor.py:186} INFO - Started process (PID=392) to work on /opt/airflow/dags/pipeline.py
[2026-09-11T19:50:01.458+0000] {processor.py:914} INFO - Processing file /opt/airflow/dags/pipeline.py for tasks to queue
[2026-09-11T19:50:01.466+0000] {logging_mixin.py:190} INFO - [2026-09-11T19:50:01.464+0000] {dagbag.py:588} INFO - Filling up the DagBag from /opt/airflow/dags/pipeline.py
[2026-09-11T19:50:01.500+0000] {processor.py:925} INFO - DAG(s) 'credit_risk_analysis_pipeline' retrieved from /opt/airflow/dags/pipeline.py
[2026-09-11T19:50:01.587+0000] {logging_mixin.py:190} INFO - [2026-09-11T19:50:01.587+0000] {dag.py:3239} INFO - Sync 1 DAGs
[2026-09-11T19:50:01.628+0000] {logging_mixin.py:190} INFO - [2026-09-11T19:50:01.628+0000] {dag.py:4180} INFO - Setting next_dagrun for credit_risk_analysis_pipeline to None, run_after=None
[2026-09-11T19:50:01.678+0000] {processor.py:208} INFO - Processing /opt/airflow/dags/pipeline.py took 0.239 seconds
[2026-09-11T19:50:31.855+0000] {processor.py:186} INFO - Started process (PID=393) to work on /opt/airflow/dags/pipeline.py
[2026-09-11T19:50:31.858+0000] {processor.py:914} INFO - Processing file /opt/airflow/dags/pipeline.py for tasks to queue
[2026-09-11T19:50:31.864+0000] {logging_mixin.py:190} INFO - [2026-09-11T19:50:31.864+0000] {dagbag.py:588} INFO - Filling up the DagBag from /opt/airflow/dags/pipeline.py
[2026-09-11T19:50:31.899+0000] {processor.py:925} INFO - DAG(s) 'credit_risk_analysis_pipeline' retrieved from /opt/airflow/dags/pipeline.py
[2026-09-11T19:50:31.950+0000] {logging_mixin.py:190} INFO - [2026-09-11T19:50:31.950+0000] {dag.py:3239} INFO - Sync 1 DAGs
[2026-09-11T19:50:31.979+0000] {logging_mixin.py:190} INFO - [2026-09-11T19:50:31.978+0000] {dag.py:4180} INFO - Setting next_dagrun for credit_risk_analysis_pipeline to None, run_after=None
[2026-09-11T19:50:32.028+0000] {processor.py:208} INFO - Processing /opt/airflow/dags/pipeline.py took 0.184 seconds
[2026-09-11T19:51:02.432+0000] {processor.py:186} INFO - Started process (PID=394) to work on /opt/airflow/dags/pipeline.py
[2026-09-11T19:51:02.435+0000] {processor.py:914} INFO - Processing file /opt/airflow/dags/pipeline.py for tasks to queue
[2026-09-11T19:51:02.441+0000] {logging_mixin.py:190} INFO - [2026-09-11T19:51:02.441+0000] {dagbag.py:588} INFO - Filling up the DagBag from /opt/airflow/dags/pipeline.py
[2026-09-11T19:51:02.467+0000] {processor.py:925} INFO - DAG(s) 'credit_risk_analysis_pipeline' retrieved from /opt/airflow/dags/pipeline.py
[2026-09-11T19:51:02.517+0000] {logging_mixin.py:190} INFO - [2026-09-11T19:51:02.516+0000] {dag.py:3239} INFO - Sync 1 DAGs
[2026-09-11T19:51:02.544+0000] {logging_mixin.py:190} INFO - [2026-09-11T19:51:02.544+0000] {dag.py:4180} INFO - Setting next_dagrun for credit_risk_analysis_pipeline to None, run_after=None
[2026-09-11T19:51:02.597+0000] {processor.py:208} INFO - Processing /opt/airflow/dags/pipeline.py took 0.179 seconds
[2026-09-11T19:51:32.877+0000] {processor.py:186} INFO - Started process (PID=395) to work on /opt/airflow/dags/pipeline.py
[2026-09-11T19:51:32.879+0000] {processor.py:914} INFO - Processing file /opt/airflow/dags/pipeline.py for tasks to queue
[2026-09-11T19:51:32.886+0000] {logging_mixin.py:190} INFO - [2026-09-11T19:51:32.885+0000] {dagbag.py:588} INFO - Filling up the DagBag from /opt/airflow/dags/pipeline.py
[2026-09-11T19:51:32.918+0000] {processor.py:925} INFO - DAG(s) 'credit_risk_analysis_pipeline' retrieved from /opt/airflow/dags/pipeline.py
[2026-09-11T19:51:32.971+0000] {logging_mixin.py:190} INFO - [2026-09-11T19:51:32.971+0000] {dag.py:3239} INFO - Sync 1 DAGs
[2026-09-11T19:51:32.999+0000] {logging_mixin.py:190} INFO - [2026-09-11T19:51:32.999+0000] {dag.py:4180} INFO - Setting next_dagrun for credit_risk_analysis_pipeline to None, run_after=None
[2026-09-11T19:51:33.046+0000] {processor.py:208} INFO - Processing /opt/airflow/dags/pipeline.py took 0.179 seconds
[2026-09-11T19:52:03.370+0000] {processor.py:186} INFO - Started process (PID=396) to work on /opt/airflow/dags/pipeline.py
[2026-09-11T19:52:03.373+0000] {processor.py:914} INFO - Processing file /opt/airflow/dags/pipeline.py for tasks to queue
[2026-09-11T19:52:03.378+0000] {logging_mixin.py:190} INFO - [2026-09-11T19:52:03.378+0000] {dagbag.py:588} INFO - Filling up the DagBag from /opt/airflow/dags/pipeline.py
[2026-09-11T19:52:03.418+0000] {processor.py:925} INFO - DAG(s) 'credit_risk_analysis_pipeline' retrieved from /opt/airflow/dags/pipeline.py
[2026-09-11T19:52:03.470+0000] {logging_mixin.py:190} INFO - [2026-09-11T19:52:03.470+0000] {dag.py:3239} INFO - Sync 1 DAGs
[2026-09-11T19:52:03.498+0000] {logging_mixin.py:190} INFO - [2026-09-11T19:52:03.498+0000] {dag.py:4180} INFO - Setting next_dagrun for credit_risk_analysis_pipeline to None, run_after=None
[2026-09-11T19:52:03.539+0000] {processor.py:208} INFO - Processing /opt/airflow/dags/pipeline.py took 0.182 seconds
[2026-09-11T19:52:33.869+0000] {processor.py:186} INFO - Started process (PID=397) to work on /opt/airflow/dags/pipeline.py
[2026-09-11T19:52:33.872+0000] {processor.py:914} INFO - Processing file /opt/airflow/dags/pipeline.py for tasks to queue
[2026-09-11T19:52:33.877+0000] {logging_mixin.py:190} INFO - [2026-09-11T19:52:33.877+0000] {dagbag.py:588} INFO - Filling up the DagBag from /opt/airflow/dags/pipeline.py
[2026-09-11T19:52:33.910+0000] {processor.py:925} INFO - DAG(s) 'credit_risk_analysis_pipeline' retrieved from /opt/airflow/dags/pipeline.py
[2026-09-11T19:52:33.958+0000] {logging_mixin.py:190} INFO - [2026-09-11T19:52:33.957+0000] {dag.py:3239} INFO - Sync 1 DAGs
[2026-09-11T19:52:33.992+0000] {logging_mixin.py:190} INFO - [2026-09-11T19:52:33.992+0000] {dag.py:4180} INFO - Setting next_dagrun for credit_risk_analysis_pipeline to None, run_after=None
[2026-09-11T19:52:34.038+0000] {processor.py:208} INFO - Processing /opt/airflow/dags/pipeline.py took 0.183 seconds
[2026-09-11T19:53:04.265+0000] {processor.py:186} INFO - Started process (PID=398) to work on /opt/airflow/dags/pipeline.py
[2026-09-11T19:53:04.268+0000] {processor.py:914} INFO - Processing file /opt/airflow/dags/pipeline.py for tasks to queue
[2026-09-11T19:53:04.273+0000] {logging_mixin.py:190} INFO - [2026-09-11T19:53:04.272+0000] {dagbag.py:588} INFO - Filling up the DagBag from /opt/airflow/dags/pipeline.py
[2026-09-11T19:53:04.308+0000] {processor.py:925} INFO - DAG(s) 'credit_risk_analysis_pipeline' retrieved from /opt/airflow/dags/pipeline.py
[2026-09-11T19:53:04.363+0000] {logging_mixin.py:190} INFO - [2026-09-11T19:53:04.362+0000] {dag.py:3239} INFO - Sync 1 DAGs
[2026-09-11T19:53:04.393+0000] {logging_mixin.py:190} INFO - [2026-09-11T19:53:04.393+0000] {dag.py:4180} INFO - Setting next_dagrun for credit_risk_analysis_pipeline to None, run_after=None
[2026-09-11T19:53:04.433+0000] {processor.py:208} INFO - Processing /opt/airflow/dags/pipeline.py took 0.180 seconds
[2026-09-11T19:53:34.796+0000] {processor.py:186} INFO - Started process (PID=399) to work on /opt/airflow/dags/pipeline.py
[2026-09-11T19:53:34.798+0000] {processor.py:914} INFO - Processing file /opt/airflow/dags/pipeline.py for tasks to queue
[2026-09-11T19:53:34.804+0000] {logging_mixin.py:190} INFO - [2026-09-11T19:53:34.803+0000] {dagbag.py:588} INFO - Filling up the DagBag from /opt/airflow/dags/pipeline.py
[2026-09-11T19:53:34.840+0000] {processor.py:925} INFO - DAG(s) 'credit_risk_analysis_pipeline' retrieved from /opt/airflow/dags/pipeline.py
[2026-09-11T19:53:34.892+0000] {logging_mixin.py:190} INFO - [2026-09-11T19:53:34.892+0000] {dag.py:3239} INFO - Sync 1 DAGs
[2026-09-11T19:53:34.926+0000] {logging_mixin.py:190} INFO - [2026-09-11T19:53:34.925+0000] {dag.py:4180} INFO - Setting next_dagrun for credit_risk_analysis_pipeline to None, run_after=None
[2026-09-11T19:53:34.968+0000] {processor.py:208} INFO - Processing /opt/airflow/dags/pipeline.py took 0.182 seconds
[2026-09-11T19:54:05.211+0000] {processor.py:186} INFO - Started process (PID=400) to work on /opt/airflow/dags/pipeline.py
[2026-09-11T19:54:05.214+0000] {processor.py:914} INFO - Processing file /opt/airflow/dags/pipeline.py for tasks to queue
[2026-09-11T19:54:05.219+0000] {logging_mixin.py:190} INFO - [2026-09-11T19:54:05.219+0000] {dagbag.py:588} INFO - Filling up the DagBag from /opt/airflow/dags/pipeline.py
[2026-09-11T19:54:05.252+0000] {processor.py:925} INFO - DAG(s) 'credit_risk_analysis_pipeline' retrieved from /opt/airflow/dags/pipeline.py
[2026-09-11T19:54:05.312+0000] {logging_mixin.py:190} INFO - [2026-09-11T19:54:05.311+0000] {dag.py:3239} INFO - Sync 1 DAGs
[2026-09-11T19:54:05.342+0000] {logging_mixin.py:190} INFO - [2026-09-11T19:54:05.341+0000] {dag.py:4180} INFO - Setting next_dagrun for credit_risk_analysis_pipeline to None, run_after=None
[2026-09-11T19:54:05.383+0000] {processor.py:208} INFO - Processing /opt/airflow/dags/pipeline.py took 0.183 seconds
[2026-09-11T19:54:35.739+0000] {processor.py:186} INFO - Started process (PID=401) to work on /opt/airflow/dags/pipeline.py
[2026-09-11T19:54:35.742+0000] {processor.py:914} INFO - Processing file /opt/airflow/dags/pipeline.py for tasks to queue
[2026-09-11T19:54:35.747+0000] {logging_mixin.py:190} INFO - [2026-09-11T19:54:35.746+0000] {dagbag.py:588} INFO - Filling up the DagBag from /opt/airflow/dags/pipeline.py
[2026-09-11T19:54:35.778+0000] {processor.py:925} INFO - DAG(s) 'credit_risk_analysis_pipeline' retrieved from /opt/airflow/dags/pipeline.py
[2026-09-11T19:54:35.828+0000] {logging_mixin.py:190} INFO - [2026-09-11T19:54:35.828+0000] {dag.py:3239} INFO - Sync 1 DAGs
[2026-09-11T19:54:35.865+0000] {logging_mixin.py:190} INFO - [2026-09-11T19:54:35.864+0000] {dag.py:4180} INFO - Setting next_dagrun for credit_risk_analysis_pipeline to None, run_after=None
[2026-09-11T19:54:35.916+0000] {processor.py:208} INFO - Processing /opt/airflow/dags/pipeline.py took 0.188 seconds
[2026-09-11T19:55:06.195+0000] {processor.py:186} INFO - Started process (PID=402) to work on /opt/airflow/dags/pipeline.py
[2026-09-11T19:55:06.198+0000] {processor.py:914} INFO - Processing file /opt/airflow/dags/pipeline.py for tasks to queue
[2026-09-11T19:55:06.205+0000] {logging_mixin.py:190} INFO - [2026-09-11T19:55:06.204+0000] {dagbag.py:588} INFO - Filling up the DagBag from /opt/airflow/dags/pipeline.py
[2026-09-11T19:55:06.239+0000] {processor.py:925} INFO - DAG(s) 'credit_risk_analysis_pipeline' retrieved from /opt/airflow/dags/pipeline.py
[2026-09-11T19:55:06.314+0000] {logging_mixin.py:190} INFO - [2026-09-11T19:55:06.313+0000] {dag.py:3239} INFO - Sync 1 DAGs
[2026-09-11T19:55:06.358+0000] {logging_mixin.py:190} INFO - [2026-09-11T19:55:06.357+0000] {dag.py:4180} INFO - Setting next_dagrun for credit_risk_analysis_pipeline to None, run_after=None
[2026-09-11T19:55:06.404+0000] {processor.py:208} INFO - Processing /opt/airflow/dags/pipeline.py took 0.224 seconds
[2026-09-11T19:55:36.634+0000] {processor.py:186} INFO - Started process (PID=403) to work on /opt/airflow/dags/pipeline.py
[2026-09-11T19:55:36.637+0000] {processor.py:914} INFO - Processing file /opt/airflow/dags/pipeline.py for tasks to queue
[2026-09-11T19:55:36.642+0000] {logging_mixin.py:190} INFO - [2026-09-11T19:55:36.642+0000] {dagbag.py:588} INFO - Filling up the DagBag from /opt/airflow/dags/pipeline.py
[2026-09-11T19:55:36.674+0000] {processor.py:925} INFO - DAG(s) 'credit_risk_analysis_pipeline' retrieved from /opt/airflow/dags/pipeline.py
[2026-09-11T19:55:36.739+0000] {logging_mixin.py:190} INFO - [2026-09-11T19:55:36.739+0000] {dag.py:3239} INFO - Sync 1 DAGs
[2026-09-11T19:55:36.778+0000] {logging_mixin.py:190} INFO - [2026-09-11T19:55:36.778+0000] {dag.py:4180} INFO - Setting next_dagrun for credit_risk_analysis_pipeline to None, run_after=None
[2026-09-11T19:55:36.829+0000] {processor.py:208} INFO - Processing /opt/airflow/dags/pipeline.py took 0.212 seconds
[2026-09-11T19:56:07.145+0000] {processor.py:186} INFO - Started process (PID=404) to work on /opt/airflow/dags/pipeline.py
[2026-09-11T19:56:07.148+0000] {processor.py:914} INFO - Processing file /opt/airflow/dags/pipeline.py for tasks to queue
[2026-09-11T19:56:07.156+0000] {logging_mixin.py:190} INFO - [2026-09-11T19:56:07.155+0000] {dagbag.py:588} INFO - Filling up the DagBag from /opt/airflow/dags/pipeline.py
[2026-09-11T19:56:07.189+0000] {processor.py:925} INFO - DAG(s) 'credit_risk_analysis_pipeline' retrieved from /opt/airflow/dags/pipeline.py
[2026-09-11T19:56:07.244+0000] {logging_mixin.py:190} INFO - [2026-09-11T19:56:07.244+0000] {dag.py:3239} INFO - Sync 1 DAGs
[2026-09-11T19:56:07.275+0000] {logging_mixin.py:190} INFO - [2026-09-11T19:56:07.275+0000] {dag.py:4180} INFO - Setting next_dagrun for credit_risk_analysis_pipeline to None, run_after=None
[2026-09-11T19:56:07.329+0000] {processor.py:208} INFO - Processing /opt/airflow/dags/pipeline.py took 0.200 seconds
[2026-09-11T19:56:37.568+0000] {processor.py:186} INFO - Started process (PID=405) to work on /opt/airflow/dags/pipeline.py
[2026-09-11T19:56:37.570+0000] {processor.py:914} INFO - Processing file /opt/airflow/dags/pipeline.py for tasks to queue
[2026-09-11T19:56:37.576+0000] {logging_mixin.py:190} INFO - [2026-09-11T19:56:37.575+0000] {dagbag.py:588} INFO - Filling up the DagBag from /opt/airflow/dags/pipeline.py
[2026-09-11T19:56:37.610+0000] {processor.py:925} INFO - DAG(s) 'credit_risk_analysis_pipeline' retrieved from /opt/airflow/dags/pipeline.py
[2026-09-11T19:56:37.662+0000] {logging_mixin.py:190} INFO - [2026-09-11T19:56:37.662+0000] {dag.py:3239} INFO - Sync 1 DAGs
[2026-09-11T19:56:37.691+0000] {logging_mixin.py:190} INFO - [2026-09-11T19:56:37.691+0000] {dag.py:4180} INFO - Setting next_dagrun for credit_risk_analysis_pipeline to None, run_after=None
[2026-09-11T19:56:37.737+0000] {processor.py:208} INFO - Processing /opt/airflow/dags/pipeline.py took 0.183 seconds
[2026-09-11T19:57:08.080+0000] {processor.py:186} INFO - Started process (PID=406) to work on /opt/airflow/dags/pipeline.py
[2026-09-11T19:57:08.082+0000] {processor.py:914} INFO - Processing file /opt/airflow/dags/pipeline.py for tasks to queue
[2026-09-11T19:57:08.086+0000] {logging_mixin.py:190} INFO - [2026-09-11T19:57:08.086+0000] {dagbag.py:588} INFO - Filling up the DagBag from /opt/airflow/dags/pipeline.py
[2026-09-11T19:57:08.117+0000] {processor.py:925} INFO - DAG(s) 'credit_risk_analysis_pipeline' retrieved from /opt/airflow/dags/pipeline.py
[2026-09-11T19:57:08.171+0000] {logging_mixin.py:190} INFO - [2026-09-11T19:57:08.170+0000] {dag.py:3239} INFO - Sync 1 DAGs
[2026-09-11T19:57:08.199+0000] {logging_mixin.py:190} INFO - [2026-09-11T19:57:08.198+0000] {dag.py:4180} INFO - Setting next_dagrun for credit_risk_analysis_pipeline to None, run_after=None
[2026-09-11T19:57:08.247+0000] {processor.py:208} INFO - Processing /opt/airflow/dags/pipeline.py took 0.179 seconds
[2026-09-11T19:57:38.540+0000] {processor.py:186} INFO - Started process (PID=407) to work on /opt/airflow/dags/pipeline.py
[2026-09-11T19:57:38.543+0000] {processor.py:914} INFO - Processing file /opt/airflow/dags/pipeline.py for tasks to queue
[2026-09-11T19:57:38.549+0000] {logging_mixin.py:190} INFO - [2026-09-11T19:57:38.548+0000] {dagbag.py:588} INFO - Filling up the DagBag from /opt/airflow/dags/pipeline.py
[2026-09-11T19:57:38.580+0000] {processor.py:925} INFO - DAG(s) 'credit_risk_analysis_pipeline' retrieved from /opt/airflow/dags/pipeline.py
[2026-09-11T19:57:38.634+0000] {logging_mixin.py:190} INFO - [2026-09-11T19:57:38.634+0000] {dag.py:3239} INFO - Sync 1 DAGs
[2026-09-11T19:57:38.663+0000] {logging_mixin.py:190} INFO - [2026-09-11T19:57:38.663+0000] {dag.py:4180} INFO - Setting next_dagrun for credit_risk_analysis_pipeline to None, run_after=None
[2026-09-11T19:57:38.714+0000] {processor.py:208} INFO - Processing /opt/airflow/dags/pipeline.py took 0.187 seconds
[2026-09-11T19:58:08.983+0000] {processor.py:186} INFO - Started process (PID=408) to work on /opt/airflow/dags/pipeline.py
[2026-09-11T19:58:08.985+0000] {processor.py:914} INFO - Processing file /opt/airflow/dags/pipeline.py for tasks to queue
[2026-09-11T19:58:08.990+0000] {logging_mixin.py:190} INFO - [2026-09-11T19:58:08.990+0000] {dagbag.py:588} INFO - Filling up the DagBag from /opt/airflow/dags/pipeline.py
[2026-09-11T19:58:09.024+0000] {processor.py:925} INFO - DAG(s) 'credit_risk_analysis_pipeline' retrieved from /opt/airflow/dags/pipeline.py
[2026-09-11T19:58:09.074+0000] {logging_mixin.py:190} INFO - [2026-09-11T19:58:09.073+0000] {dag.py:3239} INFO - Sync 1 DAGs
[2026-09-11T19:58:09.106+0000] {logging_mixin.py:190} INFO - [2026-09-11T19:58:09.106+0000] {dag.py:4180} INFO - Setting next_dagrun for credit_risk_analysis_pipeline to None, run_after=None
[2026-09-11T19:58:09.144+0000] {processor.py:208} INFO - Processing /opt/airflow/dags/pipeline.py took 0.173 seconds
[2026-09-11T19:58:39.488+0000] {processor.py:186} INFO - Started process (PID=409) to work on /opt/airflow/dags/pipeline.py
[2026-09-11T19:58:39.491+0000] {processor.py:914} INFO - Processing file /opt/airflow/dags/pipeline.py for tasks to queue
[2026-09-11T19:58:39.498+0000] {logging_mixin.py:190} INFO - [2026-09-11T19:58:39.496+0000] {dagbag.py:588} INFO - Filling up the DagBag from /opt/airflow/dags/pipeline.py
[2026-09-11T19:58:39.541+0000] {processor.py:925} INFO - DAG(s) 'credit_risk_analysis_pipeline' retrieved from /opt/airflow/dags/pipeline.py
[2026-09-11T19:58:39.604+0000] {logging_mixin.py:190} INFO - [2026-09-11T19:58:39.604+0000] {dag.py:3239} INFO - Sync 1 DAGs
[2026-09-11T19:58:39.640+0000] {logging_mixin.py:190} INFO - [2026-09-11T19:58:39.639+0000] {dag.py:4180} INFO - Setting next_dagrun for credit_risk_analysis_pipeline to None, run_after=None
[2026-09-11T19:58:39.703+0000] {processor.py:208} INFO - Processing /opt/airflow/dags/pipeline.py took 0.230 seconds
[2026-09-11T19:59:09.948+0000] {processor.py:186} INFO - Started process (PID=410) to work on /opt/airflow/dags/pipeline.py
[2026-09-11T19:59:09.951+0000] {processor.py:914} INFO - Processing file /opt/airflow/dags/pipeline.py for tasks to queue
[2026-09-11T19:59:09.959+0000] {logging_mixin.py:190} INFO - [2026-09-11T19:59:09.959+0000] {dagbag.py:588} INFO - Filling up the DagBag from /opt/airflow/dags/pipeline.py
[2026-09-11T19:59:09.996+0000] {processor.py:925} INFO - DAG(s) 'credit_risk_analysis_pipeline' retrieved from /opt/airflow/dags/pipeline.py
[2026-09-11T19:59:10.058+0000] {logging_mixin.py:190} INFO - [2026-09-11T19:59:10.057+0000] {dag.py:3239} INFO - Sync 1 DAGs
[2026-09-11T19:59:10.096+0000] {logging_mixin.py:190} INFO - [2026-09-11T19:59:10.095+0000] {dag.py:4180} INFO - Setting next_dagrun for credit_risk_analysis_pipeline to None, run_after=None
[2026-09-11T19:59:10.150+0000] {processor.py:208} INFO - Processing /opt/airflow/dags/pipeline.py took 0.219 seconds
[2026-09-11T19:59:39.529+0000] {processor.py:186} INFO - Started process (PID=411) to work on /opt/airflow/dags/pipeline.py
[2026-09-11T19:59:39.532+0000] {processor.py:914} INFO - Processing file /opt/airflow/dags/pipeline.py for tasks to queue
[2026-09-11T19:59:39.538+0000] {logging_mixin.py:190} INFO - [2026-09-11T19:59:39.537+0000] {dagbag.py:588} INFO - Filling up the DagBag from /opt/airflow/dags/pipeline.py
[2026-09-11T19:59:39.587+0000] {processor.py:925} INFO - DAG(s) 'credit_risk_analysis_pipeline' retrieved from /opt/airflow/dags/pipeline.py
[2026-09-11T19:59:39.636+0000] {logging_mixin.py:190} INFO - [2026-09-11T19:59:39.635+0000] {dag.py:3239} INFO - Sync 1 DAGs
[2026-09-11T19:59:39.667+0000] {logging_mixin.py:190} INFO - [2026-09-11T19:59:39.666+0000] {dag.py:4180} INFO - Setting next_dagrun for credit_risk_analysis_pipeline to None, run_after=None
[2026-09-11T19:59:39.717+0000] {processor.py:208} INFO - Processing /opt/airflow/dags/pipeline.py took 0.200 seconds
[2026-09-11T19:59:40.589+0000] {processor.py:186} INFO - Started process (PID=412) to work on /opt/airflow/dags/pipeline.py
[2026-09-11T19:59:40.592+0000] {processor.py:914} INFO - Processing file /opt/airflow/dags/pipeline.py for tasks to queue
[2026-09-11T19:59:40.598+0000] {logging_mixin.py:190} INFO - [2026-09-11T19:59:40.597+0000] {dagbag.py:588} INFO - Filling up the DagBag from /opt/airflow/dags/pipeline.py
[2026-09-11T19:59:40.671+0000] {processor.py:925} INFO - DAG(s) 'credit_risk_analysis_pipeline' retrieved from /opt/airflow/dags/pipeline.py
[2026-09-11T19:59:40.753+0000] {logging_mixin.py:190} INFO - [2026-09-11T19:59:40.752+0000] {dag.py:3239} INFO - Sync 1 DAGs
[2026-09-11T19:59:40.782+0000] {logging_mixin.py:190} INFO - [2026-09-11T19:59:40.781+0000] {dag.py:4180} INFO - Setting next_dagrun for credit_risk_analysis_pipeline to None, run_after=None
[2026-09-11T19:59:40.827+0000] {processor.py:208} INFO - Processing /opt/airflow/dags/pipeline.py took 0.251 seconds
[2026-09-11T19:59:41.824+0000] {processor.py:186} INFO - Started process (PID=413) to work on /opt/airflow/dags/pipeline.py
[2026-09-11T19:59:41.827+0000] {processor.py:914} INFO - Processing file /opt/airflow/dags/pipeline.py for tasks to queue
[2026-09-11T19:59:41.832+0000] {logging_mixin.py:190} INFO - [2026-09-11T19:59:41.831+0000] {dagbag.py:588} INFO - Filling up the DagBag from /opt/airflow/dags/pipeline.py
[2026-09-11T19:59:41.896+0000] {processor.py:925} INFO - DAG(s) 'credit_risk_analysis_pipeline' retrieved from /opt/airflow/dags/pipeline.py
[2026-09-11T19:59:41.947+0000] {logging_mixin.py:190} INFO - [2026-09-11T19:59:41.946+0000] {dag.py:3239} INFO - Sync 1 DAGs
[2026-09-11T19:59:41.977+0000] {logging_mixin.py:190} INFO - [2026-09-11T19:59:41.976+0000] {dag.py:4180} INFO - Setting next_dagrun for credit_risk_analysis_pipeline to None, run_after=None
[2026-09-11T19:59:42.041+0000] {processor.py:208} INFO - Processing /opt/airflow/dags/pipeline.py took 0.231 seconds
[2026-09-11T19:59:42.948+0000] {processor.py:186} INFO - Started process (PID=414) to work on /opt/airflow/dags/pipeline.py
[2026-09-11T19:59:42.951+0000] {processor.py:914} INFO - Processing file /opt/airflow/dags/pipeline.py for tasks to queue
[2026-09-11T19:59:42.958+0000] {logging_mixin.py:190} INFO - [2026-09-11T19:59:42.957+0000] {dagbag.py:588} INFO - Filling up the DagBag from /opt/airflow/dags/pipeline.py
[2026-09-11T19:59:43.032+0000] {processor.py:925} INFO - DAG(s) 'credit_risk_analysis_pipeline' retrieved from /opt/airflow/dags/pipeline.py
[2026-09-11T19:59:43.090+0000] {logging_mixin.py:190} INFO - [2026-09-11T19:59:43.090+0000] {dag.py:3239} INFO - Sync 1 DAGs
[2026-09-11T19:59:43.126+0000] {logging_mixin.py:190} INFO - [2026-09-11T19:59:43.125+0000] {dag.py:4180} INFO - Setting next_dagrun for credit_risk_analysis_pipeline to None, run_after=None
[2026-09-11T19:59:43.189+0000] {processor.py:208} INFO - Processing /opt/airflow/dags/pipeline.py took 0.254 seconds
[2026-09-11T20:00:02.512+0000] {processor.py:186} INFO - Started process (PID=415) to work on /opt/airflow/dags/pipeline.py
[2026-09-11T20:00:02.515+0000] {processor.py:914} INFO - Processing file /opt/airflow/dags/pipeline.py for tasks to queue
[2026-09-11T20:00:02.524+0000] {logging_mixin.py:190} INFO - [2026-09-11T20:00:02.523+0000] {dagbag.py:588} INFO - Filling up the DagBag from /opt/airflow/dags/pipeline.py
[2026-09-11T20:00:02.583+0000] {processor.py:925} INFO - DAG(s) 'credit_risk_analysis_pipeline' retrieved from /opt/airflow/dags/pipeline.py
[2026-09-11T20:00:02.645+0000] {logging_mixin.py:190} INFO - [2026-09-11T20:00:02.644+0000] {dag.py:3239} INFO - Sync 1 DAGs
[2026-09-11T20:00:02.679+0000] {logging_mixin.py:190} INFO - [2026-09-11T20:00:02.678+0000] {dag.py:4180} INFO - Setting next_dagrun for credit_risk_analysis_pipeline to None, run_after=None
[2026-09-11T20:00:02.739+0000] {processor.py:208} INFO - Processing /opt/airflow/dags/pipeline.py took 0.242 seconds
[2026-09-11T20:00:03.550+0000] {processor.py:186} INFO - Started process (PID=416) to work on /opt/airflow/dags/pipeline.py
[2026-09-11T20:00:03.562+0000] {processor.py:914} INFO - Processing file /opt/airflow/dags/pipeline.py for tasks to queue
[2026-09-11T20:00:03.568+0000] {logging_mixin.py:190} INFO - [2026-09-11T20:00:03.567+0000] {dagbag.py:588} INFO - Filling up the DagBag from /opt/airflow/dags/pipeline.py
[2026-09-11T20:00:03.628+0000] {processor.py:925} INFO - DAG(s) 'credit_risk_analysis_pipeline' retrieved from /opt/airflow/dags/pipeline.py
[2026-09-11T20:00:03.680+0000] {logging_mixin.py:190} INFO - [2026-09-11T20:00:03.679+0000] {dag.py:3239} INFO - Sync 1 DAGs
[2026-09-11T20:00:03.706+0000] {logging_mixin.py:190} INFO - [2026-09-11T20:00:03.706+0000] {dag.py:4180} INFO - Setting next_dagrun for credit_risk_analysis_pipeline to None, run_after=None
[2026-09-11T20:00:03.754+0000] {processor.py:208} INFO - Processing /opt/airflow/dags/pipeline.py took 0.220 seconds
[2026-09-11T20:00:04.588+0000] {processor.py:186} INFO - Started process (PID=417) to work on /opt/airflow/dags/pipeline.py
[2026-09-11T20:00:04.591+0000] {processor.py:914} INFO - Processing file /opt/airflow/dags/pipeline.py for tasks to queue
[2026-09-11T20:00:04.597+0000] {logging_mixin.py:190} INFO - [2026-09-11T20:00:04.596+0000] {dagbag.py:588} INFO - Filling up the DagBag from /opt/airflow/dags/pipeline.py
[2026-09-11T20:00:04.657+0000] {processor.py:925} INFO - DAG(s) 'credit_risk_analysis_pipeline' retrieved from /opt/airflow/dags/pipeline.py
[2026-09-11T20:00:04.716+0000] {logging_mixin.py:190} INFO - [2026-09-11T20:00:04.716+0000] {dag.py:3239} INFO - Sync 1 DAGs
[2026-09-11T20:00:04.751+0000] {logging_mixin.py:190} INFO - [2026-09-11T20:00:04.751+0000] {dag.py:4180} INFO - Setting next_dagrun for credit_risk_analysis_pipeline to None, run_after=None
[2026-09-11T20:00:04.802+0000] {processor.py:208} INFO - Processing /opt/airflow/dags/pipeline.py took 0.224 seconds
[2026-09-11T20:00:09.906+0000] {processor.py:186} INFO - Started process (PID=418) to work on /opt/airflow/dags/pipeline.py
[2026-09-11T20:00:09.908+0000] {processor.py:914} INFO - Processing file /opt/airflow/dags/pipeline.py for tasks to queue
[2026-09-11T20:00:09.913+0000] {logging_mixin.py:190} INFO - [2026-09-11T20:00:09.912+0000] {dagbag.py:588} INFO - Filling up the DagBag from /opt/airflow/dags/pipeline.py
[2026-09-11T20:00:09.982+0000] {processor.py:925} INFO - DAG(s) 'credit_risk_analysis_pipeline' retrieved from /opt/airflow/dags/pipeline.py
[2026-09-11T20:00:10.036+0000] {logging_mixin.py:190} INFO - [2026-09-11T20:00:10.035+0000] {dag.py:3239} INFO - Sync 1 DAGs
[2026-09-11T20:00:10.066+0000] {logging_mixin.py:190} INFO - [2026-09-11T20:00:10.065+0000] {dag.py:4180} INFO - Setting next_dagrun for credit_risk_analysis_pipeline to None, run_after=None
[2026-09-11T20:00:10.124+0000] {processor.py:208} INFO - Processing /opt/airflow/dags/pipeline.py took 0.231 seconds
[2026-09-11T20:00:10.974+0000] {processor.py:186} INFO - Started process (PID=419) to work on /opt/airflow/dags/pipeline.py
[2026-09-11T20:00:10.977+0000] {processor.py:914} INFO - Processing file /opt/airflow/dags/pipeline.py for tasks to queue
[2026-09-11T20:00:10.982+0000] {logging_mixin.py:190} INFO - [2026-09-11T20:00:10.981+0000] {dagbag.py:588} INFO - Filling up the DagBag from /opt/airflow/dags/pipeline.py
[2026-09-11T20:00:11.048+0000] {processor.py:925} INFO - DAG(s) 'credit_risk_analysis_pipeline' retrieved from /opt/airflow/dags/pipeline.py
[2026-09-11T20:00:11.107+0000] {logging_mixin.py:190} INFO - [2026-09-11T20:00:11.106+0000] {dag.py:3239} INFO - Sync 1 DAGs
[2026-09-11T20:00:11.137+0000] {logging_mixin.py:190} INFO - [2026-09-11T20:00:11.136+0000] {dag.py:4180} INFO - Setting next_dagrun for credit_risk_analysis_pipeline to None, run_after=None
[2026-09-11T20:00:11.182+0000] {processor.py:208} INFO - Processing /opt/airflow/dags/pipeline.py took 0.222 seconds
[2026-09-11T20:00:41.689+0000] {processor.py:186} INFO - Started process (PID=420) to work on /opt/airflow/dags/pipeline.py
[2026-09-11T20:00:41.692+0000] {processor.py:914} INFO - Processing file /opt/airflow/dags/pipeline.py for tasks to queue
[2026-09-11T20:00:41.704+0000] {logging_mixin.py:190} INFO - [2026-09-11T20:00:41.703+0000] {dagbag.py:588} INFO - Filling up the DagBag from /opt/airflow/dags/pipeline.py
[2026-09-11T20:00:41.741+0000] {processor.py:925} INFO - DAG(s) 'credit_risk_analysis_pipeline' retrieved from /opt/airflow/dags/pipeline.py
[2026-09-11T20:00:41.801+0000] {logging_mixin.py:190} INFO - [2026-09-11T20:00:41.801+0000] {dag.py:3239} INFO - Sync 1 DAGs
[2026-09-11T20:00:41.836+0000] {logging_mixin.py:190} INFO - [2026-09-11T20:00:41.836+0000] {dag.py:4180} INFO - Setting next_dagrun for credit_risk_analysis_pipeline to None, run_after=None
[2026-09-11T20:00:41.879+0000] {processor.py:208} INFO - Processing /opt/airflow/dags/pipeline.py took 0.212 seconds
[2026-09-11T20:01:12.080+0000] {processor.py:186} INFO - Started process (PID=421) to work on /opt/airflow/dags/pipeline.py
[2026-09-11T20:01:12.083+0000] {processor.py:914} INFO - Processing file /opt/airflow/dags/pipeline.py for tasks to queue
[2026-09-11T20:01:12.089+0000] {logging_mixin.py:190} INFO - [2026-09-11T20:01:12.088+0000] {dagbag.py:588} INFO - Filling up the DagBag from /opt/airflow/dags/pipeline.py
[2026-09-11T20:01:12.130+0000] {processor.py:925} INFO - DAG(s) 'credit_risk_analysis_pipeline' retrieved from /opt/airflow/dags/pipeline.py
[2026-09-11T20:01:12.192+0000] {logging_mixin.py:190} INFO - [2026-09-11T20:01:12.191+0000] {dag.py:3239} INFO - Sync 1 DAGs
[2026-09-11T20:01:12.226+0000] {logging_mixin.py:190} INFO - [2026-09-11T20:01:12.226+0000] {dag.py:4180} INFO - Setting next_dagrun for credit_risk_analysis_pipeline to None, run_after=None
[2026-09-11T20:01:12.270+0000] {processor.py:208} INFO - Processing /opt/airflow/dags/pipeline.py took 0.204 seconds
[2026-09-11T20:01:42.644+0000] {processor.py:186} INFO - Started process (PID=422) to work on /opt/airflow/dags/pipeline.py
[2026-09-11T20:01:42.647+0000] {processor.py:914} INFO - Processing file /opt/airflow/dags/pipeline.py for tasks to queue
[2026-09-11T20:01:42.654+0000] {logging_mixin.py:190} INFO - [2026-09-11T20:01:42.653+0000] {dagbag.py:588} INFO - Filling up the DagBag from /opt/airflow/dags/pipeline.py
[2026-09-11T20:01:42.710+0000] {processor.py:925} INFO - DAG(s) 'credit_risk_analysis_pipeline' retrieved from /opt/airflow/dags/pipeline.py
[2026-09-11T20:01:42.770+0000] {logging_mixin.py:190} INFO - [2026-09-11T20:01:42.770+0000] {dag.py:3239} INFO - Sync 1 DAGs
[2026-09-11T20:01:42.828+0000] {logging_mixin.py:190} INFO - [2026-09-11T20:01:42.828+0000] {dag.py:4180} INFO - Setting next_dagrun for credit_risk_analysis_pipeline to None, run_after=None
[2026-09-11T20:01:42.883+0000] {processor.py:208} INFO - Processing /opt/airflow/dags/pipeline.py took 0.254 seconds
[2026-09-11T20:02:13.000+0000] {processor.py:186} INFO - Started process (PID=423) to work on /opt/airflow/dags/pipeline.py
[2026-09-11T20:02:13.002+0000] {processor.py:914} INFO - Processing file /opt/airflow/dags/pipeline.py for tasks to queue
[2026-09-11T20:02:13.009+0000] {logging_mixin.py:190} INFO - [2026-09-11T20:02:13.009+0000] {dagbag.py:588} INFO - Filling up the DagBag from /opt/airflow/dags/pipeline.py
[2026-09-11T20:02:13.044+0000] {processor.py:925} INFO - DAG(s) 'credit_risk_analysis_pipeline' retrieved from /opt/airflow/dags/pipeline.py
[2026-09-11T20:02:13.129+0000] {logging_mixin.py:190} INFO - [2026-09-11T20:02:13.129+0000] {dag.py:3239} INFO - Sync 1 DAGs
[2026-09-11T20:02:13.170+0000] {logging_mixin.py:190} INFO - [2026-09-11T20:02:13.169+0000] {dag.py:4180} INFO - Setting next_dagrun for credit_risk_analysis_pipeline to None, run_after=None
[2026-09-11T20:02:13.221+0000] {processor.py:208} INFO - Processing /opt/airflow/dags/pipeline.py took 0.233 seconds
[2026-09-11T20:02:43.624+0000] {processor.py:186} INFO - Started process (PID=424) to work on /opt/airflow/dags/pipeline.py
[2026-09-11T20:02:43.627+0000] {processor.py:914} INFO - Processing file /opt/airflow/dags/pipeline.py for tasks to queue
[2026-09-11T20:02:43.634+0000] {logging_mixin.py:190} INFO - [2026-09-11T20:02:43.633+0000] {dagbag.py:588} INFO - Filling up the DagBag from /opt/airflow/dags/pipeline.py
[2026-09-11T20:02:43.671+0000] {processor.py:925} INFO - DAG(s) 'credit_risk_analysis_pipeline' retrieved from /opt/airflow/dags/pipeline.py
[2026-09-11T20:02:43.726+0000] {logging_mixin.py:190} INFO - [2026-09-11T20:02:43.726+0000] {dag.py:3239} INFO - Sync 1 DAGs
[2026-09-11T20:02:43.759+0000] {logging_mixin.py:190} INFO - [2026-09-11T20:02:43.758+0000] {dag.py:4180} INFO - Setting next_dagrun for credit_risk_analysis_pipeline to None, run_after=None
[2026-09-11T20:02:43.800+0000] {processor.py:208} INFO - Processing /opt/airflow/dags/pipeline.py took 0.188 seconds
[2026-09-11T20:03:14.046+0000] {processor.py:186} INFO - Started process (PID=425) to work on /opt/airflow/dags/pipeline.py
[2026-09-11T20:03:14.049+0000] {processor.py:914} INFO - Processing file /opt/airflow/dags/pipeline.py for tasks to queue
[2026-09-11T20:03:14.057+0000] {logging_mixin.py:190} INFO - [2026-09-11T20:03:14.056+0000] {dagbag.py:588} INFO - Filling up the DagBag from /opt/airflow/dags/pipeline.py
[2026-09-11T20:03:14.093+0000] {processor.py:925} INFO - DAG(s) 'credit_risk_analysis_pipeline' retrieved from /opt/airflow/dags/pipeline.py
[2026-09-11T20:03:14.154+0000] {logging_mixin.py:190} INFO - [2026-09-11T20:03:14.154+0000] {dag.py:3239} INFO - Sync 1 DAGs
[2026-09-11T20:03:14.193+0000] {logging_mixin.py:190} INFO - [2026-09-11T20:03:14.193+0000] {dag.py:4180} INFO - Setting next_dagrun for credit_risk_analysis_pipeline to None, run_after=None
[2026-09-11T20:03:14.242+0000] {processor.py:208} INFO - Processing /opt/airflow/dags/pipeline.py took 0.208 seconds
[2026-09-11T20:03:44.610+0000] {processor.py:186} INFO - Started process (PID=426) to work on /opt/airflow/dags/pipeline.py
[2026-09-11T20:03:44.615+0000] {processor.py:914} INFO - Processing file /opt/airflow/dags/pipeline.py for tasks to queue
[2026-09-11T20:03:44.621+0000] {logging_mixin.py:190} INFO - [2026-09-11T20:03:44.621+0000] {dagbag.py:588} INFO - Filling up the DagBag from /opt/airflow/dags/pipeline.py
[2026-09-11T20:03:44.664+0000] {processor.py:925} INFO - DAG(s) 'credit_risk_analysis_pipeline' retrieved from /opt/airflow/dags/pipeline.py
[2026-09-11T20:03:44.724+0000] {logging_mixin.py:190} INFO - [2026-09-11T20:03:44.724+0000] {dag.py:3239} INFO - Sync 1 DAGs
[2026-09-11T20:03:44.764+0000] {logging_mixin.py:190} INFO - [2026-09-11T20:03:44.764+0000] {dag.py:4180} INFO - Setting next_dagrun for credit_risk_analysis_pipeline to None, run_after=None
[2026-09-11T20:03:44.815+0000] {processor.py:208} INFO - Processing /opt/airflow/dags/pipeline.py took 0.226 seconds
[2026-09-11T20:04:15.007+0000] {processor.py:186} INFO - Started process (PID=427) to work on /opt/airflow/dags/pipeline.py
[2026-09-11T20:04:15.010+0000] {processor.py:914} INFO - Processing file /opt/airflow/dags/pipeline.py for tasks to queue
[2026-09-11T20:04:15.018+0000] {logging_mixin.py:190} INFO - [2026-09-11T20:04:15.016+0000] {dagbag.py:588} INFO - Filling up the DagBag from /opt/airflow/dags/pipeline.py
[2026-09-11T20:04:15.051+0000] {processor.py:925} INFO - DAG(s) 'credit_risk_analysis_pipeline' retrieved from /opt/airflow/dags/pipeline.py
[2026-09-11T20:04:15.115+0000] {logging_mixin.py:190} INFO - [2026-09-11T20:04:15.115+0000] {dag.py:3239} INFO - Sync 1 DAGs
[2026-09-11T20:04:15.153+0000] {logging_mixin.py:190} INFO - [2026-09-11T20:04:15.153+0000] {dag.py:4180} INFO - Setting next_dagrun for credit_risk_analysis_pipeline to None, run_after=None
[2026-09-11T20:04:15.216+0000] {processor.py:208} INFO - Processing /opt/airflow/dags/pipeline.py took 0.225 seconds
[2026-09-11T20:04:45.698+0000] {processor.py:186} INFO - Started process (PID=428) to work on /opt/airflow/dags/pipeline.py
[2026-09-11T20:04:45.701+0000] {processor.py:914} INFO - Processing file /opt/airflow/dags/pipeline.py for tasks to queue
[2026-09-11T20:04:45.709+0000] {logging_mixin.py:190} INFO - [2026-09-11T20:04:45.708+0000] {dagbag.py:588} INFO - Filling up the DagBag from /opt/airflow/dags/pipeline.py
[2026-09-11T20:04:45.746+0000] {processor.py:925} INFO - DAG(s) 'credit_risk_analysis_pipeline' retrieved from /opt/airflow/dags/pipeline.py
[2026-09-11T20:04:45.804+0000] {logging_mixin.py:190} INFO - [2026-09-11T20:04:45.804+0000] {dag.py:3239} INFO - Sync 1 DAGs
[2026-09-11T20:04:45.839+0000] {logging_mixin.py:190} INFO - [2026-09-11T20:04:45.839+0000] {dag.py:4180} INFO - Setting next_dagrun for credit_risk_analysis_pipeline to None, run_after=None
[2026-09-11T20:04:45.882+0000] {processor.py:208} INFO - Processing /opt/airflow/dags/pipeline.py took 0.201 seconds
[2026-09-11T20:05:16.056+0000] {processor.py:186} INFO - Started process (PID=429) to work on /opt/airflow/dags/pipeline.py
[2026-09-11T20:05:16.059+0000] {processor.py:914} INFO - Processing file /opt/airflow/dags/pipeline.py for tasks to queue
[2026-09-11T20:05:16.065+0000] {logging_mixin.py:190} INFO - [2026-09-11T20:05:16.064+0000] {dagbag.py:588} INFO - Filling up the DagBag from /opt/airflow/dags/pipeline.py
[2026-09-11T20:05:16.098+0000] {processor.py:925} INFO - DAG(s) 'credit_risk_analysis_pipeline' retrieved from /opt/airflow/dags/pipeline.py
[2026-09-11T20:05:16.167+0000] {logging_mixin.py:190} INFO - [2026-09-11T20:05:16.167+0000] {dag.py:3239} INFO - Sync 1 DAGs
[2026-09-11T20:05:16.198+0000] {logging_mixin.py:190} INFO - [2026-09-11T20:05:16.198+0000] {dag.py:4180} INFO - Setting next_dagrun for credit_risk_analysis_pipeline to None, run_after=None
[2026-09-11T20:05:16.239+0000] {processor.py:208} INFO - Processing /opt/airflow/dags/pipeline.py took 0.197 seconds
[2026-09-11T20:05:46.660+0000] {processor.py:186} INFO - Started process (PID=430) to work on /opt/airflow/dags/pipeline.py
[2026-09-11T20:05:46.662+0000] {processor.py:914} INFO - Processing file /opt/airflow/dags/pipeline.py for tasks to queue
[2026-09-11T20:05:46.669+0000] {logging_mixin.py:190} INFO - [2026-09-11T20:05:46.668+0000] {dagbag.py:588} INFO - Filling up the DagBag from /opt/airflow/dags/pipeline.py
[2026-09-11T20:05:46.702+0000] {processor.py:925} INFO - DAG(s) 'credit_risk_analysis_pipeline' retrieved from /opt/airflow/dags/pipeline.py
[2026-09-11T20:05:46.761+0000] {logging_mixin.py:190} INFO - [2026-09-11T20:05:46.760+0000] {dag.py:3239} INFO - Sync 1 DAGs
[2026-09-11T20:05:46.800+0000] {logging_mixin.py:190} INFO - [2026-09-11T20:05:46.800+0000] {dag.py:4180} INFO - Setting next_dagrun for credit_risk_analysis_pipeline to None, run_after=None
[2026-09-11T20:05:46.858+0000] {processor.py:208} INFO - Processing /opt/airflow/dags/pipeline.py took 0.218 seconds
[2026-09-11T20:06:17.063+0000] {processor.py:186} INFO - Started process (PID=431) to work on /opt/airflow/dags/pipeline.py
[2026-09-11T20:06:17.066+0000] {processor.py:914} INFO - Processing file /opt/airflow/dags/pipeline.py for tasks to queue
[2026-09-11T20:06:17.073+0000] {logging_mixin.py:190} INFO - [2026-09-11T20:06:17.072+0000] {dagbag.py:588} INFO - Filling up the DagBag from /opt/airflow/dags/pipeline.py
[2026-09-11T20:06:17.106+0000] {processor.py:925} INFO - DAG(s) 'credit_risk_analysis_pipeline' retrieved from /opt/airflow/dags/pipeline.py
[2026-09-11T20:06:17.167+0000] {logging_mixin.py:190} INFO - [2026-09-11T20:06:17.167+0000] {dag.py:3239} INFO - Sync 1 DAGs
[2026-09-11T20:06:17.206+0000] {logging_mixin.py:190} INFO - [2026-09-11T20:06:17.206+0000] {dag.py:4180} INFO - Setting next_dagrun for credit_risk_analysis_pipeline to None, run_after=None
[2026-09-11T20:06:17.263+0000] {processor.py:208} INFO - Processing /opt/airflow/dags/pipeline.py took 0.213 seconds
[2026-09-11T20:06:47.597+0000] {processor.py:186} INFO - Started process (PID=432) to work on /opt/airflow/dags/pipeline.py
[2026-09-11T20:06:47.600+0000] {processor.py:914} INFO - Processing file /opt/airflow/dags/pipeline.py for tasks to queue
[2026-09-11T20:06:47.607+0000] {logging_mixin.py:190} INFO - [2026-09-11T20:06:47.606+0000] {dagbag.py:588} INFO - Filling up the DagBag from /opt/airflow/dags/pipeline.py
[2026-09-11T20:06:47.638+0000] {processor.py:925} INFO - DAG(s) 'credit_risk_analysis_pipeline' retrieved from /opt/airflow/dags/pipeline.py
[2026-09-11T20:06:47.692+0000] {logging_mixin.py:190} INFO - [2026-09-11T20:06:47.691+0000] {dag.py:3239} INFO - Sync 1 DAGs
[2026-09-11T20:06:47.722+0000] {logging_mixin.py:190} INFO - [2026-09-11T20:06:47.722+0000] {dag.py:4180} INFO - Setting next_dagrun for credit_risk_analysis_pipeline to None, run_after=None
[2026-09-11T20:06:47.759+0000] {processor.py:208} INFO - Processing /opt/airflow/dags/pipeline.py took 0.177 seconds
[2026-09-11T20:07:17.990+0000] {processor.py:186} INFO - Started process (PID=433) to work on /opt/airflow/dags/pipeline.py
[2026-09-11T20:07:17.993+0000] {processor.py:914} INFO - Processing file /opt/airflow/dags/pipeline.py for tasks to queue
[2026-09-11T20:07:17.999+0000] {logging_mixin.py:190} INFO - [2026-09-11T20:07:17.998+0000] {dagbag.py:588} INFO - Filling up the DagBag from /opt/airflow/dags/pipeline.py
[2026-09-11T20:07:18.030+0000] {processor.py:925} INFO - DAG(s) 'credit_risk_analysis_pipeline' retrieved from /opt/airflow/dags/pipeline.py
[2026-09-11T20:07:18.103+0000] {logging_mixin.py:190} INFO - [2026-09-11T20:07:18.102+0000] {dag.py:3239} INFO - Sync 1 DAGs
[2026-09-11T20:07:18.138+0000] {logging_mixin.py:190} INFO - [2026-09-11T20:07:18.138+0000] {dag.py:4180} INFO - Setting next_dagrun for credit_risk_analysis_pipeline to None, run_after=None
[2026-09-11T20:07:18.184+0000] {processor.py:208} INFO - Processing /opt/airflow/dags/pipeline.py took 0.208 seconds
[2026-09-11T20:07:48.516+0000] {processor.py:186} INFO - Started process (PID=434) to work on /opt/airflow/dags/pipeline.py
[2026-09-11T20:07:48.519+0000] {processor.py:914} INFO - Processing file /opt/airflow/dags/pipeline.py for tasks to queue
[2026-09-11T20:07:48.525+0000] {logging_mixin.py:190} INFO - [2026-09-11T20:07:48.524+0000] {dagbag.py:588} INFO - Filling up the DagBag from /opt/airflow/dags/pipeline.py
[2026-09-11T20:07:48.560+0000] {processor.py:925} INFO - DAG(s) 'credit_risk_analysis_pipeline' retrieved from /opt/airflow/dags/pipeline.py
[2026-09-11T20:07:48.617+0000] {logging_mixin.py:190} INFO - [2026-09-11T20:07:48.617+0000] {dag.py:3239} INFO - Sync 1 DAGs
[2026-09-11T20:07:48.651+0000] {logging_mixin.py:190} INFO - [2026-09-11T20:07:48.651+0000] {dag.py:4180} INFO - Setting next_dagrun for credit_risk_analysis_pipeline to None, run_after=None
[2026-09-11T20:07:48.706+0000] {processor.py:208} INFO - Processing /opt/airflow/dags/pipeline.py took 0.203 seconds
[2026-09-11T20:08:18.989+0000] {processor.py:186} INFO - Started process (PID=435) to work on /opt/airflow/dags/pipeline.py
[2026-09-11T20:08:18.991+0000] {processor.py:914} INFO - Processing file /opt/airflow/dags/pipeline.py for tasks to queue
[2026-09-11T20:08:18.998+0000] {logging_mixin.py:190} INFO - [2026-09-11T20:08:18.997+0000] {dagbag.py:588} INFO - Filling up the DagBag from /opt/airflow/dags/pipeline.py
[2026-09-11T20:08:19.032+0000] {processor.py:925} INFO - DAG(s) 'credit_risk_analysis_pipeline' retrieved from /opt/airflow/dags/pipeline.py
[2026-09-11T20:08:19.089+0000] {logging_mixin.py:190} INFO - [2026-09-11T20:08:19.088+0000] {dag.py:3239} INFO - Sync 1 DAGs
[2026-09-11T20:08:19.120+0000] {logging_mixin.py:190} INFO - [2026-09-11T20:08:19.119+0000] {dag.py:4180} INFO - Setting next_dagrun for credit_risk_analysis_pipeline to None, run_after=None
[2026-09-11T20:08:19.173+0000] {processor.py:208} INFO - Processing /opt/airflow/dags/pipeline.py took 0.200 seconds
[2026-09-11T20:08:49.475+0000] {processor.py:186} INFO - Started process (PID=436) to work on /opt/airflow/dags/pipeline.py
[2026-09-11T20:08:49.478+0000] {processor.py:914} INFO - Processing file /opt/airflow/dags/pipeline.py for tasks to queue
[2026-09-11T20:08:49.484+0000] {logging_mixin.py:190} INFO - [2026-09-11T20:08:49.483+0000] {dagbag.py:588} INFO - Filling up the DagBag from /opt/airflow/dags/pipeline.py
[2026-09-11T20:08:49.518+0000] {processor.py:925} INFO - DAG(s) 'credit_risk_analysis_pipeline' retrieved from /opt/airflow/dags/pipeline.py
[2026-09-11T20:08:49.574+0000] {logging_mixin.py:190} INFO - [2026-09-11T20:08:49.574+0000] {dag.py:3239} INFO - Sync 1 DAGs
[2026-09-11T20:08:49.607+0000] {logging_mixin.py:190} INFO - [2026-09-11T20:08:49.606+0000] {dag.py:4180} INFO - Setting next_dagrun for credit_risk_analysis_pipeline to None, run_after=None
[2026-09-11T20:08:49.663+0000] {processor.py:208} INFO - Processing /opt/airflow/dags/pipeline.py took 0.202 seconds
[2026-09-11T20:09:19.948+0000] {processor.py:186} INFO - Started process (PID=437) to work on /opt/airflow/dags/pipeline.py
[2026-09-11T20:09:19.951+0000] {processor.py:914} INFO - Processing file /opt/airflow/dags/pipeline.py for tasks to queue
[2026-09-11T20:09:19.957+0000] {logging_mixin.py:190} INFO - [2026-09-11T20:09:19.956+0000] {dagbag.py:588} INFO - Filling up the DagBag from /opt/airflow/dags/pipeline.py
[2026-09-11T20:09:19.989+0000] {processor.py:925} INFO - DAG(s) 'credit_risk_analysis_pipeline' retrieved from /opt/airflow/dags/pipeline.py
[2026-09-11T20:09:20.050+0000] {logging_mixin.py:190} INFO - [2026-09-11T20:09:20.050+0000] {dag.py:3239} INFO - Sync 1 DAGs
[2026-09-11T20:09:20.083+0000] {logging_mixin.py:190} INFO - [2026-09-11T20:09:20.083+0000] {dag.py:4180} INFO - Setting next_dagrun for credit_risk_analysis_pipeline to None, run_after=None
[2026-09-11T20:09:20.133+0000] {processor.py:208} INFO - Processing /opt/airflow/dags/pipeline.py took 0.198 seconds
